0.1 2097152
508.0 67108864
34524.7 2097152
34525.3 67108864
67629.4 2097152
67637.8 67108864
77970.4 2097152
77970.6 67108864
86677.8 2097152
86678.2 67108864
89102.0 2097152
89102.1 67108864
91633.5 2097152
91633.7 67108864
92229.2 2097152
92229.2 67108864
92886.7 2097152
92886.9 67108864
93039.1 2097152
93039.2 67108864
93201.9 2097152
93202.1 31563776
93226.0 2097152
93226.1 31563776
93252.2 2097152
93252.3 9928704
93259.0 2097152
93259.0 9928704
93265.5 2097152
93265.5 4145152
93267.2 2097152
93267.2 4145152
93268.9 2097152
93268.9 2616320
93269.4 2097152
93269.4 2616320
93269.8 2097152
93269.9 2200576
93270.0 2097152
93270.1 2200576
93270.3 2097152
93270.4 2128384
93270.5 2097152
93270.6 2128384
93270.6 2097152
93270.8 2103424
93270.8 2097152
93270.8 2103424
93270.9 2097152
93274.9 2106496
93275.0 2097152
93275.0 2106496
93275.0 2097152
93275.1 2100672
93275.1 2097152
93275.1 2100672
93275.1 2097152
93275.2 2098464
93275.2 2097152
93275.2 2098464
93275.2 2097152
93275.3 2117632
93275.3 2097152
93275.3 2117632
93275.4 2097152
93275.4 2104192
93275.5 2097152
93275.5 2104192
93275.5 2097152
93275.5 2099520
93275.5 2097152
93275.6 2099520
93275.6 2097152
93275.6 2100352
93275.6 2097152
93275.7 2100352
93275.7 2097152
93275.7 2253312
93275.9 2097152
93275.9 2253312
93276.1 2097152
93276.1 2135552
93276.2 2097152
93276.2 2135552
93276.3 2097152
93276.3 2107776
93276.3 2097152
93276.4 2107776
93276.4 2097152
93276.4 2099648
93276.5 2097152
93276.5 2099648
93276.5 2097152
93276.5 2099968
93276.6 2097152
93276.6 2099968
93276.6 2097152
93276.7 2105728
93276.7 2097152
93276.7 2105728
93276.7 2097152
93276.8 2099840
93276.8 2097152
93276.8 2099840
93276.9 2097152
93276.9 2136832
93276.9 2097152
93277.0 2136832
93277.0 2097152
93277.1 2104576
93277.1 2097152
93277.1 2104576
93277.1 2097152
93277.2 2099584
93277.2 2097152
93277.2 2099584
93277.3 2097152
93277.3 2109568
93277.3 2097152
93277.3 2109568
93277.4 2097152
93277.4 2101632
93277.4 2097152
93277.4 2101632
93277.4 2097152
93277.5 2099008
93277.5 2097152
93277.5 2099008
93277.6 2097152
93277.6 2097712
93277.6 2097152
93277.7 2097712
93277.7 2097152
93277.7 2601984
93278.2 2097152
93278.2 2601984
93278.6 2097152
93278.6 2239488
93278.8 2097152
93278.8 2239488
93279.0 2097152
93279.0 2135808
93279.0 2097152
93279.1 2135808
93279.1 2097152
93279.1 2106624
93279.2 2097152
93279.2 2106624
93279.2 2097152
93279.2 2100480
93279.3 2097152
93279.3 2100480
93279.4 2097152
93279.4 2098624
93279.5 2097152
93279.5 2098624
93279.5 2097152
93279.6 2107008
93279.6 2097152
93279.6 2107008
93279.7 2097152
93279.7 2099456
93279.7 2097152
93279.7 2099456
93279.8 2097152
93279.8 2099776
93279.9 2097152
93279.9 2099776
93279.9 2097152
93279.9 2129664
93280.0 2097152
93280.0 2129664
93280.1 2097152
93280.1 2108288
93280.2 2097152
93280.2 2108288
93280.2 2097152
93280.2 2100480
93280.3 2097152
93280.3 2100480
93280.3 2097152
93280.4 2099392
93280.4 2097152
93280.4 2099392
93280.4 2097152
93280.5 2102272
93280.5 2097152
93280.5 2102272
93280.6 2097152
93280.6 2207232
93280.8 2097152
93280.8 2207232
93280.9 2097152
93281.0 2123776
93281.0 2097152
93281.1 2123776
93281.2 2097152
93281.2 2101888
93281.3 2097152
93281.3 2101888
93281.4 2097152
93281.5 2105728
93281.6 2097152
93281.7 2105728
93281.8 2097152
93281.9 2100608
93281.9 2097152
93281.9 2100608
93282.0 2097152
93282.0 2125568
93282.0 2097152
93282.1 2125568
93282.1 2097152
93282.2 2105984
93282.2 2097152
93282.2 2105984
93282.3 2097152
93282.3 2099712
93282.3 2097152
93282.4 2099712
93282.4 2097152
93282.4 2102528
93282.5 2097152
93282.5 2102528
93282.5 2097152
93282.6 3964928
93285.6 2097152
93285.7 3964928
93288.3 2097152
93288.5 2507776
93289.3 2097152
93289.5 2507776
93290.4 2097152
93290.6 2202112
93290.8 2097152
93290.8 2202112
93290.9 2097152
93291.0 2132736
93291.1 2097152
93291.3 2132736
93291.4 2097152
93291.5 2108160
93291.6 2097152
93291.6 2108160
93291.7 2097152
93291.8 2100672
93291.9 2097152
93291.9 2100672
93292.0 2097152
93292.1 2103936
93292.1 2097152
93292.2 2103936
93292.3 2097152
93292.4 2099776
93292.5 2097152
93292.5 2099776
93292.6 2097152
93292.6 2114048
93292.7 2097152
93292.7 2114048
93292.7 2097152
93292.8 2101760
93292.8 2097152
93292.8 2101760
93292.9 2097152
93292.9 2100992
93292.9 2097152
93293.0 2100992
93293.0 2097152
93293.1 2197504
93293.2 2097152
93293.2 2197504
93293.3 2097152
93293.3 2121472
93293.4 2097152
93293.4 2121472
93293.4 2097152
93293.5 2103040
93293.5 2097152
93293.5 2103040
93293.6 2097152
93293.6 2099520
93293.6 2097152
93293.7 2099520
93293.7 2097152
93293.7 2103424
93293.8 2097152
93293.8 2103424
93293.9 2097152
93293.9 2123008
93293.9 2097152
93294.0 2123008
93294.0 2097152
93294.0 2103552
93294.1 2097152
93294.1 2103552
93294.2 2097152
93294.2 2099264
93294.2 2097152
93294.3 2099264
93294.3 2097152
93294.3 2103680
93294.4 2097152
93294.4 2103680
93294.4 2097152
93294.5 2620416
93294.7 2097152
93294.8 2620416
93295.1 2097152
93295.1 2256896
93295.2 2097152
93295.2 2256896
93295.3 2097152
93295.4 2141696
93295.4 2097152
93295.5 2141696
93295.5 2097152
93295.6 2105856
93295.6 2097152
93295.6 2105856
93295.7 2097152
93295.7 2099712
93295.7 2097152
93295.8 2099712
93295.8 2097152
93295.9 2110720
93295.9 2097152
93295.9 2110720
93296.0 2097152
93296.0 2099968
93296.0 2097152
93296.1 2099968
93296.1 2097152
93296.1 2101120
93296.2 2097152
93296.2 2101120
93296.3 2097152
93296.3 2098496
93296.3 2097152
93296.4 2098496
93296.4 2097152
93296.4 2132480
93296.5 2097152
93296.5 2132480
93296.6 2097152
93296.6 2106752
93296.6 2097152
93296.7 2106752
93296.7 2097152
93296.8 2100096
93296.8 2097152
93296.8 2100096
93296.9 2097152
93296.9 2098208
93296.9 2097152
93297.0 2098208
93297.0 2097152
93297.0 2105216
93297.1 2097152
93297.1 2105216
93297.2 2097152
93297.2 2100160
93297.2 2097152
93297.3 2100160
93297.3 2097152
93297.4 2199040
93297.4 2097152
93297.5 2199040
93297.6 2097152
93297.6 2132224
93297.8 2097152
93297.8 2132224
93297.9 2097152
93297.9 2106240
93298.0 2097152
93298.0 2106240
93298.1 2097152
93298.1 2099264
93298.1 2097152
93298.2 2099264
93298.2 2097152
93298.3 2099584
93298.3 2097152
93298.3 2099584
93298.4 2097152
93298.4 2105600
93298.4 2097152
93298.5 2105600
93298.5 2097152
93298.5 2099968
93298.6 2097152
93298.6 2099968
93298.7 2097152
93298.8 2113024
93298.8 2097152
93298.9 2113024
93298.9 2097152
93298.9 2099584
93299.0 2097152
93299.0 2099584
93299.0 2097152
93299.0 2102656
93299.1 2097152
93299.1 2102656
93299.1 2097152
93299.1 8998912
93305.4 2097152
93305.4 8998912
93311.8 2097152
93311.9 3721216
93313.4 2097152
93313.5 3721216
93315.2 2097152
93315.3 2557952
93316.0 2097152
93316.1 2557952
93316.9 2097152
93317.3 2210816
93317.8 2097152
93318.1 2210816
93318.6 2097152
93318.8 2126080
93318.9 2097152
93318.9 2126080
93319.0 2097152
93319.0 2102912
93319.1 2097152
93319.1 2102912
93319.2 2097152
93319.2 2099264
93319.2 2097152
93319.3 2099264
93319.3 2097152
93319.4 2105856
93319.4 2097152
93319.5 2105856
93319.6 2097152
93319.6 2100032
93319.6 2097152
93319.7 2100032
93319.7 2097152
93319.7 2125056
93319.8 2097152
93319.9 2125056
93319.9 2097152
93320.0 2106112
93320.0 2097152
93320.1 2106112
93320.1 2097152
93320.1 2101376
93320.2 2097152
93320.2 2101376
93320.3 2097152
93320.3 2098464
93320.3 2097152
93320.4 2098464
93320.4 2097152
93320.5 2102144
93320.5 2097152
93320.5 2102144
93320.6 2097152
93320.6 2213888
93320.8 2097152
93320.8 2213888
93320.9 2097152
93321.0 2135552
93321.0 2097152
93321.1 2135552
93321.2 2097152
93321.2 2101376
93321.3 2097152
93321.3 2101376
93321.4 2097152
93321.4 2112128
93321.4 2097152
93321.5 2112128
93321.5 2097152
93321.6 2102080
93321.6 2097152
93321.6 2102080
93321.7 2097152
93321.7 2098720
93321.8 2097152
93321.8 2098720
93321.8 2097152
93321.9 2097744
93321.9 2097152
93321.9 2097744
93322.0 2097152
93322.0 2099712
93322.1 2097152
93322.1 2099712
93322.1 2097152
93322.2 2117120
93322.2 2097152
93322.3 2117120
93322.3 2097152
93322.4 2102144
93322.4 2097152
93322.4 2102144
93322.5 2097152
93322.5 2102144
93322.6 2097152
93322.6 2102144
93322.6 2097152
93322.7 2448384
93323.1 2097152
93323.1 2448384
93323.5 2097152
93323.5 2195456
93323.6 2097152
93323.7 2195456
93323.8 2097152
93323.9 2113792
93323.9 2097152
93324.0 2113792
93324.0 2097152
93324.1 2101632
93324.1 2097152
93324.1 2101632
93324.2 2097152
93324.2 2100992
93324.3 2097152
93324.3 2100992
93324.4 2097152
93324.4 2129664
93324.5 2097152
93324.5 2129664
93324.6 2097152
93324.6 2102400
93324.7 2097152
93324.7 2102400
93324.8 2097152
93324.8 2108160
93324.8 2097152
93324.9 2108160
93324.9 2097152
93325.0 2101504
93325.0 2097152
93325.0 2101504
93325.1 2097152
93325.1 2098688
93325.2 2097152
93325.2 2098688
93325.2 2097152
93325.3 2097840
93325.3 2097152
93325.3 2097840
93325.4 2097152
93325.4 2174464
93325.5 2097152
93325.6 2174464
93325.7 2097152
93325.7 2109696
93325.7 2097152
93325.8 2109696
93325.8 2097152
93325.9 2099584
93325.9 2097152
93326.0 2099584
93326.0 2097152
93326.1 2100992
93326.1 2097152
93326.1 2100992
93326.2 2097152
93326.2 2123264
93326.3 2097152
93326.3 2123264
93326.4 2097152
93326.4 2105216
93326.5 2097152
93326.5 2105216
93326.5 2097152
93326.6 2099456
93326.6 2097152
93326.6 2099456
93326.7 2097152
93326.7 2102144
93326.8 2097152
93326.8 2102144
93326.8 2097152
93326.9 3923968
93328.5 2097152
93328.5 3923968
93330.5 2097152
93330.6 2568192
93331.6 2097152
93331.7 2568192
93332.9 2097152
93333.0 2194432
93333.3 2097152
93333.3 2194432
93333.6 2097152
93333.7 2130944
93333.8 2097152
93333.9 2130944
93334.0 2097152
93334.0 2105984
93334.1 2097152
93334.2 2105984
93334.4 2097152
93334.4 2100096
93334.5 2097152
93334.5 2100096
93334.6 2097152
93334.6 2105216
93334.7 2097152
93334.7 2105216
93334.7 2097152
93334.8 2099264
93334.8 2097152
93334.9 2099264
93334.9 2097152
93335.0 2112000
93335.0 2097152
93335.1 2112000
93335.1 2097152
93335.2 2100608
93335.2 2097152
93335.3 2100608
93335.3 2097152
93335.4 2101120
93335.4 2097152
93335.4 2101120
93335.5 2097152
93335.6 2235392
93335.8 2097152
93335.9 2235392
93336.1 2097152
93336.1 2122752
93336.2 2097152
93336.3 2122752
93336.3 2097152
93336.4 2105216
93336.4 2097152
93336.5 2105216
93336.5 2097152
93336.6 2099776
93336.6 2097152
93336.7 2099776
93336.7 2097152
93336.8 2101888
93336.8 2097152
93336.9 2101888
93336.9 2097152
93337.0 2140672
93337.1 2097152
93337.1 2140672
93337.2 2097152
93337.3 2104960
93337.3 2097152
93337.4 2104960
93337.4 2097152
93337.5 2099264
93337.5 2097152
93337.6 2099264
93337.7 2097152
93337.7 2111104
93337.8 2097152
93337.8 2111104
93337.9 2097152
93337.9 2100672
93338.0 2097152
93338.0 2100672
93338.1 2097152
93338.1 2100608
93338.2 2097152
93338.2 2100608
93338.3 2097152
93338.3 2539520
93339.0 2097152
93339.0 2539520
93339.7 2097152
93339.7 2211840
93339.9 2097152
93340.0 2211840
93340.4 2097152
93340.6 2132992
93340.8 2097152
93340.9 2132992
93341.1 2097152
93341.1 2106752
93341.2 2097152
93341.3 2106752
93341.4 2097152
93341.5 2100096
93341.6 2097152
93341.6 2100096
93341.6 2097152
93341.7 2105472
93341.7 2097152
93341.8 2105472
93341.8 2097152
93341.9 2100224
93341.9 2097152
93342.0 2100224
93342.0 2097152
93342.0 2118656
93342.1 2097152
93342.2 2118656
93342.2 2097152
93342.3 2103040
93342.3 2097152
93342.5 2103040
93342.5 2097152
93342.6 2102016
93342.6 2097152
93342.7 2102016
93342.7 2097152
93342.8 2203648
93343.0 2097152
93343.0 2203648
93343.2 2097152
93343.3 2129408
93343.5 2097152
93343.5 2129408
93343.6 2097152
93343.7 2106752
93343.8 2097152
93343.9 2106752
93343.9 2097152
93344.0 2099904
93344.1 2097152
93344.1 2099904
93344.2 2097152
93344.2 2103680
93344.3 2097152
93344.3 2103680
93344.4 2097152
93344.4 2118144
93344.5 2097152
93344.5 2118144
93344.6 2097152
93344.6 2100096
93344.7 2097152
93344.7 2100096
93344.8 2097152
93344.8 2104704
93344.9 2097152
93344.9 2104704
93345.0 2097152
93345.0 34177024
93381.7 2097152
93381.8 34177024
93425.5 2097152
93425.6 10760192
93436.6 2097152
93436.7 10760192
93446.9 2097152
93447.0 4468736
93450.1 2097152
93450.2 4468736
93453.0 2097152
93453.1 2761728
93454.3 2097152
93454.4 2761728
93455.5 2097152
93455.6 2269184
93455.9 2097152
93456.2 2269184
93456.8 2097152
93456.9 2122752
93457.0 2097152
93457.1 2122752
93457.2 2097152
93457.3 2103296
93457.4 2097152
93457.5 2103296
93457.6 2097152
93457.8 2103808
93457.9 2097152
93457.9 2103808
93458.0 2097152
93458.0 2157568
93458.2 2097152
93458.2 2157568
93458.3 2097152
93458.4 2112384
93458.5 2097152
93458.6 2112384
93458.8 2097152
93458.8 2099328
93458.9 2097152
93458.9 2099328
93459.0 2097152
93459.0 2102592
93459.0 2097152
93459.1 2102592
93459.1 2097152
93459.2 2098624
93459.2 2097152
93459.3 2098624
93459.3 2097152
93459.4 2098400
93459.5 2097152
93459.5 2098400
93459.6 2097152
93459.6 2112128
93459.7 2097152
93459.7 2112128
93459.8 2097152
93459.8 2101504
93459.8 2097152
93459.9 2101504
93459.9 2097152
93460.0 2098304
93460.0 2097152
93460.0 2098304
93460.1 2097152
93460.1 2100288
93460.2 2097152
93460.2 2100288
93460.3 2097152
93460.3 2257408
93460.6 2097152
93460.6 2257408
93460.9 2097152
93460.9 2131968
93461.1 2097152
93461.1 2131968
93461.2 2097152
93461.5 2107008
93461.6 2097152
93461.6 2107008
93461.7 2097152
93462.0 2099712
93462.1 2097152
93462.3 2099712
93462.3 2097152
93462.4 2099520
93462.4 2097152
93462.4 2099520
93462.4 2097152
93462.5 2104704
93462.5 2097152
93462.5 2104704
93462.5 2097152
93462.6 2099584
93462.6 2097152
93462.6 2099584
93462.6 2097152
93462.7 2142464
93462.7 2097152
93462.7 2142464
93462.8 2097152
93462.8 2107520
93462.8 2097152
93462.8 2107520
93462.9 2097152
93462.9 2100096
93462.9 2097152
93462.9 2100096
93463.0 2097152
93463.0 2099392
93463.0 2097152
93463.0 2099392
93463.1 2097152
93463.1 2109440
93463.1 2097152
93463.1 2109440
93463.2 2097152
93463.2 2100608
93463.2 2097152
93463.2 2100608
93463.3 2097152
93463.3 2099840
93463.3 2097152
93463.4 2099840
93463.4 2097152
93463.4 2098208
93463.4 2097152
93463.4 2098208
93463.5 2097152
93463.5 2618368
93463.8 2097152
93463.9 2618368
93464.3 2097152
93464.4 2223104
93464.6 2097152
93464.7 2223104
93464.9 2097152
93464.9 2127616
93465.0 2097152
93465.0 2127616
93465.0 2097152
93465.1 2106496
93465.1 2097152
93465.1 2106496
93465.2 2097152
93465.2 2099904
93465.2 2097152
93465.2 2099904
93465.3 2097152
93465.3 2103040
93465.3 2097152
93465.4 2103040
93465.4 2097152
93465.4 2129664
93465.5 2097152
93465.5 2129664
93465.5 2097152
93465.6 2105600
93465.6 2097152
93465.6 2105600
93465.6 2097152
93465.7 2099328
93465.7 2097152
93465.7 2099328
93465.8 2097152
93465.8 2104960
93465.8 2097152
93465.8 2104960
93465.9 2097152
93465.9 2099840
93465.9 2097152
93466.0 2099840
93466.0 2097152
93466.1 2231808
93466.2 2097152
93466.2 2231808
93466.3 2097152
93466.3 2126080
93466.4 2097152
93466.5 2126080
93466.6 2097152
93466.7 2105728
93466.7 2097152
93466.7 2105728
93466.8 2097152
93466.8 2099904
93466.8 2097152
93466.8 2099904
93466.9 2097152
93466.9 2103040
93466.9 2097152
93466.9 2103040
93467.0 2097152
93467.0 2135552
93467.1 2097152
93467.1 2135552
93467.1 2097152
93467.2 2110976
93467.2 2097152
93467.2 2110976
93467.3 2097152
93467.3 2099520
93467.3 2097152
93467.3 2099520
93467.4 2097152
93467.4 2101696
93467.4 2097152
93467.5 2101696
93467.6 2097152
93467.7 2099168
93467.8 2097152
93467.8 2099168
93467.8 2097152
93467.8 2097888
93467.9 2097152
93467.9 2097888
93467.9 2097152
93467.9 2102528
93468.0 2097152
93468.0 2102528
93468.0 2097152
93468.1 4057088
93468.9 2097152
93468.9 4057088
93469.9 2097152
93470.0 2611200
93470.3 2097152
93470.4 2611200
93470.9 2097152
93471.0 2260480
93471.1 2097152
93471.3 2260480
93471.5 2097152
93471.6 2125312
93471.7 2097152
93471.8 2125312
93471.8 2097152
93471.9 2104064
93471.9 2097152
93471.9 2104064
93471.9 2097152
93472.0 2099520
93472.0 2097152
93472.0 2099520
93472.0 2097152
93472.1 2104320
93472.1 2097152
93472.2 2104320
93472.2 2097152
93472.2 2099264
93472.4 2097152
93472.4 2099264
93472.5 2097152
93472.7 2150656
93472.8 2097152
93472.9 2150656
93472.9 2097152
93472.9 2109056
93473.0 2097152
93473.0 2109056
93473.0 2097152
93473.0 2099840
93473.1 2097152
93473.1 2099840
93473.1 2097152
93473.2 2098208
93473.2 2097152
93473.2 2098208
93473.2 2097152
93473.3 2100416
93473.3 2097152
93473.3 2100416
93473.3 2097152
93473.4 2112000
93473.4 2097152
93473.4 2112000
93473.5 2097152
93473.5 2100608
93473.5 2097152
93473.5 2100608
93473.6 2097152
93473.6 2098496
93473.7 2097152
93473.7 2098496
93473.7 2097152
93473.7 2101120
93473.8 2097152
93473.8 2101120
93473.8 2097152
93473.9 2098528
93473.9 2097152
93474.0 2098528
93474.0 2097152
93474.0 2097680
93474.0 2097152
93474.1 2097680
93474.1 2097152
93474.1 2190848
93474.2 2097152
93474.2 2190848
93474.3 2097152
93474.3 2121472
93474.4 2097152
93474.4 2121472
93474.5 2097152
93474.5 2104960
93474.6 2097152
93474.6 2104960
93474.7 2097152
93474.8 2101504
93474.8 2097152
93474.9 2101504
93474.9 2097152
93475.0 2119680
93475.1 2097152
93475.1 2119680
93475.2 2097152
93475.3 2103424
93475.3 2097152
93475.4 2103424
93475.4 2097152
93475.5 2102144
93475.5 2097152
93475.6 2102144
93475.6 2097152
93475.7 2563072
93476.4 2097152
93476.5 2563072
93477.1 2097152
93477.3 2240000
93477.7 2097152
93477.8 2240000
93478.0 2097152
93478.0 2128896
93478.1 2097152
93478.1 2128896
93478.2 2097152
93478.3 2106752
93478.4 2097152
93478.4 2106752
93478.4 2097152
93478.5 2099520
93478.5 2097152
93478.5 2099520
93478.6 2097152
93478.6 2099584
93478.6 2097152
93478.6 2099584
93478.7 2097152
93478.7 2103424
93478.7 2097152
93478.7 2103424
93478.8 2097152
93478.8 2099264
93478.9 2097152
93478.9 2099264
93479.0 2097152
93479.0 2136832
93479.2 2097152
93479.2 2136832
93479.3 2097152
93479.4 2109440
93479.4 2097152
93479.5 2109440
93479.6 2097152
93479.6 2100160
93479.7 2097152
93479.7 2100160
93479.8 2097152
93479.8 2100288
93479.9 2097152
93479.9 2100288
93480.0 2097152
93480.0 2098240
93480.0 2097152
93480.1 2098240
93480.2 2097152
93480.2 2104704
93480.3 2097152
93480.3 2104704
93480.4 2097152
93480.4 2099264
93480.5 2097152
93480.5 2099264
93480.5 2097152
93480.6 2187264
93480.8 2097152
93480.8 2187264
93481.0 2097152
93481.1 2120704
93481.2 2097152
93481.2 2120704
93481.3 2097152
93481.4 2105088
93481.4 2097152
93481.5 2105088
93481.5 2097152
93481.6 2099712
93481.6 2097152
93481.7 2099712
93481.7 2097152
93481.8 2100992
93481.8 2097152
93481.9 2100992
93481.9 2097152
93482.0 2118656
93482.1 2097152
93482.1 2118656
93482.2 2097152
93482.3 2102784
93482.3 2097152
93482.4 2102784
93482.4 2097152
93482.5 2102272
93482.5 2097152
93482.6 2102272
93482.6 2097152
93482.7 9474048
93492.8 2097152
93492.8 9474048
93503.2 2097152
93503.5 3874816
93504.4 2097152
93504.6 3874816
93506.5 2097152
93506.6 2469888
93507.1 2097152
93507.4 2469888
93508.2 2097152
93508.6 2171904
93509.0 2097152
93509.2 2171904
93509.6 2097152
93509.9 2118400
93510.0 2097152
93510.1 2118400
93510.5 2097152
93511.0 2101888
93511.1 2097152
93511.2 2101888
93511.3 2097152
93511.5 2103040
93511.5 2097152
93511.6 2103040
93511.7 2097152
93511.8 2113280
93511.8 2097152
93511.8 2113280
93511.9 2097152
93511.9 2101120
93512.0 2097152
93512.0 2101120
93512.1 2097152
93512.1 2101248
93512.2 2097152
93512.2 2101248
93512.2 2097152
93512.3 2208768
93512.4 2097152
93512.5 2208768
93512.6 2097152
93512.7 2132224
93512.8 2097152
93512.8 2132224
93512.9 2097152
93512.9 2104064
93513.0 2097152
93513.0 2104064
93513.0 2097152
93513.1 2099392
93513.1 2097152
93513.2 2099392
93513.2 2097152
93513.2 2107776
93513.3 2097152
93513.3 2107776
93513.4 2097152
93513.4 2100736
93513.5 2097152
93513.5 2100736
93513.5 2097152
93513.6 2098272
93513.6 2097152
93513.7 2098272
93513.7 2097152
93513.7 2117888
93513.8 2097152
93513.8 2117888
93513.9 2097152
93513.9 2102912
93514.0 2097152
93514.0 2102912
93514.0 2097152
93514.1 2101760
93514.1 2097152
93514.2 2101760
93514.2 2097152
93514.3 2613248
93514.8 2097152
93514.8 2613248
93515.3 2097152
93515.3 2215424
93515.5 2097152
93515.5 2215424
93515.7 2097152
93515.7 2121728
93515.8 2097152
93515.8 2121728
93515.9 2097152
93515.9 2103040
93515.9 2097152
93516.0 2103040
93516.0 2097152
93516.1 2103552
93516.1 2097152
93516.1 2103552
93516.2 2097152
93516.2 2131712
93516.3 2097152
93516.3 2131712
93516.4 2097152
93516.4 2105728
93516.5 2097152
93516.5 2105728
93516.6 2097152
93516.6 2100416
93516.6 2097152
93516.7 2100416
93516.7 2097152
93516.8 2105856
93516.8 2097152
93516.8 2105856
93516.9 2097152
93516.9 2099584
93517.0 2097152
93517.0 2099584
93517.1 2097152
93517.1 2236928
93517.3 2097152
93517.3 2236928
93517.5 2097152
93517.5 2127360
93517.6 2097152
93517.6 2127360
93517.7 2097152
93517.7 2102272
93517.8 2097152
93517.8 2102272
93517.9 2097152
93517.9 2099264
93518.0 2097152
93518.0 2099264
93518.0 2097152
93518.1 2107136
93518.1 2097152
93518.2 2107136
93518.2 2097152
93518.3 2100224
93518.3 2097152
93518.3 2100224
93518.4 2097152
93518.4 2098272
93518.5 2097152
93518.5 2098272
93518.5 2097152
93518.6 2136832
93518.6 2097152
93518.7 2136832
93518.8 2097152
93518.8 2107136
93518.8 2097152
93518.9 2107136
93518.9 2097152
93519.0 2100032
93519.0 2097152
93519.0 2100032
93519.1 2097152
93519.1 2099264
93519.2 2097152
93519.2 2099264
93519.2 2097152
93519.3 2107008
93519.3 2097152
93519.4 2107008
93519.4 2097152
93519.4 2100736
93519.5 2097152
93519.5 2100736
93519.6 2097152
93519.6 2098304
93519.7 2097152
93519.7 2098304
93519.7 2097152
93519.8 4007936
93521.5 2097152
93521.6 4007936
93523.5 2097152
93523.6 2594816
93524.3 2097152
93524.4 2594816
93525.2 2097152
93525.3 2255872
93525.8 2097152
93525.9 2255872
93526.1 2097152
93526.2 2130176
93526.4 2097152
93526.5 2130176
93526.7 2097152
93526.7 2107392
93526.8 2097152
93526.8 2107392
93526.9 2097152
93526.9 2101248
93527.0 2097152
93527.0 2101248
93527.0 2097152
93527.1 2098336
93527.1 2097152
93527.2 2098336
93527.2 2097152
93527.3 2103424
93527.3 2097152
93527.3 2103424
93527.4 2097152
93527.4 2143488
93527.5 2097152
93527.5 2143488
93527.6 2097152
93527.7 2110080
93527.7 2097152
93527.8 2110080
93527.8 2097152
93527.8 2100032
93527.9 2097152
93527.9 2100032
93528.0 2097152
93528.0 2100736
93528.0 2097152
93528.1 2100736
93528.2 2097152
93528.2 2098208
93528.2 2097152
93528.3 2098208
93528.3 2097152
93528.4 2107392
93528.4 2097152
93528.5 2107392
93528.5 2097152
93528.6 2100480
93528.6 2097152
93528.6 2100480
93528.7 2097152
93528.7 2098240
93528.8 2097152
93528.8 2098240
93528.9 2097152
93528.9 2187264
93529.0 2097152
93529.1 2187264
93529.3 2097152
93529.3 2111488
93529.4 2097152
93529.4 2111488
93529.5 2097152
93529.5 2100352
93529.5 2097152
93529.6 2100352
93529.6 2097152
93529.7 2101120
93529.7 2097152
93529.8 2101120
93529.8 2097152
93529.9 2127872
93529.9 2097152
93530.0 2127872
93530.1 2097152
93530.1 2105728
93530.2 2097152
93530.2 2105728
93530.3 2097152
93530.3 2099584
93530.4 2097152
93530.4 2099584
93530.5 2097152
93530.5 2103936
93530.6 2097152
93530.6 2103936
93530.7 2097152
93530.7 2554880
93531.4 2097152
93531.5 2554880
93532.3 2097152
93532.3 2216448
93532.6 2097152
93532.7 2216448
93533.0 2097152
93533.0 2125568
93533.2 2097152
93533.3 2125568
93533.5 2097152
93533.5 2103040
93533.6 2097152
93533.6 2103040
93533.7 2097152
93533.7 2105472
93533.8 2097152
93533.8 2105472
93533.9 2097152
93533.9 2099712
93534.0 2097152
93534.0 2099712
93534.0 2097152
93534.1 2128384
93534.2 2097152
93534.3 2128384
93534.4 2097152
93534.4 2106240
93534.5 2097152
93534.5 2106240
93534.6 2097152
93534.6 2100352
93534.7 2097152
93534.7 2100352
93534.8 2097152
93534.8 2103680
93534.9 2097152
93534.9 2103680
93535.0 2097152
93535.0 2099328
93535.1 2097152
93535.1 2099328
93535.2 2097152
93535.2 2206720
93535.5 2097152
93535.5 2206720
93535.7 2097152
93535.7 2131712
93535.9 2097152
93535.9 2131712
93536.0 2097152
93536.1 2106240
93536.2 2097152
93536.3 2106240
93536.5 2097152
93536.5 2099648
93536.6 2097152
93536.6 2099648
93536.7 2097152
93536.7 2105344
93536.8 2097152
93536.8 2105344
93536.9 2097152
93536.9 2117376
93537.0 2097152
93537.0 2117376
93537.1 2097152
93537.2 2104064
93537.2 2097152
93537.2 2104064
93537.3 2097152
93537.3 2099648
93537.4 2097152
93537.4 2099648
93537.5 2097152
93537.5 2100352
93537.6 2097152
93537.6 2100352
93537.7 2097152
93537.7 67108864
93707.8 2097152
93707.9 67108864
93870.3 2097152
93870.6 36659200
93907.9 2097152
93908.0 36659200
93944.0 2097152
93944.2 10883072
93953.3 2097152
93953.7 10883072
93963.0 2097152
93963.1 4583424
93966.3 2097152
93966.4 4583424
93969.5 2097152
93969.6 2629632
93970.6 2097152
93970.7 2629632
93971.6 2097152
93971.7 2191872
93972.1 2097152
93972.2 2191872
93972.7 2097152
93972.9 2122752
93972.9 2097152
93973.0 2122752
93973.1 2097152
93973.1 2102528
93973.2 2097152
93973.3 2102528
93973.4 2097152
93973.4 2104576
93973.5 2097152
93973.5 2104576
93973.6 2097152
93973.6 2099520
93973.6 2097152
93973.7 2099520
93973.7 2097152
93973.8 2118912
93973.8 2097152
93973.9 2118912
93973.9 2097152
93974.0 2100352
93974.0 2097152
93974.1 2100352
93974.1 2097152
93974.2 2104832
93974.2 2097152
93974.2 2104832
93974.3 2097152
93974.4 2268672
93974.6 2097152
93974.7 2268672
93974.9 2097152
93974.9 2149120
93975.1 2097152
93975.2 2149120
93975.6 2097152
93975.7 2108416
93975.8 2097152
93975.9 2108416
93976.1 2097152
93976.3 2100672
93976.7 2097152
93976.9 2100672
93977.0 2097152
93977.1 2098400
93977.5 2097152
93977.6 2098400
93977.6 2097152
93977.6 2099264
93977.7 2097152
93977.8 2099264
93977.8 2097152
93977.9 2111872
93977.9 2097152
93978.0 2111872
93978.0 2097152
93978.0 2102976
93978.1 2097152
93978.1 2102976
93978.2 2097152
93978.2 2099424
93978.3 2097152
93978.3 2099424
93978.3 2097152
93978.4 2097840
93978.4 2097152
93978.5 2097840
93978.5 2097152
93978.5 2130944
93978.6 2097152
93978.6 2130944
93978.7 2097152
93978.8 2104832
93978.8 2097152
93978.8 2104832
93978.9 2097152
93978.9 2099584
93979.0 2097152
93979.0 2099584
93979.0 2097152
93979.1 2106368
93979.1 2097152
93979.2 2106368
93979.2 2097152
93979.2 2100352
93979.3 2097152
93979.3 2100352
93979.4 2097152
93979.4 2098272
93979.4 2097152
93979.5 2098272
93979.5 2097152
93979.6 2807808
93980.2 2097152
93980.2 2807808
93980.8 2097152
93980.9 2293248
93981.1 2097152
93981.1 2293248
93981.3 2097152
93981.3 2158080
93981.4 2097152
93981.5 2158080
93981.5 2097152
93981.6 2115200
93981.6 2097152
93981.7 2115200
93981.7 2097152
93981.7 2099840
93981.8 2097152
93981.8 2099840
93981.9 2097152
93981.9 2103488
93981.9 2097152
93982.0 2103488
93982.0 2097152
93982.1 2098208
93982.1 2097152
93982.1 2098208
93982.2 2097152
93982.2 2099264
93982.2 2097152
93982.3 2099264
93982.3 2097152
93982.4 2097856
93982.4 2097152
93982.4 2097856
93982.6 2097152
93982.6 2109568
93982.8 2097152
93982.8 2109568
93982.9 2097152
93983.0 2101952
93983.1 2097152
93983.1 2101952
93983.2 2097152
93983.2 2098560
93983.3 2097152
93983.3 2098560
93983.4 2097152
93983.4 2097712
93983.4 2097152
93983.5 2097712
93983.5 2097152
93983.6 2134272
93983.6 2097152
93983.7 2134272
93983.7 2097152
93983.8 2108672
93983.8 2097152
93983.9 2108672
93983.9 2097152
93983.9 2100992
93984.0 2097152
93984.0 2100992
93984.1 2097152
93984.1 2098528
93984.1 2097152
93984.2 2098528
93984.2 2097152
93984.3 2104192
93984.3 2097152
93984.3 2104192
93984.4 2097152
93984.4 2099584
93984.5 2097152
93984.5 2099584
93984.5 2097152
93984.6 2256384
93984.8 2097152
93984.8 2256384
93985.0 2097152
93985.1 2133504
93985.2 2097152
93985.3 2133504
93985.3 2097152
93985.4 2103808
93985.4 2097152
93985.5 2103808
93985.5 2097152
93985.6 2099456
93985.6 2097152
93985.6 2099456
93985.7 2097152
93985.7 2108672
93985.8 2097152
93985.8 2108672
93985.9 2097152
93985.9 2100224
93986.0 2097152
93986.0 2100224
93986.1 2097152
93986.2 2098272
93986.2 2097152
93986.2 2098272
93986.3 2097152
93986.3 2099840
93986.4 2097152
93986.4 2099840
93986.4 2097152
93986.5 2140416
93986.6 2097152
93986.6 2140416
93986.7 2097152
93986.7 2107264
93986.8 2097152
93986.8 2107264
93986.8 2097152
93986.9 2099840
93986.9 2097152
93986.9 2099840
93987.0 2097152
93987.0 2099520
93987.1 2097152
93987.1 2099520
93987.1 2097152
93987.2 2108672
93987.2 2097152
93987.3 2108672
93987.3 2097152
93987.3 2099584
93987.4 2097152
93987.4 2099584
93987.4 2097152
93987.5 2100480
93987.5 2097152
93987.6 2100480
93987.6 2097152
93987.6 4003840
93989.2 2097152
93989.2 4003840
93991.2 2097152
93991.3 2702336
93992.1 2097152
93992.2 2702336
93992.9 2097152
93993.0 2248704
93993.3 2097152
93993.4 2248704
93993.8 2097152
93993.9 2146304
93994.0 2097152
93994.0 2146304
93994.1 2097152
93994.2 2104576
93994.4 2097152
93994.4 2104576
93994.5 2097152
93994.6 2114304
93994.7 2097152
93994.7 2114304
93994.8 2097152
93994.8 2103232
93994.8 2097152
93994.9 2103232
93995.0 2097152
93995.0 2099296
93995.0 2097152
93995.2 2099296
93995.2 2097152
93995.3 2097744
93995.3 2097152
93995.4 2097744
93995.5 2097152
93995.5 2099648
93995.6 2097152
93995.7 2099648
93995.7 2097152
93995.8 2123776
93995.8 2097152
93995.9 2123776
93995.9 2097152
93995.9 2104832
93996.0 2097152
93996.0 2104832
93996.1 2097152
93996.1 2102784
93996.2 2097152
93996.2 2102784
93996.2 2097152
93996.3 2099456
93996.3 2097152
93996.4 2099456
93996.4 2097152
93996.4 2248192
93996.6 2097152
93996.6 2248192
93996.8 2097152
93996.8 2143744
93996.9 2097152
93996.9 2143744
93997.0 2097152
93997.0 2107136
93997.1 2097152
93997.1 2107136
93997.1 2097152
93997.2 2101120
93997.2 2097152
93997.2 2101120
93997.3 2097152
93997.3 2098560
93997.4 2097152
93997.4 2098560
93997.4 2097152
93997.5 2097712
93997.5 2097152
93997.5 2097712
93997.6 2097152
93997.6 2110464
93997.7 2097152
93997.7 2110464
93997.7 2097152
93997.8 2102016
93997.8 2097152
93997.9 2102016
93997.9 2097152
93997.9 2098816
93998.0 2097152
93998.0 2098816
93998.0 2097152
93998.1 2097792
93998.1 2097152
93998.2 2097792
93998.2 2097152
93998.2 2126080
93998.3 2097152
93998.3 2126080
93998.4 2097152
93998.4 2104704
93998.5 2097152
93998.5 2104704
93998.6 2097152
93998.6 2099648
93998.6 2097152
93998.7 2099648
93998.7 2097152
93998.7 2104064
93998.8 2097152
93998.8 2104064
93998.9 2097152
93998.9 2445312
93999.2 2097152
93999.2 2445312
93999.5 2097152
93999.6 2194432
93999.8 2097152
93999.8 2194432
93999.9 2097152
94000.0 2128640
94000.0 2097152
94000.1 2128640
94000.1 2097152
94000.2 2106240
94000.2 2097152
94000.3 2106240
94000.3 2097152
94000.3 2100928
94000.4 2097152
94000.4 2100928
94000.4 2097152
94000.5 2098816
94000.5 2097152
94000.6 2098816
94000.6 2097152
94000.8 2097680
94000.8 2097152
94000.9 2097680
94000.9 2097152
94000.9 2103808
94001.0 2097152
94001.0 2103808
94001.1 2097152
94001.1 2114304
94001.1 2097152
94001.2 2114304
94001.2 2097152
94001.3 2101504
94001.3 2097152
94001.3 2101504
94001.4 2097152
94001.4 2101376
94001.5 2097152
94001.5 2101376
94001.5 2097152
94001.6 2173952
94001.7 2097152
94001.7 2173952
94001.8 2097152
94001.8 2122240
94001.9 2097152
94001.9 2122240
94002.0 2097152
94002.0 2103680
94002.1 2097152
94002.1 2103680
94002.1 2097152
94002.2 2099392
94002.2 2097152
94002.2 2099392
94002.3 2097152
94002.4 2103168
94002.5 2097152
94002.6 2103168
94002.6 2097152
94002.6 2110464
94002.7 2097152
94002.7 2110464
94002.8 2097152
94002.8 2099200
94002.8 2097152
94002.9 2099200
94002.9 2097152
94003.0 2101760
94003.0 2097152
94003.0 2101760
94003.1 2097152
94003.1 10592256
94010.8 2097152
94010.9 10592256
94018.5 2097152
94018.6 4143104
94020.7 2097152
94020.9 4143104
94023.0 2097152
94023.1 2589696
94023.9 2097152
94024.2 2589696
94025.1 2097152
94025.3 2209280
94025.8 2097152
94026.1 2209280
94026.5 2097152
94026.8 2127360
94027.0 2097152
94027.0 2127360
94027.1 2097152
94027.3 2104832
94027.5 2097152
94027.6 2104832
94027.8 2097152
94027.9 2099328
94027.9 2097152
94028.0 2099328
94028.0 2097152
94028.1 2104576
94028.1 2097152
94028.2 2104576
94028.3 2097152
94028.3 2099520
94028.4 2097152
94028.4 2099520
94028.4 2097152
94028.5 2123008
94028.5 2097152
94028.6 2123008
94028.6 2097152
94028.7 2103808
94028.7 2097152
94028.8 2103808
94028.8 2097152
94028.8 2099776
94028.9 2097152
94028.9 2099776
94029.0 2097152
94029.0 2103424
94029.0 2097152
94029.1 2103424
94029.1 2097152
94029.2 2231296
94029.4 2097152
94029.4 2231296
94029.6 2097152
94029.6 2137600
94029.7 2097152
94029.7 2137600
94029.8 2097152
94029.8 2109440
94029.9 2097152
94029.9 2109440
94029.9 2097152
94030.0 2100160
94030.0 2097152
94030.1 2100160
94030.1 2097152
94030.1 2098304
94030.2 2097152
94030.2 2098304
94030.3 2097152
94030.3 2100288
94030.3 2097152
94030.4 2100288
94030.4 2097152
94030.5 2098272
94030.5 2097152
94030.5 2098272
94030.6 2097152
94030.6 2105088
94030.6 2097152
94030.7 2105088
94030.7 2097152
94030.8 2100288
94030.8 2097152
94030.8 2100288
94030.9 2097152
94030.9 2123776
94031.0 2097152
94031.0 2123776
94031.1 2097152
94031.1 2104064
94031.2 2097152
94031.2 2104064
94031.3 2097152
94031.3 2099392
94031.4 2097152
94031.4 2099392
94031.4 2097152
94031.5 2103552
94031.5 2097152
94031.6 2103552
94031.6 2097152
94031.6 2099840
94031.7 2097152
94031.7 2099840
94031.8 2097152
94031.8 2627584
94032.3 2097152
94032.4 2627584
94032.9 2097152
94032.9 2273280
94033.2 2097152
94033.2 2273280
94033.7 2097152
94033.8 2138368
94033.9 2097152
94034.0 2138368
94034.1 2097152
94034.2 2107264
94034.3 2097152
94034.4 2107264
94034.5 2097152
94034.6 2100864
94034.6 2097152
94034.6 2100864
94034.7 2097152
94034.7 2098272
94034.8 2097152
94034.8 2098272
94034.8 2097152
94034.9 2107648
94034.9 2097152
94035.0 2107648
94035.0 2097152
94035.0 2099264
94035.1 2097152
94035.1 2099264
94035.2 2097152
94035.2 2100288
94035.2 2097152
94035.3 2100288
94035.3 2097152
94035.4 2098496
94035.4 2097152
94035.4 2098496
94035.5 2097152
94035.5 2144000
94035.6 2097152
94035.6 2144000
94035.7 2097152
94035.7 2107520
94035.8 2097152
94035.8 2107520
94035.9 2097152
94035.9 2099584
94035.9 2097152
94036.0 2099584
94036.0 2097152
94036.1 2099904
94036.1 2097152
94036.1 2099904
94036.2 2097152
94036.2 2110208
94036.3 2097152
94036.3 2110208
94036.4 2097152
94036.4 2102912
94036.4 2097152
94036.5 2102912
94036.5 2097152
94036.6 2099392
94036.6 2097152
94036.6 2099392
94036.7 2097152
94036.7 2097840
94036.7 2097152
94036.8 2097840
94036.8 2097152
94036.9 2097472
94036.9 2097152
94036.9 2097472
94037.0 2097152
94037.0 2097288
94037.1 2097152
94037.1 2097288
94037.1 2097152
94037.2 2186240
94037.3 2097152
94037.3 2186240
94037.4 2097152
94037.5 2118144
94037.7 2097152
94037.7 2118144
94037.8 2097152
94037.8 2102912
94037.9 2097152
94037.9 2102912
94038.0 2097152
94038.0 2101888
94038.0 2097152
94038.1 2101888
94038.1 2097152
94038.2 2120704
94038.2 2097152
94038.3 2120704
94038.3 2097152
94038.4 2101888
94038.4 2097152
94038.4 2101888
94038.5 2097152
94038.5 2104192
94038.6 2097152
94038.6 2104192
94038.7 2097152
94038.7 4298752
94040.7 2097152
94040.7 4298752
94043.0 2097152
94043.1 2657280
94043.9 2097152
94044.0 2657280
94044.9 2097152
94045.0 2253312
94045.5 2097152
94045.6 2253312
94046.1 2097152
94046.2 2138624
94046.3 2097152
94046.4 2138624
94046.5 2097152
94046.6 2108416
94046.7 2097152
94046.8 2108416
94046.8 2097152
94046.8 2099328
94046.9 2097152
94046.9 2099328
94047.0 2097152
94047.0 2100608
94047.0 2097152
94047.1 2100608
94047.1 2097152
94047.2 2106624
94047.2 2097152
94047.3 2106624
94047.3 2097152
94047.3 2099904
94047.4 2097152
94047.4 2099904
94047.5 2097152
94047.5 2133760
94047.6 2097152
94047.6 2133760
94047.7 2097152
94047.7 2103168
94047.8 2097152
94047.8 2103168
94047.9 2097152
94047.9 2109440
94047.9 2097152
94048.0 2109440
94048.0 2097152
94048.1 2100224
94048.1 2097152
94048.2 2100224
94048.2 2097152
94048.2 2098336
94048.3 2097152
94048.3 2098336
94048.4 2097152
94048.4 2100224
94048.4 2097152
94048.5 2100224
94048.5 2097152
94048.6 2221056
94048.7 2097152
94048.7 2221056
94048.9 2097152
94048.9 2129920
94049.0 2097152
94049.0 2129920
94049.1 2097152
94049.2 2109056
94049.3 2097152
94049.4 2109056
94049.4 2097152
94049.5 2099648
94049.5 2097152
94049.5 2099648
94049.6 2097152
94049.6 2100608
94049.7 2097152
94049.7 2100608
94049.7 2097152
94049.8 2101632
94049.8 2097152
94049.9 2101632
94049.9 2097152
94049.9 2126336
94050.0 2097152
94050.0 2126336
94050.1 2097152
94050.1 2102912
94050.2 2097152
94050.2 2102912
94050.3 2097152
94050.3 2105984
94050.4 2097152
94050.4 2105984
94050.4 2097152
94050.5 2099968
94050.5 2097152
94050.6 2099968
94050.6 2097152
94050.6 2637824
94051.2 2097152
94051.3 2637824
94051.8 2097152
94051.9 2238464
94052.1 2097152
94052.1 2238464
94052.5 2097152
94052.6 2127616
94052.8 2097152
94052.8 2127616
94052.9 2097152
94052.9 2105088
94053.0 2097152
94053.0 2105088
94053.1 2097152
94053.1 2099392
94053.1 2097152
94053.2 2099392
94053.2 2097152
94053.3 2104448
94053.3 2097152
94053.3 2104448
94053.4 2097152
94053.4 2099264
94053.5 2097152
94053.5 2099264
94053.5 2097152
94053.6 2137344
94053.7 2097152
94053.7 2137344
94053.8 2097152
94053.8 2109056
94053.9 2097152
94053.9 2109056
94054.0 2097152
94054.0 2101696
94054.0 2097152
94054.1 2101696
94054.1 2097152
94054.2 2098720
94054.2 2097152
94054.2 2098720
94054.3 2097152
94054.3 2105344
94054.4 2097152
94054.4 2105344
94054.5 2097152
94054.5 2100160
94054.5 2097152
94054.6 2100160
94054.6 2097152
94054.7 2226176
94054.8 2097152
94054.8 2226176
94055.0 2097152
94055.0 2137344
94055.1 2097152
94055.1 2137344
94055.2 2097152
94055.2 2109312
94055.3 2097152
94055.3 2109312
94055.4 2097152
94055.4 2099904
94055.4 2097152
94055.5 2099904
94055.5 2097152
94055.5 2100480
94055.6 2097152
94055.6 2100480
94055.7 2097152
94055.7 2105088
94055.7 2097152
94055.8 2105088
94055.8 2097152
94055.9 2099776
94055.9 2097152
94055.9 2099776
94056.0 2097152
94056.0 2121472
94056.1 2097152
94056.1 2121472
94056.2 2097152
94056.2 2103296
94056.3 2097152
94056.3 2103296
94056.3 2097152
94056.4 2103168
94056.4 2097152
94056.5 2103168
94056.5 2097152
94056.5 35921920
94085.5 2097152
94085.6 35921920
94115.6 2097152
94115.7 10735616
94123.4 2097152
94123.5 10735616
94131.5 2097152
94131.7 4188160
94133.9 2097152
94134.2 4188160
94136.6 2097152
94137.1 2510848
94138.1 2097152
94138.6 2510848
94139.3 2097152
94139.6 2193920
94140.1 2097152
94140.6 2193920
94141.2 2097152
94141.7 2125312
94142.2 2097152
94142.7 2125312
94143.3 2097152
94143.8 2104320
94143.9 2097152
94144.2 2104320
94144.7 2097152
94144.9 2099328
94145.0 2097152
94145.1 2099328
94145.5 2097152
94145.7 2104064
94145.8 2097152
94145.9 2104064
94146.0 2097152
94146.0 2117376
94146.1 2097152
94146.2 2117376
94146.3 2097152
94146.4 2100608
94146.5 2097152
94146.6 2100608
94146.6 2097152
94146.8 2103808
94146.9 2097152
94146.9 2103808
94147.0 2097152
94147.0 2099264
94147.0 2097152
94147.1 2099264
94147.1 2097152
94147.2 2207232
94147.3 2097152
94147.3 2207232
94147.5 2097152
94147.5 2124800
94147.6 2097152
94147.6 2124800
94147.6 2097152
94147.7 2103808
94147.7 2097152
94147.8 2103808
94147.8 2097152
94147.8 2099776
94147.9 2097152
94147.9 2099776
94148.0 2097152
94148.0 2104320
94148.0 2097152
94148.1 2104320
94148.1 2097152
94148.2 2099904
94148.2 2097152
94148.2 2099904
94148.3 2097152
94148.3 2124544
94148.4 2097152
94148.4 2124544
94148.5 2097152
94148.5 2103424
94148.5 2097152
94148.6 2103424
94148.6 2097152
94148.7 2104576
94148.7 2097152
94148.8 2104576
94148.8 2097152
94148.8 2099392
94148.9 2097152
94148.9 2099392
94148.9 2097152
94149.0 2728960
94149.6 2097152
94149.6 2728960
94150.3 2097152
94150.3 2248192
94150.5 2097152
94150.5 2248192
94150.7 2097152
94150.7 2136832
94150.8 2097152
94150.8 2136832
94150.9 2097152
94150.9 2107008
94150.9 2097152
94151.0 2107008
94151.0 2097152
94151.1 2099264
94151.1 2097152
94151.1 2099264
94151.2 2097152
94151.2 2099968
94151.3 2097152
94151.3 2099968
94151.3 2097152
94151.4 2107136
94151.4 2097152
94151.5 2107136
94151.5 2097152
94151.6 2100608
94151.6 2097152
94151.6 2100608
94151.7 2097152
94151.7 2098336
94151.8 2097152
94151.8 2098336
94151.8 2097152
94151.9 2132992
94151.9 2097152
94152.0 2132992
94152.0 2097152
94152.1 2100608
94152.1 2097152
94152.2 2100608
94152.2 2097152
94152.2 2111616
94152.3 2097152
94152.3 2111616
94152.4 2097152
94152.4 2100480
94152.5 2097152
94152.5 2100480
94152.5 2097152
94152.6 2101056
94152.6 2097152
94152.6 2101056
94152.7 2097152
94152.7 2098208
94152.8 2097152
94152.8 2098208
94152.8 2097152
94152.9 2262016
94153.0 2097152
94153.1 2262016
94153.2 2097152
94153.3 2137600
94153.3 2097152
94153.4 2137600
94153.4 2097152
94153.5 2102912
94153.5 2097152
94153.6 2102912
94153.6 2097152
94153.6 2111616
94153.7 2097152
94153.7 2111616
94153.8 2097152
94153.8 2099392
94153.9 2097152
94153.9 2099392
94153.9 2097152
94154.0 2102144
94154.0 2097152
94154.0 2102144
94154.1 2097152
94154.1 2098688
94154.2 2097152
94154.2 2098688
94154.3 2097152
94154.3 2139136
94154.4 2097152
94154.4 2139136
94154.5 2097152
94154.5 2108032
94154.6 2097152
94154.6 2108032
94154.6 2097152
94154.7 2100224
94154.7 2097152
94154.8 2100224
94154.8 2097152
94154.8 2098240
94154.9 2097152
94154.9 2098240
94154.9 2097152
94155.0 2099520
94155.0 2097152
94155.1 2099520
94155.1 2097152
94155.2 2107264
94155.2 2097152
94155.2 2107264
94155.3 2097152
94155.3 2099968
94155.4 2097152
94155.4 2099968
94155.4 2097152
94155.5 2098272
94155.5 2097152
94155.6 2098272
94155.6 2097152
94155.6 2099392
94155.7 2097152
94155.7 2099392
94155.7 2097152
94155.8 4325376
94157.6 2097152
94157.6 4325376
94159.6 2097152
94159.7 2691072
94160.5 2097152
94160.6 2691072
94161.4 2097152
94161.5 2247168
94161.9 2097152
94162.0 2247168
94162.5 2097152
94162.6 2136064
94163.0 2097152
94163.1 2136064
94163.3 2097152
94163.3 2101760
94163.5 2097152
94163.5 2101760
94163.6 2097152
94163.8 2112000
94163.8 2097152
94163.9 2112000
94163.9 2097152
94164.0 2100864
94164.0 2097152
94164.1 2100864
94164.1 2097152
94164.1 2098304
94164.2 2097152
94164.2 2098304
94164.3 2097152
94164.3 2100864
94164.3 2097152
94164.4 2100864
94164.4 2097152
94164.5 2098208
94164.5 2097152
94164.5 2098208
94164.6 2097152
94164.6 2133248
94164.7 2097152
94164.7 2133248
94164.8 2097152
94164.8 2104448
94164.9 2097152
94164.9 2104448
94164.9 2097152
94165.0 2099456
94165.0 2097152
94165.1 2099456
94165.1 2097152
94165.1 2107904
94165.2 2097152
94165.2 2107904
94165.3 2097152
94165.3 2100352
94165.4 2097152
94165.4 2100352
94165.4 2097152
94165.5 2098272
94165.5 2097152
94165.5 2098272
94165.6 2097152
94165.6 2099328
94165.6 2097152
94165.7 2099328
94165.7 2097152
94165.8 2244096
94165.9 2097152
94166.0 2244096
94166.1 2097152
94166.1 2127104
94166.2 2097152
94166.2 2127104
94166.3 2097152
94166.3 2102144
94166.4 2097152
94166.4 2102144
94166.5 2097152
94166.5 2107136
94166.5 2097152
94166.6 2107136
94166.6 2097152
94166.7 2099264
94166.7 2097152
94166.7 2099264
94166.8 2097152
94166.8 2100032
94166.9 2097152
94166.9 2100032
94166.9 2097152
94167.0 2140672
94167.0 2097152
94167.1 2140672
94167.2 2097152
94167.2 2110336
94167.3 2097152
94167.3 2110336
94167.3 2097152
94167.4 2101504
94167.4 2097152
94167.5 2101504
94167.5 2097152
94167.5 2099072
94167.6 2097152
94167.6 2099072
94167.6 2097152
94167.7 2097792
94167.7 2097152
94167.8 2097792
94167.8 2097152
94167.8 2099392
94167.9 2097152
94167.9 2099392
94168.0 2097152
94168.0 2105728
94168.0 2097152
94168.1 2105728
94168.1 2097152
94168.2 2099520
94168.2 2097152
94168.2 2099520
94168.3 2097152
94168.3 2617344
94168.8 2097152
94168.9 2617344
94169.4 2097152
94169.4 2192896
94169.6 2097152
94169.6 2192896
94169.7 2097152
94169.8 2128128
94169.8 2097152
94169.8 2128128
94170.0 2097152
94170.1 2105600
94170.2 2097152
94170.2 2105600
94170.4 2097152
94170.4 2099520
94170.5 2097152
94170.5 2099520
94170.7 2097152
94170.8 2104192
94170.9 2097152
94170.9 2104192
94170.9 2097152
94170.9 2099712
94171.0 2097152
94171.0 2099712
94171.0 2097152
94171.0 2114048
94171.1 2097152
94171.1 2114048
94171.2 2097152
94171.2 2101376
94171.2 2097152
94171.2 2101376
94171.3 2097152
94171.3 2101376
94171.4 2097152
94171.4 2101376
94171.6 2097152
94171.7 2261504
94171.8 2097152
94171.8 2261504
94171.9 2097152
94171.9 2138880
94171.9 2097152
94172.0 2138880
94172.0 2097152
94172.0 2106112
94172.1 2097152
94172.1 2106112
94172.2 2097152
94172.2 2100672
94172.2 2097152
94172.2 2100672
94172.3 2097152
94172.3 2098240
94172.3 2097152
94172.3 2098240
94172.4 2097152
94172.4 2109056
94172.4 2097152
94172.4 2109056
94172.5 2097152
94172.5 2099712
94172.5 2097152
94172.5 2099712
94172.6 2097152
94172.6 2100544
94172.6 2097152
94172.6 2100544
94172.7 2097152
94172.7 2137600
94172.7 2097152
94172.7 2137600
94172.8 2097152
94172.8 2108288
94172.8 2097152
94172.9 2108288
94172.9 2097152
94172.9 2100928
94172.9 2097152
94173.0 2100928
94173.0 2097152
94173.0 2098592
94173.0 2097152
94173.0 2098592
94173.1 2097152
94173.2 2106240
94173.4 2097152
94173.5 2106240
94173.6 2097152
94173.7 2099392
94173.8 2097152
94173.8 2099392
94173.8 2097152
94173.9 2099456
94173.9 2097152
94174.0 2099456
94174.0 2097152
94174.0 10371072
94181.6 2097152
94181.7 10371072
94189.4 2097152
94189.5 4804608
94192.0 2097152
94192.1 4804608
94194.6 2097152
94194.7 2794496
94195.3 2097152
94195.3 2794496
94195.9 2097152
94195.9 2320896
94196.2 2097152
94196.2 2320896
94196.4 2097152
94196.5 2160896
94196.6 2097152
94196.6 2160896
94196.7 2097152
94196.7 2120832
94196.7 2097152
94196.8 2120832
94196.8 2097152
94196.9 2104832
94196.9 2097152
94196.9 2104832
94197.0 2097152
94197.0 2099840
94197.0 2097152
94197.0 2099840
94197.1 2097152
94197.1 2097968
94197.1 2097152
94197.1 2097968
94197.2 2097152
94197.2 2097416
94197.3 2097152
94197.3 2097416
94197.3 2097152
94197.4 2097680
94197.4 2097152
94197.4 2097680
94197.5 2097152
94197.5 2098304
94197.5 2097152
94197.6 2098304
94197.6 2097152
94197.6 2101312
94197.7 2097152
94197.7 2101312
94197.7 2097152
94197.8 2098400
94197.8 2097152
94197.9 2098400
94197.9 2097152
94197.9 2105344
94198.0 2097152
94198.0 2105344
94198.0 2097152
94198.1 2099968
94198.1 2097152
94198.2 2099968
94198.2 2097152
94198.2 2145280
94198.3 2097152
94198.4 2145280
94198.4 2097152
94198.5 2108288
94198.5 2097152
94198.5 2108288
94198.6 2097152
94198.6 2099584
94198.6 2097152
94198.7 2099584
94198.7 2097152
94198.7 2100288
94198.7 2097152
94198.8 2100288
94198.8 2097152
94198.9 2098304
94198.9 2097152
94198.9 2098304
94198.9 2097152
94199.0 2110080
94199.0 2097152
94199.1 2110080
94199.1 2097152
94199.1 2100224
94199.2 2097152
94199.2 2100224
94199.2 2097152
94199.3 2098208
94199.3 2097152
94199.3 2098208
94199.4 2097152
94199.4 2100544
94199.4 2097152
94199.5 2100544
94199.5 2097152
94199.5 2098624
94199.6 2097152
94199.6 2098624
94199.6 2097152
94199.7 2222080
94199.8 2097152
94199.8 2222080
94200.0 2097152
94200.0 2130432
94200.1 2097152
94200.1 2130432
94200.2 2097152
94200.2 2108416
94200.2 2097152
94200.3 2108416
94200.3 2097152
94200.3 2100224
94200.3 2097152
94200.4 2100224
94200.4 2097152
94200.4 2098208
94200.4 2097152
94200.4 2098208
94200.5 2097152
94200.5 2099712
94200.6 2097152
94200.6 2099712
94200.6 2097152
94200.7 2102528
94200.7 2097152
94200.7 2102528
94200.8 2097152
94200.8 2099328
94200.8 2097152
94200.9 2099328
94200.9 2097152
94200.9 2126336
94201.0 2097152
94201.0 2126336
94201.1 2097152
94201.1 2104192
94201.2 2097152
94201.2 2104192
94201.3 2097152
94201.3 2099520
94201.3 2097152
94201.4 2099520
94201.4 2097152
94201.4 2104704
94201.5 2097152
94201.5 2104704
94201.6 2097152
94201.6 2099776
94201.6 2097152
94201.7 2099776
94201.7 2097152
94201.7 2753536
94202.4 2097152
94202.4 2753536
94203.0 2097152
94203.0 2300928
94203.2 2097152
94203.2 2300928
94203.4 2097152
94203.4 2155264
94203.5 2097152
94203.6 2155264
94203.6 2097152
94203.7 2109440
94203.7 2097152
94203.7 2109440
94203.7 2097152
94203.8 2101440
94203.8 2097152
94203.8 2101440
94203.8 2097152
94203.8 2098272
94203.8 2097152
94203.9 2098272
94203.9 2097152
94203.9 2113920
94204.0 2097152
94204.0 2113920
94204.0 2097152
94204.1 2102080
94204.1 2097152
94204.1 2102080
94204.2 2097152
94204.2 2098656
94204.2 2097152
94204.2 2098656
94204.3 2097152
94204.3 2100608
94204.3 2097152
94204.4 2100608
94204.4 2097152
94204.4 2140928
94204.5 2097152
94204.5 2140928
94204.6 2097152
94204.6 2106752
94204.6 2097152
94204.7 2106752
94204.7 2097152
94204.7 2099520
94204.8 2097152
94204.8 2099520
94204.8 2097152
94204.9 2099584
94204.9 2097152
94204.9 2099584
94205.0 2097152
94205.0 2109440
94205.0 2097152
94205.1 2109440
94205.1 2097152
94205.1 2100160
94205.2 2097152
94205.2 2100160
94205.2 2097152
94205.3 2098368
94205.3 2097152
94205.3 2098368
94205.4 2097152
94205.4 2100288
94205.4 2097152
94205.5 2100288
94205.5 2097152
94205.5 2098336
94205.5 2097152
94205.6 2098336
94205.6 2097152
94205.6 2097680
94205.7 2097152
94205.7 2097680
94205.7 2097152
94205.8 2221568
94205.9 2097152
94205.9 2221568
94206.1 2097152
94206.1 2123520
94206.2 2097152
94206.2 2123520
94206.2 2097152
94206.3 2101504
94206.3 2097152
94206.4 2101504
94206.4 2097152
94206.4 2105984
94206.5 2097152
94206.5 2105984
94206.5 2097152
94206.6 2100480
94206.6 2097152
94206.7 2100480
94206.7 2097152
94206.7 2098240
94206.8 2097152
94206.8 2098240
94206.8 2097152
94206.9 2132992
94206.9 2097152
94207.0 2132992
94207.0 2097152
94207.1 2108288
94207.1 2097152
94207.1 2108288
94207.2 2097152
94207.2 2100928
94207.2 2097152
94207.2 2100928
94207.3 2097152
94207.3 2098304
94207.4 2097152
94207.4 2098304
94207.5 2097152
94207.5 2103936
94207.5 2097152
94207.6 2103936
94207.6 2097152
94207.6 2099456
94207.7 2097152
94207.7 2099456
94207.7 2097152
94207.7 3526656
94209.0 2097152
94209.0 3526656
94210.3 2097152
94210.3 2455552
94210.7 2097152
94210.8 2455552
94211.1 2097152
94211.1 2197504
94211.3 2097152
94211.3 2197504
94211.4 2097152
94211.5 2120448
94211.5 2097152
94211.5 2120448
94211.6 2097152
94211.6 2104832
94211.7 2097152
94211.7 2104832
94211.7 2097152
94211.8 2099264
94211.8 2097152
94211.8 2099264
94211.9 2097152
94211.9 2101120
94211.9 2097152
94212.0 2101120
94212.0 2097152
94212.0 2124032
94212.1 2097152
94212.1 2124032
94212.2 2097152
94212.2 2101888
94212.2 2097152
94212.3 2101888
94212.3 2097152
94212.3 2105856
94212.4 2097152
94212.4 2105856
94212.5 2097152
94212.5 2099648
94212.5 2097152
94212.6 2099648
94212.6 2097152
94212.7 2176000
94212.8 2097152
94213.0 2176000
94213.2 2097152
94213.3 2126080
94213.4 2097152
94213.5 2126080
94213.6 2097152
94213.7 2106496
94213.7 2097152
94213.7 2106496
94213.8 2097152
94213.8 2099520
94213.8 2097152
94213.8 2099520
94213.8 2097152
94213.9 2099456
94213.9 2097152
94213.9 2099456
94213.9 2097152
94214.0 2102272
94214.0 2097152
94214.0 2102272
94214.0 2097152
94214.1 2107648
94214.1 2097152
94214.1 2107648
94214.2 2097152
94214.2 2099200
94214.3 2097152
94214.3 2099200
94214.3 2097152
94214.3 2100352
94214.4 2097152
94214.4 2100352
94214.4 2097152
94214.5 2453504
94214.8 2097152
94214.8 2453504
94215.2 2097152
94215.2 2209280
94215.4 2097152
94215.4 2209280
94215.5 2097152
94215.6 2123264
94215.6 2097152
94215.7 2123264
94215.7 2097152
94215.7 2104704
94215.8 2097152
94215.8 2104704
94215.8 2097152
94215.9 2099520
94215.9 2097152
94216.0 2099520
94216.0 2097152
94216.0 2102656
94216.1 2097152
94216.1 2102656
94216.2 2097152
94216.2 2127104
94216.3 2097152
94216.3 2127104
94216.4 2097152
94216.4 2104960
94216.4 2097152
94216.5 2104960
94216.5 2097152
94216.5 2104320
94216.6 2097152
94216.6 2104320
94216.7 2097152
94216.7 2099584
94216.8 2097152
94216.8 2099584
94216.8 2097152
94216.9 2163200
94217.0 2097152
94217.0 2163200
94217.1 2097152
94217.1 2113792
94217.2 2097152
94217.2 2113792
94217.3 2097152
94217.3 2101376
94217.3 2097152
94217.4 2101376
94217.4 2097152
94217.4 2101248
94217.5 2097152
94217.5 2101248
94217.6 2097152
94217.6 2113536
94217.6 2097152
94217.7 2113536
94217.7 2097152
94217.8 2100864
94217.8 2097152
94217.8 2100864
94217.9 2097152
94217.9 2101632
94218.0 2097152
94218.0 2101632
94218.0 2097152
94218.1 67108864
94661.4 2097152
94661.4 67108864
95100.6 2097152
95100.7 67108864
95222.6 2097152
95222.7 67108864
95355.8 2097152
95355.9 37732352
95386.6 2097152
95386.7 37732352
95416.9 2097152
95416.9 10948608
95424.4 2097152
95424.5 10948608
95432.4 2097152
95432.5 4503552
95434.7 2097152
95434.7 4503552
95436.9 2097152
95436.9 2632704
95437.4 2097152
95437.4 2632704
95437.9 2097152
95438.0 2228736
95438.1 2097152
95438.1 2228736
95438.3 2097152
95438.3 2126848
95438.4 2097152
95438.4 2126848
95438.5 2097152
95438.5 2101888
95438.5 2097152
95438.6 2101888
95438.6 2097152
95438.6 2107264
95438.7 2097152
95438.7 2107264
95438.7 2097152
95438.8 2100928
95438.8 2097152
95438.8 2100928
95438.9 2097152
95438.9 2098400
95439.0 2097152
95439.0 2098400
95439.0 2097152
95439.1 2133248
95439.1 2097152
95439.2 2133248
95439.2 2097152
95439.3 2106624
95439.3 2097152
95439.3 2106624
95439.4 2097152
95439.4 2099648
95439.4 2097152
95439.5 2099648
95439.5 2097152
95439.6 2099392
95439.6 2097152
95439.6 2099392
95439.7 2097152
95439.7 2105728
95439.8 2097152
95439.8 2105728
95439.8 2097152
95439.9 2099392
95439.9 2097152
95439.9 2099392
95440.0 2097152
95440.0 2233344
95440.1 2097152
95440.2 2233344
95440.3 2097152
95440.3 2135296
95440.4 2097152
95440.4 2135296
95440.5 2097152
95440.6 2109696
95440.6 2097152
95440.6 2109696
95440.7 2097152
95440.7 2099328
95440.7 2097152
95440.8 2099328
95440.8 2097152
95440.8 2101248
95440.9 2097152
95440.9 2101248
95440.9 2097152
95441.0 2098528
95441.0 2097152
95441.1 2098528
95441.1 2097152
95441.1 2097680
95441.1 2097152
95441.2 2097680
95441.2 2097152
95441.3 2103680
95441.3 2097152
95441.3 2103680
95441.4 2097152
95441.4 2127104
95441.5 2097152
95441.5 2127104
95441.6 2097152
95441.6 2104704
95441.6 2097152
95441.6 2104704
95441.7 2097152
95441.7 2099648
95441.7 2097152
95441.8 2099648
95441.8 2097152
95441.8 2104576
95441.9 2097152
95441.9 2104576
95442.0 2097152
95442.0 2099776
95442.0 2097152
95442.1 2099776
95442.1 2097152
95442.1 2764800
95442.7 2097152
95442.8 2764800
95443.4 2097152
95443.4 2236416
95443.6 2097152
95443.6 2236416
95443.8 2097152
95443.8 2129664
95443.9 2097152
95443.9 2129664
95444.0 2097152
95444.0 2103808
95444.1 2097152
95444.1 2103808
95444.1 2097152
95444.2 2106752
95444.2 2097152
95444.2 2106752
95444.3 2097152
95444.3 2100224
95444.3 2097152
95444.4 2100224
95444.4 2097152
95444.4 2134272
95444.5 2097152
95444.5 2134272
95444.6 2097152
95444.6 2103040
95444.7 2097152
95444.7 2103040
95444.7 2097152
95444.8 2109824
95444.8 2097152
95444.9 2109824
95444.9 2097152
95444.9 2100032
95445.0 2097152
95445.0 2100032
95445.1 2097152
95445.1 2100608
95445.2 2097152
95445.2 2100608
95445.2 2097152
95445.3 2098368
95445.3 2097152
95445.4 2098368
95445.4 2097152
95445.4 2291712
95445.6 2097152
95445.7 2291712
95445.9 2097152
95445.9 2135808
95446.0 2097152
95446.1 2135808
95446.1 2097152
95446.2 2107008
95446.2 2097152
95446.2 2107008
95446.3 2097152
95446.3 2099264
95446.4 2097152
95446.4 2099264
95446.4 2097152
95446.5 2099968
95446.5 2097152
95446.5 2099968
95446.6 2097152
95446.6 2106624
95446.6 2097152
95446.7 2106624
95446.7 2097152
95446.8 2100416
95446.8 2097152
95446.8 2100416
95446.8 2097152
95446.9 2098304
95446.9 2097152
95447.0 2098304
95447.0 2097152
95447.0 2155776
95447.1 2097152
95447.2 2155776
95447.2 2097152
95447.3 2108416
95447.3 2097152
95447.4 2108416
95447.4 2097152
95447.4 2099328
95447.5 2097152
95447.5 2099328
95447.5 2097152
95447.6 2100608
95447.6 2097152
95447.7 2100608
95447.7 2097152
95447.7 2098336
95447.7 2097152
95447.8 2098336
95447.8 2097152
95447.8 2115200
95447.9 2097152
95447.9 2115200
95448.0 2097152
95448.0 2100736
95448.1 2097152
95448.1 2100736
95448.1 2097152
95448.2 2102592
95448.2 2097152
95448.3 2102592
95448.3 2097152
95448.3 2099392
95448.4 2097152
95448.4 2099392
95448.4 2097152
95448.5 2097936
95448.5 2097152
95448.6 2097936
95448.6 2097152
95448.6 4116480
95450.5 2097152
95450.5 4116480
95452.3 2097152
95452.3 2574336
95452.8 2097152
95452.8 2574336
95453.3 2097152
95453.3 2222080
95453.4 2097152
95453.5 2222080
95453.6 2097152
95453.6 2131712
95453.7 2097152
95453.7 2131712
95453.8 2097152
95453.8 2106752
95453.8 2097152
95453.8 2106752
95453.9 2097152
95453.9 2100480
95454.0 2097152
95454.0 2100480
95454.0 2097152
95454.0 2098624
95454.1 2097152
95454.1 2098624
95454.1 2097152
95454.2 2104832
95454.2 2097152
95454.2 2104832
95454.3 2097152
95454.3 2125056
95454.4 2097152
95454.4 2125056
95454.4 2097152
95454.5 2103296
95454.5 2097152
95454.5 2103296
95454.6 2097152
95454.6 2099328
95454.6 2097152
95454.7 2099328
95454.7 2097152
95454.7 2104960
95454.8 2097152
95454.8 2104960
95454.8 2097152
95454.9 2100544
95454.9 2097152
95454.9 2100544
95454.9 2097152
95455.0 2098368
95455.0 2097152
95455.0 2098368
95455.0 2097152
95455.1 2210816
95455.2 2097152
95455.2 2210816
95455.4 2097152
95455.4 2117120
95455.4 2097152
95455.5 2117120
95455.5 2097152
95455.6 2103552
95455.6 2097152
95455.6 2103552
95455.7 2097152
95455.7 2100736
95455.7 2097152
95455.8 2100736
95455.8 2097152
95455.8 2134016
95455.9 2097152
95455.9 2134016
95455.9 2097152
95456.0 2104704
95456.0 2097152
95456.0 2104704
95456.1 2097152
95456.1 2099648
95456.1 2097152
95456.2 2099648
95456.2 2097152
95456.2 2108032
95456.3 2097152
95456.3 2108032
95456.3 2097152
95456.4 2099392
95456.4 2097152
95456.4 2099392
95456.5 2097152
95456.5 2100352
95456.5 2097152
95456.6 2100352
95456.6 2097152
95456.6 2098304
95456.7 2097152
95456.7 2098304
95456.7 2097152
95456.7 2629632
95457.3 2097152
95457.3 2629632
95457.8 2097152
95457.8 2205696
95457.9 2097152
95458.0 2205696
95458.1 2097152
95458.1 2125824
95458.2 2097152
95458.2 2125824
95458.3 2097152
95458.3 2105216
95458.3 2097152
95458.3 2105216
95458.4 2097152
95458.4 2099584
95458.4 2097152
95458.5 2099584
95458.5 2097152
95458.5 2103424
95458.6 2097152
95458.6 2103424
95458.6 2097152
95458.6 2122752
95458.7 2097152
95458.7 2122752
95458.8 2097152
95458.8 2104448
95458.9 2097152
95458.9 2104448
95458.9 2097152
95458.9 2099264
95459.0 2097152
95459.0 2099264
95459.0 2097152
95459.0 2102656
95459.1 2097152
95459.1 2102656
95459.1 2097152
95459.2 2254848
95459.3 2097152
95459.4 2254848
95459.5 2097152
95459.6 2151424
95459.7 2097152
95459.7 2151424
95459.8 2097152
95459.8 2112000
95459.9 2097152
95459.9 2112000
95460.0 2097152
95460.0 2099392
95460.0 2097152
95460.1 2099392
95460.1 2097152
95460.1 2102336
95460.2 2097152
95460.2 2102336
95460.2 2097152
95460.3 2098528
95460.3 2097152
95460.4 2098528
95460.4 2097152
95460.4 2098368
95460.4 2097152
95460.5 2098368
95460.5 2097152
95460.5 2097680
95460.5 2097152
95460.6 2097680
95460.6 2097152
95460.6 2109440
95460.7 2097152
95460.7 2109440
95460.7 2097152
95460.8 2099968
95460.8 2097152
95460.8 2099968
95460.8 2097152
95460.9 2098368
95460.9 2097152
95460.9 2098368
95461.0 2097152
95461.0 2100480
95461.0 2097152
95461.0 2100480
95461.1 2097152
95461.1 2098368
95461.2 2097152
95461.2 2098368
95461.2 2097152
95461.3 2121728
95461.3 2097152
95461.3 2121728
95461.4 2097152
95461.4 2103040
95461.5 2097152
95461.5 2103040
95461.5 2097152
95461.6 2099392
95461.6 2097152
95461.6 2099392
95461.6 2097152
95461.7 2103552
95461.7 2097152
95461.7 2103552
95461.8 2097152
95461.8 2099968
95461.9 2097152
95461.9 2099968
95461.9 2097152
95461.9 11063296
95469.7 2097152
95469.7 11063296
95477.5 2097152
95477.5 4134912
95479.3 2097152
95479.4 4134912
95481.1 2097152
95481.2 2607104
95481.7 2097152
95481.7 2607104
95482.1 2097152
95482.2 2199552
95482.3 2097152
95482.3 2199552
95482.4 2097152
95482.5 2123008
95482.5 2097152
95482.6 2123008
95482.6 2097152
95482.6 2103936
95482.7 2097152
95482.7 2103936
95482.7 2097152
95482.8 2103296
95482.8 2097152
95482.8 2103296
95482.9 2097152
95482.9 2099264
95483.0 2097152
95483.0 2099264
95483.0 2097152
95483.1 2122496
95483.1 2097152
95483.2 2122496
95483.2 2097152
95483.2 2101888
95483.3 2097152
95483.3 2101888
95483.3 2097152
95483.3 2105088
95483.4 2097152
95483.4 2105088
95483.5 2097152
95483.5 2099776
95483.5 2097152
95483.6 2099776
95483.6 2097152
95483.6 2249728
95483.8 2097152
95483.9 2249728
95484.0 2097152
95484.1 2140928
95484.1 2097152
95484.2 2140928
95484.2 2097152
95484.3 2113536
95484.3 2097152
95484.3 2113536
95484.4 2097152
95484.4 2100160
95484.5 2097152
95484.5 2100160
95484.5 2097152
95484.5 2098336
95484.5 2097152
95484.6 2098336
95484.6 2097152
95484.6 2102336
95484.6 2097152
95484.7 2102336
95484.7 2097152
95484.7 2099488
95484.7 2097152
95484.8 2099488
95484.8 2097152
95484.8 2097968
95484.8 2097152
95484.8 2097968
95484.9 2097152
95484.9 2097512
95484.9 2097152
95485.0 2097512
95485.0 2097152
95485.0 2102656
95485.1 2097152
95485.1 2102656
95485.1 2097152
95485.2 2129664
95485.2 2097152
95485.3 2129664
95485.3 2097152
95485.3 2104576
95485.4 2097152
95485.4 2104576
95485.4 2097152
95485.5 2099712
95485.5 2097152
95485.5 2099712
95485.6 2097152
95485.6 2105984
95485.7 2097152
95485.7 2105984
95485.7 2097152
95485.8 2099584
95485.8 2097152
95485.8 2099584
95485.9 2097152
95485.9 2606080
95486.4 2097152
95486.4 2606080
95486.8 2097152
95486.8 2211328
95487.0 2097152
95487.0 2211328
95487.1 2097152
95487.2 2129920
95487.2 2097152
95487.2 2129920
95487.3 2097152
95487.3 2104448
95487.4 2097152
95487.4 2104448
95487.4 2097152
95487.5 2099712
95487.5 2097152
95487.5 2099712
95487.5 2097152
95487.6 2106240
95487.6 2097152
95487.6 2106240
95487.7 2097152
95487.7 2100288
95487.7 2097152
95487.7 2100288
95487.8 2097152
95487.8 2098240
95487.8 2097152
95487.9 2098240
95487.9 2097152
95487.9 2121472
95488.0 2097152
95488.0 2121472
95488.0 2097152
95488.1 2105216
95488.1 2097152
95488.1 2105216
95488.2 2097152
95488.2 2099520
95488.3 2097152
95488.3 2099520
95488.3 2097152
95488.3 2101248
95488.4 2097152
95488.4 2101248
95488.4 2097152
95488.4 2237440
95488.6 2097152
95488.6 2237440
95488.8 2097152
95488.8 2136320
95488.9 2097152
95488.9 2136320
95489.0 2097152
95489.0 2107136
95489.0 2097152
95489.1 2107136
95489.1 2097152
95489.1 2099520
95489.2 2097152
95489.2 2099520
95489.2 2097152
95489.2 2099776
95489.3 2097152
95489.3 2099776
95489.3 2097152
95489.4 2106752
95489.4 2097152
95489.4 2106752
95489.5 2097152
95489.5 2099776
95489.5 2097152
95489.6 2099776
95489.6 2097152
95489.6 2099328
95489.7 2097152
95489.7 2099328
95489.7 2097152
95489.8 2128128
95489.8 2097152
95489.9 2128128
95489.9 2097152
95489.9 2105472
95490.0 2097152
95490.0 2105472
95490.1 2097152
95490.1 2099904
95490.1 2097152
95490.2 2099904
95490.2 2097152
95490.2 2098240
95490.2 2097152
95490.2 2098240
95490.3 2097152
95490.3 2104320
95490.3 2097152
95490.3 2104320
95490.4 2097152
95490.4 4542464
95492.5 2097152
95492.6 4542464
95494.7 2097152
95494.7 2603008
95495.1 2097152
95495.2 2603008
95495.6 2097152
95495.6 2225664
95495.8 2097152
95495.8 2225664
95495.9 2097152
95496.0 2132992
95496.0 2097152
95496.0 2132992
95496.1 2097152
95496.2 2103808
95496.2 2097152
95496.2 2103808
95496.2 2097152
95496.3 2099264
95496.3 2097152
95496.3 2099264
95496.4 2097152
95496.4 2108416
95496.4 2097152
95496.4 2108416
95496.5 2097152
95496.5 2100416
95496.5 2097152
95496.5 2100416
95496.6 2097152
95496.6 2099520
95496.6 2097152
95496.6 2099520
95496.7 2097152
95496.7 2125568
95496.8 2097152
95496.8 2125568
95496.8 2097152
95496.9 2105600
95496.9 2097152
95496.9 2105600
95496.9 2097152
95497.0 2099648
95497.0 2097152
95497.0 2099648
95497.1 2097152
95497.1 2098272
95497.1 2097152
95497.1 2098272
95497.2 2097152
95497.2 2102912
95497.2 2097152
95497.3 2102912
95497.3 2097152
95497.4 2221568
95497.5 2097152
95497.5 2221568
95497.6 2097152
95497.7 2122240
95497.7 2097152
95497.8 2122240
95497.8 2097152
95497.9 2101888
95497.9 2097152
95497.9 2101888
95498.0 2097152
95498.0 2104960
95498.0 2097152
95498.1 2104960
95498.1 2097152
95498.1 2099456
95498.2 2097152
95498.2 2099456
95498.2 2097152
95498.2 2134272
95498.3 2097152
95498.3 2134272
95498.4 2097152
95498.4 2105216
95498.5 2097152
95498.5 2105216
95498.5 2097152
95498.6 2099712
95498.6 2097152
95498.6 2099712
95498.6 2097152
95498.7 2107648
95498.7 2097152
95498.7 2107648
95498.8 2097152
95498.8 2100736
95498.8 2097152
95498.9 2100736
95498.9 2097152
95499.0 2813952
95499.6 2097152
95499.7 2813952
95500.4 2097152
95500.4 2300416
95500.6 2097152
95500.7 2300416
95500.9 2097152
95500.9 2156288
95501.0 2097152
95501.1 2156288
95501.1 2097152
95501.2 2111488
95501.2 2097152
95501.3 2111488
95501.3 2097152
95501.3 2101312
95501.4 2097152
95501.4 2101312
95501.4 2097152
95501.5 2098592
95501.5 2097152
95501.5 2098592
95501.5 2097152
95501.6 2100160
95501.6 2097152
95501.6 2100160
95501.6 2097152
95501.7 2098240
95501.7 2097152
95501.7 2098240
95501.7 2097152
95501.7 2112384
95501.8 2097152
95501.8 2112384
95501.9 2097152
95501.9 2100928
95501.9 2097152
95501.9 2100928
95502.0 2097152
95502.0 2098528
95502.0 2097152
95502.0 2098528
95502.1 2097152
95502.1 2100992
95502.2 2097152
95502.2 2100992
95502.2 2097152
95502.3 2098400
95502.3 2097152
95502.3 2098400
95502.4 2097152
95502.4 2139648
95502.5 2097152
95502.5 2139648
95502.6 2097152
95502.6 2109184
95502.6 2097152
95502.7 2109184
95502.7 2097152
95502.7 2100032
95502.8 2097152
95502.8 2100032
95502.8 2097152
95502.8 2098240
95502.9 2097152
95502.9 2098240
95502.9 2097152
95502.9 2100288
95503.0 2097152
95503.0 2100288
95503.0 2097152
95503.0 2106368
95503.1 2097152
95503.1 2106368
95503.1 2097152
95503.2 2099968
95503.2 2097152
95503.2 2099968
95503.3 2097152
95503.3 2252288
95503.4 2097152
95503.5 2252288
95503.6 2097152
95503.6 2127616
95503.7 2097152
95503.7 2127616
95503.8 2097152
95503.8 2104448
95503.8 2097152
95503.9 2104448
95503.9 2097152
95503.9 2099904
95503.9 2097152
95504.0 2099904
95504.0 2097152
95504.0 2098272
95504.1 2097152
95504.1 2098272
95504.1 2097152
95504.2 2105088
95504.2 2097152
95504.2 2105088
95504.3 2097152
95504.3 2099456
95504.3 2097152
95504.4 2099456
95504.4 2097152
95504.4 2144256
95504.6 2097152
95504.6 2144256
95504.6 2097152
95504.7 2110464
95504.7 2097152
95504.7 2110464
95504.8 2097152
95504.8 2102080
95504.8 2097152
95504.9 2102080
95504.9 2097152
95504.9 2098688
95504.9 2097152
95505.0 2098688
95505.0 2097152
95505.0 2097776
95505.0 2097152
95505.0 2097776
95505.1 2097152
95505.1 2107392
95505.2 2097152
95505.2 2107392
95505.2 2097152
95505.2 2100608
95505.3 2097152
95505.3 2100608
95505.3 2097152
95505.3 2098208
95505.4 2097152
95505.4 2098208
95505.4 2097152
95505.5 36577280
95530.8 2097152
95530.8 36577280
95556.9 2097152
95556.9 11550720
95564.5 2097152
95564.5 11550720
95572.1 2097152
95572.1 4528128
95574.1 2097152
95574.2 4528128
95576.2 2097152
95576.2 2702336
95576.7 2097152
95576.7 2702336
95577.3 2097152
95577.3 2259456
95577.5 2097152
95577.5 2259456
95577.7 2097152
95577.7 2142720
95577.7 2097152
95577.8 2142720
95577.8 2097152
95577.9 2106880
95577.9 2097152
95577.9 2106880
95578.0 2097152
95578.0 2099840
95578.0 2097152
95578.0 2099840
95578.0 2097152
95578.1 2099328
95578.1 2097152
95578.2 2099328
95578.2 2097152
95578.2 2110208
95578.2 2097152
95578.3 2110208
95578.3 2097152
95578.3 2100352
95578.4 2097152
95578.4 2100352
95578.4 2097152
95578.5 2100480
95578.5 2097152
95578.5 2100480
95578.5 2097152
95578.6 2132736
95578.6 2097152
95578.7 2132736
95578.7 2097152
95578.7 2107648
95578.8 2097152
95578.8 2107648
95578.8 2097152
95578.9 2100544
95578.9 2097152
95578.9 2100544
95578.9 2097152
95579.0 2104448
95579.0 2097152
95579.1 2104448
95579.1 2097152
95579.1 2099392
95579.2 2097152
95579.2 2099392
95579.2 2097152
95579.2 2237440
95579.4 2097152
95579.4 2237440
95579.5 2097152
95579.6 2121728
95579.6 2097152
95579.6 2121728
95579.7 2097152
95579.7 2104704
95579.8 2097152
95579.8 2104704
95579.8 2097152
95579.9 2099520
95579.9 2097152
95579.9 2099520
95579.9 2097152
95580.0 2101888
95580.0 2097152
95580.0 2101888
95580.0 2097152
95580.1 2142720
95580.1 2097152
95580.2 2142720
95580.2 2097152
95580.2 2110464
95580.3 2097152
95580.3 2110464
95580.3 2097152
95580.4 2099840
95580.4 2097152
95580.4 2099840
95580.5 2097152
95580.5 2101120
95580.5 2097152
95580.5 2101120
95580.6 2097152
95580.6 2098208
95580.6 2097152
95580.7 2098208
95580.7 2097152
95580.7 2106624
95580.8 2097152
95580.8 2106624
95580.8 2097152
95580.9 2100096
95580.9 2097152
95580.9 2100096
95580.9 2097152
95581.0 2098208
95581.0 2097152
95581.0 2098208
95581.0 2097152
95581.1 2707456
95581.6 2097152
95581.6 2707456
95582.1 2097152
95582.1 2213888
95582.2 2097152
95582.2 2213888
95582.4 2097152
95582.4 2124032
95582.4 2097152
95582.5 2124032
95582.5 2097152
95582.5 2105984
95582.6 2097152
95582.6 2105984
95582.6 2097152
95582.6 2099328
95582.7 2097152
95582.7 2099328
95582.7 2097152
95582.7 2099392
95582.8 2097152
95582.8 2099392
95582.8 2097152
95582.8 2101760
95582.9 2097152
95582.9 2101760
95582.9 2097152
95583.0 2128640
95583.0 2097152
95583.0 2128640
95583.1 2097152
95583.1 2106880
95583.1 2097152
95583.2 2106880
95583.2 2097152
95583.2 2100096
95583.3 2097152
95583.3 2100096
95583.3 2097152
95583.3 2103168
95583.4 2097152
95583.4 2103168
95583.4 2097152
95583.5 2285568
95583.6 2097152
95583.7 2285568
95583.8 2097152
95583.8 2158848
95583.9 2097152
95583.9 2158848
95584.0 2097152
95584.0 2114304
95584.1 2097152
95584.1 2114304
95584.2 2097152
95584.2 2102848
95584.2 2097152
95584.2 2102848
95584.2 2097152
95584.3 2099104
95584.3 2097152
95584.3 2099104
95584.3 2097152
95584.4 2097968
95584.4 2097152
95584.4 2097968
95584.4 2097152
95584.5 2100032
95584.5 2097152
95584.5 2100032
95584.6 2097152
95584.6 2110848
95584.6 2097152
95584.6 2110848
95584.7 2097152
95584.7 2099968
95584.7 2097152
95584.7 2099968
95584.8 2097152
95584.8 2101184
95584.8 2097152
95584.8 2101184
95584.9 2097152
95584.9 2098368
95584.9 2097152
95585.0 2098368
95585.0 2097152
95585.0 2129664
95585.1 2097152
95585.1 2129664
95585.1 2097152
95585.1 2105472
95585.2 2097152
95585.2 2105472
95585.2 2097152
95585.2 2099328
95585.3 2097152
95585.3 2099328
95585.3 2097152
95585.3 2105088
95585.4 2097152
95585.4 2105088
95585.5 2097152
95585.5 2099520
95585.5 2097152
95585.5 2099520
95585.6 2097152
95585.6 4392960
95587.3 2097152
95587.3 4392960
95589.0 2097152
95589.1 2689024
95589.5 2097152
95589.6 2689024
95590.0 2097152
95590.0 2254848
95590.2 2097152
95590.2 2254848
95590.4 2097152
95590.4 2137856
95590.4 2097152
95590.5 2137856
95590.5 2097152
95590.6 2105728
95590.6 2097152
95590.6 2105728
95590.7 2097152
95590.7 2100480
95590.7 2097152
95590.7 2100480
95590.8 2097152
95590.8 2108928
95590.8 2097152
95590.9 2108928
95590.9 2097152
95590.9 2100352
95590.9 2097152
95591.0 2100352
95591.0 2097152
95591.0 2099840
95591.1 2097152
95591.1 2099840
95591.1 2097152
95591.1 2135296
95591.2 2097152
95591.2 2135296
95591.3 2097152
95591.3 2104832
95591.3 2097152
95591.3 2104832
95591.4 2097152
95591.4 2100416
95591.4 2097152
95591.4 2100416
95591.5 2097152
95591.5 2108544
95591.5 2097152
95591.6 2108544
95591.6 2097152
95591.6 2100288
95591.6 2097152
95591.6 2100288
95591.7 2097152
95591.7 2098400
95591.7 2097152
95591.7 2098400
95591.8 2097152
95591.8 2099712
95591.9 2097152
95591.9 2099712
95591.9 2097152
95591.9 2235392
95592.1 2097152
95592.1 2235392
95592.2 2097152
95592.2 2123008
95592.3 2097152
95592.3 2123008
95592.4 2097152
95592.4 2102784
95592.4 2097152
95592.4 2102784
95592.5 2097152
95592.5 2104448
95592.5 2097152
95592.6 2104448
95592.6 2097152
95592.6 2100224
95592.6 2097152
95592.7 2100224
95592.7 2097152
95592.7 2140416
95592.8 2097152
95592.8 2140416
95592.9 2097152
95592.9 2110720
95592.9 2097152
95592.9 2110720
95593.0 2097152
95593.0 2099712
95593.0 2097152
95593.1 2099712
95593.1 2097152
95593.1 2101376
95593.1 2097152
95593.2 2101376
95593.2 2097152
95593.2 2098240
95593.2 2097152
95593.3 2098240
95593.3 2097152
95593.3 2105216
95593.4 2097152
95593.4 2105216
95593.4 2097152
95593.4 2099392
95593.5 2097152
95593.5 2099392
95593.5 2097152
95593.5 2653184
95594.0 2097152
95594.1 2653184
95594.4 2097152
95594.4 2248192
95594.5 2097152
95594.5 2248192
95594.6 2097152
95594.7 2139648
95594.7 2097152
95594.7 2139648
95594.8 2097152
95594.8 2111104
95594.9 2097152
95594.9 2111104
95594.9 2097152
95595.0 2101376
95595.0 2097152
95595.0 2101376
95595.1 2097152
95595.1 2098560
95595.1 2097152
95595.2 2098560
95595.2 2097152
95595.2 2097680
95595.3 2097152
95595.3 2097680
95595.3 2097152
95595.4 2099904
95595.4 2097152
95595.4 2099904
95595.5 2097152
95595.5 2104448
95595.5 2097152
95595.6 2104448
95595.6 2097152
95595.6 2099456
95595.7 2097152
95595.7 2099456
95595.7 2097152
95595.8 2130176
95595.8 2097152
95595.8 2130176
95595.9 2097152
95595.9 2108288
95596.0 2097152
95596.0 2108288
95596.0 2097152
95596.1 2100096
95596.1 2097152
95596.1 2100096
95596.2 2097152
95596.2 2099776
95596.2 2097152
95596.3 2099776
95596.3 2097152
95596.3 2102528
95596.4 2097152
95596.4 2102528
95596.4 2097152
95596.5 2224128
95596.5 2097152
95596.6 2224128
95596.7 2097152
95596.7 2130176
95596.7 2097152
95596.8 2130176
95596.8 2097152
95596.8 2105600
95596.9 2097152
95596.9 2105600
95597.0 2097152
95597.0 2100352
95597.0 2097152
95597.0 2100352
95597.1 2097152
95597.1 2098272
95597.2 2097152
95597.2 2098272
95597.2 2097152
95597.3 2105216
95597.3 2097152
95597.3 2105216
95597.4 2097152
95597.4 2099648
95597.4 2097152
95597.5 2099648
95597.5 2097152
95597.5 2127616
95597.6 2097152
95597.6 2127616
95597.6 2097152
95597.7 2102912
95597.7 2097152
95597.7 2102912
95597.8 2097152
95597.8 2106624
95597.8 2097152
95597.9 2106624
95597.9 2097152
95597.9 2099904
95598.0 2097152
95598.0 2099904
95598.0 2097152
95598.1 9883648
95600.9 2097152
95601.0 9883648
95603.8 2097152
95603.9 4249600
95604.7 2097152
95604.7 4249600
95605.5 2097152
95605.5 2495488
95605.7 2097152
95605.7 2495488
95605.9 2097152
95605.9 2192896
95606.0 2097152
95606.0 2192896
95606.1 2097152
95606.1 2130176
95606.2 2097152
95606.2 2130176
95606.2 2097152
95606.3 2106496
95606.3 2097152
95606.3 2106496
95606.4 2097152
95606.4 2099520
95606.4 2097152
95606.5 2099520
95606.5 2097152
95606.5 2099456
95606.6 2097152
95606.6 2099456
95606.6 2097152
95606.7 2104320
95606.7 2097152
95606.8 2104320
95606.8 2097152
95606.8 2112000
95606.9 2097152
95606.9 2112000
95607.0 2097152
95607.0 2102016
95607.0 2097152
95607.1 2102016
95607.1 2097152
95607.1 2099264
95607.2 2097152
95607.2 2099264
95607.2 2097152
95607.3 2099712
95607.3 2097152
95607.3 2099712
95607.4 2097152
95607.4 2200576
95607.5 2097152
95607.5 2200576
95607.6 2097152
95607.6 2121728
95607.6 2097152
95607.7 2121728
95607.7 2097152
95607.7 2103936
95607.8 2097152
95607.8 2103936
95607.8 2097152
95607.9 2099904
95607.9 2097152
95607.9 2099904
95608.0 2097152
95608.0 2102656
95608.0 2097152
95608.1 2102656
95608.1 2097152
95608.1 2124288
95608.2 2097152
95608.2 2124288
95608.3 2097152
95608.3 2102912
95608.3 2097152
95608.4 2102912
95608.4 2097152
95608.4 2104960
95608.5 2097152
95608.5 2104960
95608.5 2097152
95608.6 2099392
95608.6 2097152
95608.6 2099392
95608.7 2097152
95608.7 2775040
95608.9 2097152
95609.0 2775040
95609.2 2097152
95609.3 2272768
95609.4 2097152
95609.4 2272768
95609.5 2097152
95609.5 2145280
95609.6 2097152
95609.6 2145280
95609.7 2097152
95609.7 2106880
95609.7 2097152
95609.7 2106880
95609.8 2097152
95609.8 2100544
95609.8 2097152
95609.9 2100544
95609.9 2097152
95609.9 2111488
95610.0 2097152
95610.0 2111488
95610.0 2097152
95610.1 2099904
95610.1 2097152
95610.1 2099904
95610.2 2097152
95610.2 2101568
95610.2 2097152
95610.3 2101568
95610.3 2097152
95610.3 2098752
95610.4 2097152
95610.4 2098752
95610.4 2097152
95610.4 2097680
95610.5 2097152
95610.5 2097680
95610.5 2097152
95610.6 2136832
95610.6 2097152
95610.6 2136832
95610.7 2097152
95610.7 2107136
95610.7 2097152
95610.8 2107136
95610.8 2097152
95610.8 2100736
95610.9 2097152
95610.9 2100736
95610.9 2097152
95611.0 2098208
95611.0 2097152
95611.0 2098208
95611.1 2097152
95611.1 2107008
95611.1 2097152
95611.1 2107008
95611.2 2097152
95611.2 2099712
95611.2 2097152
95611.3 2099712
95611.3 2097152
95611.3 2099520
95611.4 2097152
95611.4 2099520
95611.4 2097152
95611.4 2260480
95611.5 2097152
95611.6 2260480
95611.7 2097152
95611.7 2138624
95611.7 2097152
95611.8 2138624
95611.8 2097152
95611.8 2109824
95611.9 2097152
95611.9 2109824
95611.9 2097152
95612.0 2101248
95612.0 2097152
95612.0 2101248
95612.1 2097152
95612.1 2098432
95612.1 2097152
95612.2 2098432
95612.2 2097152
95612.2 2099392
95612.3 2097152
95612.3 2099392
95612.3 2097152
95612.3 2098240
95612.4 2097152
95612.4 2098240
95612.4 2097152
95612.5 2105216
95612.5 2097152
95612.5 2105216
95612.6 2097152
95612.6 2099648
95612.6 2097152
95612.7 2099648
95612.7 2097152
95612.7 2137344
95612.8 2097152
95612.8 2137344
95612.8 2097152
95612.9 2105600
95612.9 2097152
95612.9 2105600
95613.0 2097152
95613.0 2099712
95613.0 2097152
95613.1 2099712
95613.1 2097152
95613.1 2108800
95613.2 2097152
95613.2 2108800
95613.2 2097152
95613.3 2100928
95613.3 2097152
95613.3 2100928
95613.3 2097152
95613.4 2098368
95613.4 2097152
95613.4 2098368
95613.5 2097152
95613.5 3837952
95614.1 2097152
95614.1 3837952
95614.7 2097152
95614.8 2487296
95614.9 2097152
95615.0 2487296
95615.1 2097152
95615.2 2219008
95615.2 2097152
95615.3 2219008
95615.4 2097152
95615.4 2124544
95615.4 2097152
95615.4 2124544
95615.5 2097152
95615.5 2103808
95615.6 2097152
95615.6 2103808
95615.6 2097152
95615.6 2104192
95615.7 2097152
95615.7 2104192
95615.7 2097152
95615.8 2099264
95615.8 2097152
95615.8 2099264
95615.9 2097152
95615.9 2130688
95615.9 2097152
95616.0 2130688
95616.0 2097152
95616.0 2109696
95616.1 2097152
95616.1 2109696
95616.1 2097152
95616.2 2099776
95616.2 2097152
95616.2 2099776
95616.3 2097152
95616.3 2100800
95616.3 2097152
95616.4 2100800
95616.4 2097152
95616.4 2098560
95616.4 2097152
95616.5 2098560
95616.5 2097152
95616.5 2101376
95616.6 2097152
95616.6 2101376
95616.6 2097152
95616.7 2170368
95616.7 2097152
95616.8 2170368
95616.8 2097152
95616.8 2110720
95616.9 2097152
95616.9 2110720
95616.9 2097152
95617.0 2101760
95617.0 2097152
95617.0 2101760
95617.1 2097152
95617.1 2099328
95617.1 2097152
95617.2 2099328
95617.2 2097152
95617.2 2120192
95617.3 2097152
95617.3 2120192
95617.4 2097152
95617.4 2100864
95617.4 2097152
95617.4 2100864
95617.5 2097152
95617.5 2104960
95617.5 2097152
95617.6 2104960
95617.6 2097152
95617.6 2099968
95617.7 2097152
95617.7 2099968
95617.7 2097152
95617.8 2577408
95618.0 2097152
95618.0 2577408
95618.2 2097152
95618.2 2196480
95618.3 2097152
95618.3 2196480
95618.4 2097152
95618.4 2117632
95618.5 2097152
95618.5 2117632
95618.5 2097152
95618.6 2101248
95618.6 2097152
95618.6 2101248
95618.7 2097152
95618.7 2103296
95618.7 2097152
95618.8 2103296
95618.8 2097152
95618.8 2126336
95618.9 2097152
95618.9 2126336
95618.9 2097152
95619.0 2106112
95619.0 2097152
95619.0 2106112
95619.1 2097152
95619.1 2099648
95619.1 2097152
95619.2 2099648
95619.2 2097152
95619.2 2102784
95619.3 2097152
95619.3 2102784
95619.3 2097152
95619.4 2237952
95619.5 2097152
95619.5 2237952
95619.6 2097152
95619.6 2125312
95619.6 2097152
95619.7 2125312
95619.7 2097152
95619.7 2103936
95619.8 2097152
95619.8 2103936
95619.8 2097152
95619.9 2104448
95619.9 2097152
95619.9 2104448
95619.9 2097152
95620.0 2099904
95620.0 2097152
95620.0 2099904
95620.1 2097152
95620.1 2098240
95620.1 2097152
95620.2 2098240
95620.2 2097152
95620.2 2139392
95620.3 2097152
95620.3 2139392
95620.3 2097152
95620.4 2112512
95620.4 2097152
95620.4 2112512
95620.5 2097152
95620.5 2100928
95620.5 2097152
95620.6 2100928
95620.6 2097152
95620.6 2098240
95620.7 2097152
95620.7 2098240
95620.7 2097152
95620.8 2101056
95620.8 2097152
95620.8 2101056
95620.8 2097152
95620.9 2098304
95620.9 2097152
95620.9 2098304
95621.0 2097152
95621.0 2102912
95621.0 2097152
95621.1 2102912
95621.1 2097152
95621.1 2099328
95621.2 2097152
95621.2 2099328
95621.2 2097152
95621.3 67108864
95658.7 2097152
95658.7 67108864
95698.6 2097152
95698.8 29671424
95720.3 2097152
95720.4 29671424
95741.2 2097152
95741.4 8450048
95746.4 2097152
95746.5 8450048
95751.6 2097152
95751.7 3768320
95753.0 2097152
95753.1 3768320
95754.5 2097152
95754.5 2496512
95754.9 2097152
95754.9 2496512
95755.3 2097152
95755.3 2191360
95755.4 2097152
95755.4 2191360
95755.5 2097152
95755.6 2117632
95755.6 2097152
95755.7 2117632
95755.7 2097152
95755.7 2101888
95755.8 2097152
95755.8 2101888
95755.8 2097152
95755.9 2102656
95755.9 2097152
95755.9 2102656
95755.9 2097152
95756.0 2123776
95756.0 2097152
95756.1 2123776
95756.1 2097152
95756.2 2103936
95756.2 2097152
95756.2 2103936
95756.2 2097152
95756.3 2099328
95756.3 2097152
95756.3 2099328
95756.4 2097152
95756.4 2103680
95756.4 2097152
95756.4 2103680
95756.5 2097152
95756.5 2099392
95756.5 2097152
95756.6 2099392
95756.6 2097152
95756.6 2202624
95756.7 2097152
95756.8 2202624
95756.9 2097152
95756.9 2129152
95757.0 2097152
95757.0 2129152
95757.0 2097152
95757.1 2103936
95757.1 2097152
95757.1 2103936
95757.2 2097152
95757.2 2099328
95757.3 2097152
95757.3 2099328
95757.3 2097152
95757.3 2106368
95757.4 2097152
95757.4 2106368
95757.4 2097152
95757.5 2100672
95757.5 2097152
95757.5 2100672
95757.5 2097152
95757.6 2098208
95757.6 2097152
95757.6 2098208
95757.6 2097152
95757.7 2117888
95757.7 2097152
95757.7 2117888
95757.8 2097152
95757.8 2102272
95757.8 2097152
95757.9 2102272
95757.9 2097152
95757.9 2102400
95758.0 2097152
95758.0 2102400
95758.0 2097152
95758.1 2533376
95758.4 2097152
95758.5 2533376
95758.8 2097152
95758.9 2195968
95759.0 2097152
95759.0 2195968
95759.1 2097152
95759.1 2115840
95759.2 2097152
95759.2 2115840
95759.2 2097152
95759.3 2102144
95759.3 2097152
95759.3 2102144
95759.3 2097152
95759.4 2101504
95759.4 2097152
95759.4 2101504
95759.4 2097152
95759.5 2127872
95759.5 2097152
95759.6 2127872
95759.6 2097152
95759.7 2102656
95759.7 2097152
95759.7 2102656
95759.7 2097152
95759.8 2107008
95759.8 2097152
95759.9 2107008
95759.9 2097152
95759.9 2100224
95760.0 2097152
95760.0 2100224
95760.0 2097152
95760.1 2098400
95760.1 2097152
95760.1 2098400
95760.2 2097152
95760.2 2216448
95760.3 2097152
95760.4 2216448
95760.5 2097152
95760.5 2118656
95760.6 2097152
95760.6 2118656
95760.6 2097152
95760.6 2103040
95760.7 2097152
95760.7 2103040
95760.7 2097152
95760.8 2099264
95760.8 2097152
95760.8 2099264
95760.8 2097152
95760.9 2102016
95760.9 2097152
95760.9 2102016
95761.0 2097152
95761.0 2135296
95761.0 2097152
95761.1 2135296
95761.1 2097152
95761.1 2106112
95761.2 2097152
95761.2 2106112
95761.2 2097152
95761.3 2100032
95761.3 2097152
95761.3 2100032
95761.3 2097152
95761.4 2107264
95761.4 2097152
95761.4 2107264
95761.5 2097152
95761.5 2099520
95761.5 2097152
95761.5 2099520
95761.6 2097152
95761.6 2099840
95761.6 2097152
95761.7 2099840
95761.7 2097152
95761.7 3602432
95762.9 2097152
95762.9 3602432
95764.1 2097152
95764.1 2422784
95764.4 2097152
95764.4 2422784
95764.7 2097152
95764.7 2172928
95764.8 2097152
95764.8 2172928
95764.9 2097152
95764.9 2112512
95765.0 2097152
95765.0 2112512
95765.0 2097152
95765.0 2102272
95765.1 2097152
95765.1 2102272
95765.1 2097152
95765.2 2099712
95765.2 2097152
95765.2 2099712
95765.3 2097152
95765.3 2119680
95765.3 2097152
95765.4 2119680
95765.4 2097152
95765.4 2099456
95765.4 2097152
95765.5 2099456
95765.5 2097152
95765.5 2106112
95765.5 2097152
95765.6 2106112
95765.6 2097152
95765.6 2099584
95765.6 2097152
95765.7 2099584
95765.7 2097152
95765.7 2184192
95765.8 2097152
95765.8 2184192
95765.9 2097152
95766.0 2124800
95766.0 2097152
95766.0 2124800
95766.1 2097152
95766.1 2105088
95766.1 2097152
95766.2 2105088
95766.2 2097152
95766.2 2099456
95766.3 2097152
95766.3 2099456
95766.3 2097152
95766.3 2103040
95766.4 2097152
95766.4 2103040
95766.4 2097152
95766.4 2099648
95766.5 2097152
95766.5 2099648
95766.5 2097152
95766.5 2113024
95766.6 2097152
95766.6 2113024
95766.6 2097152
95766.6 2100608
95766.7 2097152
95766.7 2100608
95766.8 2097152
95766.8 2101632
95766.8 2097152
95766.8 2101632
95766.8 2097152
95766.9 2524160
95767.2 2097152
95767.2 2524160
95767.6 2097152
95767.6 2186240
95767.7 2097152
95767.7 2186240
95767.8 2097152
95767.8 2118400
95767.9 2097152
95767.9 2118400
95768.0 2097152
95768.0 2100352
95768.0 2097152
95768.0 2100352
95768.1 2097152
95768.1 2104576
95768.1 2097152
95768.2 2104576
95768.2 2097152
95768.2 2120448
95768.3 2097152
95768.3 2120448
95768.4 2097152
95768.4 2102272
95768.4 2097152
95768.4 2102272
95768.5 2097152
95768.5 2103680
95768.5 2097152
95768.6 2103680
95768.6 2097152
95768.6 2099456
95768.6 2097152
95768.7 2099456
95768.7 2097152
95768.7 2221568
95768.8 2097152
95768.9 2221568
95769.0 2097152
95769.0 2120960
95769.1 2097152
95769.1 2120960
95769.1 2097152
95769.2 2101504
95769.2 2097152
95769.2 2101504
95769.2 2097152
95769.3 2104704
95769.3 2097152
95769.3 2104704
95769.4 2097152
95769.4 2099584
95769.4 2097152
95769.5 2099584
95769.5 2097152
95769.5 2135552
95769.6 2097152
95769.6 2135552
95769.6 2097152
95769.7 2108288
95769.7 2097152
95769.7 2108288
95769.8 2097152
95769.8 2101376
95769.8 2097152
95769.8 2101376
95769.8 2097152
95769.9 2098304
95769.9 2097152
95769.9 2098304
95770.0 2097152
95770.0 2105216
95770.0 2097152
95770.1 2105216
95770.1 2097152
95770.1 2099776
95770.1 2097152
95770.2 2099776
95770.2 2097152
95770.2 9531392
95775.7 2097152
95775.7 9531392
95781.2 2097152
95781.2 4020224
95782.6 2097152
95782.6 4020224
95784.0 2097152
95784.1 2703360
95784.6 2097152
95784.6 2703360
95785.0 2097152
95785.1 2244096
95785.2 2097152
95785.3 2244096
95785.4 2097152
95785.4 2139392
95785.5 2097152
95785.5 2139392
95785.6 2097152
95785.6 2112640
95785.6 2097152
95785.7 2112640
95785.7 2097152
95785.7 2102144
95785.8 2097152
95785.8 2102144
95785.8 2097152
95785.8 2098368
95785.8 2097152
95785.9 2098368
95785.9 2097152
95785.9 2098432
95786.0 2097152
95786.0 2098432
95786.0 2097152
95786.1 2099904
95786.1 2097152
95786.1 2099904
95786.2 2097152
95786.2 2102784
95786.2 2097152
95786.2 2102784
95786.2 2097152
95786.3 2128384
95786.3 2097152
95786.3 2128384
95786.4 2097152
95786.4 2107392
95786.4 2097152
95786.5 2107392
95786.5 2097152
95786.5 2100480
95786.6 2097152
95786.6 2100480
95786.6 2097152
95786.6 2098336
95786.7 2097152
95786.7 2098336
95786.7 2097152
95786.7 2102528
95786.7 2097152
95786.8 2102528
95786.8 2097152
95786.8 2253312
95787.0 2097152
95787.0 2253312
95787.1 2097152
95787.2 2144512
95787.2 2097152
95787.3 2144512
95787.3 2097152
95787.3 2109056
95787.4 2097152
95787.4 2109056
95787.4 2097152
95787.5 2099840
95787.5 2097152
95787.5 2099840
95787.6 2097152
95787.6 2098304
95787.6 2097152
95787.7 2098304
95787.7 2097152
95787.7 2100416
95787.7 2097152
95787.8 2100416
95787.8 2097152
95787.8 2098336
95787.9 2097152
95787.9 2098336
95787.9 2097152
95787.9 2108928
95788.0 2097152
95788.0 2108928
95788.0 2097152
95788.1 2100864
95788.1 2097152
95788.1 2100864
95788.2 2097152
95788.2 2098272
95788.2 2097152
95788.2 2098272
95788.3 2097152
95788.3 2099328
95788.3 2097152
95788.3 2099328
95788.4 2097152
95788.4 2127872
95788.4 2097152
95788.5 2127872
95788.5 2097152
95788.5 2105600
95788.6 2097152
95788.6 2105600
95788.6 2097152
95788.7 2099584
95788.7 2097152
95788.7 2099584
95788.7 2097152
95788.8 2104064
95788.8 2097152
95788.8 2104064
95788.8 2097152
95788.9 2452480
95789.2 2097152
95789.3 2452480
95789.6 2097152
95789.6 2184192
95789.7 2097152
95789.7 2184192
95789.8 2097152
95789.9 2114048
95789.9 2097152
95789.9 2114048
95790.0 2097152
95790.0 2100864
95790.0 2097152
95790.0 2100864
95790.1 2097152
95790.1 2101888
95790.1 2097152
95790.1 2101888
95790.2 2097152
95790.2 2123776
95790.2 2097152
95790.2 2123776
95790.3 2097152
95790.3 2106624
95790.4 2097152
95790.4 2106624
95790.4 2097152
95790.4 2099584
95790.5 2097152
95790.5 2099584
95790.5 2097152
95790.5 2099456
95790.6 2097152
95790.6 2099456
95790.6 2097152
95790.7 2100992
95790.7 2097152
95790.7 2100992
95790.8 2097152
95790.8 2187776
95790.9 2097152
95790.9 2187776
95791.0 2097152
95791.0 2116608
95791.1 2097152
95791.1 2116608
95791.1 2097152
95791.2 2103040
95791.2 2097152
95791.2 2103040
95791.3 2097152
95791.3 2099328
95791.3 2097152
95791.3 2099328
95791.4 2097152
95791.4 2100992
95791.4 2097152
95791.4 2100992
95791.5 2097152
95791.5 2123008
95791.6 2097152
95791.6 2123008
95791.6 2097152
95791.6 2102272
95791.7 2097152
95791.7 2102272
95791.7 2097152
95791.7 2099264
95791.8 2097152
95791.8 2099264
95791.8 2097152
95791.9 2104960
95791.9 2097152
95791.9 2104960
95791.9 2097152
95792.0 2099648
95792.0 2097152
95792.0 2099648
95792.1 2097152
95792.1 3891200
95793.4 2097152
95793.4 3891200
95794.8 2097152
95794.8 2523136
95795.2 2097152
95795.2 2523136
95795.5 2097152
95795.6 2216960
95795.7 2097152
95795.7 2216960
95795.8 2097152
95795.8 2127616
95795.9 2097152
95795.9 2127616
95796.0 2097152
95796.0 2103936
95796.0 2097152
95796.0 2103936
95796.1 2097152
95796.1 2105600
95796.1 2097152
95796.2 2105600
95796.2 2097152
95796.2 2100096
95796.2 2097152
95796.3 2100096
95796.3 2097152
95796.3 2098336
95796.3 2097152
95796.4 2098336
95796.4 2097152
95796.4 2126592
95796.5 2097152
95796.5 2126592
95796.6 2097152
95796.6 2108032
95796.6 2097152
95796.6 2108032
95796.7 2097152
95796.7 2100608
95796.7 2097152
95796.8 2100608
95796.8 2097152
95796.8 2098368
95796.8 2097152
95796.8 2098368
95796.9 2097152
95796.9 2097680
95796.9 2097152
95797.0 2097680
95797.0 2097152
95797.0 2100992
95797.0 2097152
95797.1 2100992
95797.1 2097152
95797.2 2190336
95797.3 2097152
95797.3 2190336
95797.4 2097152
95797.4 2121216
95797.4 2097152
95797.5 2121216
95797.5 2097152
95797.6 2102656
95797.6 2097152
95797.6 2102656
95797.6 2097152
95797.7 2103680
95797.7 2097152
95797.7 2103680
95797.8 2097152
95797.8 2119680
95797.8 2097152
95797.9 2119680
95797.9 2097152
95797.9 2105216
95798.0 2097152
95798.0 2105216
95798.0 2097152
95798.1 2099648
95798.1 2097152
95798.1 2099648
95798.1 2097152
95798.2 2100352
95798.2 2097152
95798.2 2100352
95798.2 2097152
95798.3 2568192
95798.7 2097152
95798.7 2568192
95799.0 2097152
95799.1 2202624
95799.2 2097152
95799.2 2202624
95799.3 2097152
95799.4 2110464
95799.4 2097152
95799.4 2110464
95799.4 2097152
95799.5 2099584
95799.5 2097152
95799.5 2099584
95799.6 2097152
95799.6 2101376
95799.6 2097152
95799.6 2101376
95799.7 2097152
95799.7 2136576
95799.7 2097152
95799.8 2136576
95799.8 2097152
95799.8 2108800
95799.9 2097152
95799.9 2108800
95799.9 2097152
95799.9 2101184
95800.0 2097152
95800.0 2101184
95800.0 2097152
95800.1 2098368
95800.1 2097152
95800.1 2098368
95800.2 2097152
95800.2 2105216
95800.2 2097152
95800.2 2105216
95800.3 2097152
95800.3 2099648
95800.3 2097152
95800.3 2099648
95800.4 2097152
95800.4 2227200
95800.5 2097152
95800.5 2227200
95800.6 2097152
95800.7 2120448
95800.7 2097152
95800.7 2120448
95800.8 2097152
95800.8 2102912
95800.8 2097152
95800.9 2102912
95800.9 2097152
95800.9 2103040
95800.9 2097152
95800.9 2103040
95801.0 2097152
95801.0 2138880
95801.1 2097152
95801.1 2138880
95801.1 2097152
95801.2 2103424
95801.2 2097152
95801.2 2103424
95801.3 2097152
95801.3 2111744
95801.3 2097152
95801.4 2111744
95801.4 2097152
95801.4 2099904
95801.4 2097152
95801.4 2099904
95801.5 2097152
95801.5 2101696
95801.5 2097152
95801.5 2101696
95801.6 2097152
95801.6 2098816
95801.6 2097152
95801.6 2098816
95801.7 2097152
95801.7 2097744
95801.7 2097152
95801.8 2097744
95801.8 2097152
95801.8 32055296
95825.4 2097152
95825.5 32055296
95851.4 2097152
95851.6 9224192
95858.3 2097152
95858.4 9224192
95864.9 2097152
95865.0 4108288
95866.8 2097152
95866.8 4108288
95868.7 2097152
95868.8 2537472
95869.2 2097152
95869.2 2537472
95869.6 2097152
95869.7 2223616
95869.8 2097152
95869.8 2223616
95870.0 2097152
95870.0 2129920
95870.0 2097152
95870.1 2129920
95870.1 2097152
95870.1 2104448
95870.2 2097152
95870.2 2104448
95870.2 2097152
95870.2 2099648
95870.3 2097152
95870.3 2099648
95870.3 2097152
95870.3 2106240
95870.4 2097152
95870.4 2106240
95870.4 2097152
95870.4 2099392
95870.5 2097152
95870.5 2099392
95870.5 2097152
95870.5 2099456
95870.6 2097152
95870.6 2099456
95870.7 2097152
95870.7 2127616
95870.7 2097152
95870.8 2127616
95870.8 2097152
95870.9 2106624
95870.9 2097152
95870.9 2106624
95870.9 2097152
95871.0 2100032
95871.0 2097152
95871.0 2100032
95871.0 2097152
95871.1 2102912
95871.1 2097152
95871.1 2102912
95871.2 2097152
95871.2 2099584
95871.2 2097152
95871.2 2099584
95871.3 2097152
95871.4 2190848
95871.5 2097152
95871.5 2190848
95871.7 2097152
95871.7 2121984
95871.8 2097152
95871.8 2121984
95871.9 2097152
95871.9 2101632
95871.9 2097152
95871.9 2101632
95872.0 2097152
95872.0 2105088
95872.0 2097152
95872.0 2105088
95872.1 2097152
95872.1 2099904
95872.1 2097152
95872.2 2099904
95872.2 2097152
95872.2 2119168
95872.3 2097152
95872.3 2119168
95872.4 2097152
95872.4 2104064
95872.4 2097152
95872.4 2104064
95872.5 2097152
95872.5 2099456
95872.5 2097152
95872.5 2099456
95872.6 2097152
95872.6 2101248
95872.6 2097152
95872.6 2101248
95872.7 2097152
95872.7 2662400
95873.5 2097152
95873.6 2662400
95874.1 2097152
95874.1 2253824
95874.3 2097152
95874.3 2253824
95874.5 2097152
95874.5 2133504
95874.6 2097152
95874.6 2133504
95874.7 2097152
95874.7 2103168
95874.7 2097152
95874.7 2103168
95874.8 2097152
95874.8 2109312
95874.8 2097152
95874.8 2109312
95874.9 2097152
95874.9 2100096
95874.9 2097152
95874.9 2100096
95875.0 2097152
95875.0 2100288
95875.0 2097152
95875.0 2100288
95875.0 2097152
95875.1 2139136
95875.1 2097152
95875.2 2139136
95875.2 2097152
95875.2 2108032
95875.3 2097152
95875.3 2108032
95875.3 2097152
95875.4 2100736
95875.4 2097152
95875.4 2100736
95875.4 2097152
95875.5 2098496
95875.5 2097152
95875.5 2098496
95875.5 2097152
95875.6 2107264
95875.6 2097152
95875.6 2107264
95875.6 2097152
95875.7 2100608
95875.7 2097152
95875.7 2100608
95875.7 2097152
95875.8 2223104
95875.9 2097152
95875.9 2223104
95876.0 2097152
95876.1 2137600
95876.1 2097152
95876.1 2137600
95876.2 2097152
95876.2 2107520
95876.3 2097152
95876.3 2107520
95876.3 2097152
95876.3 2100032
95876.3 2097152
95876.4 2100032
95876.4 2097152
95876.4 2099456
95876.4 2097152
95876.5 2099456
95876.5 2097152
95876.5 2107008
95876.5 2097152
95876.6 2107008
95876.6 2097152
95876.6 2099904
95876.6 2097152
95876.6 2099904
95876.7 2097152
95876.7 2098400
95876.7 2097152
95876.7 2098400
95876.8 2097152
95876.8 2099328
95876.8 2097152
95876.8 2099328
95876.8 2097152
95876.9 2119680
95876.9 2097152
95876.9 2119680
95877.0 2097152
95877.0 2104576
95877.0 2097152
95877.0 2104576
95877.1 2097152
95877.1 2100992
95877.1 2097152
95877.1 2100992
95877.2 2097152
95877.2 3649536
95878.4 2097152
95878.4 3649536
95879.6 2097152
95879.7 2506752
95880.0 2097152
95880.0 2506752
95880.4 2097152
95880.4 2192896
95880.5 2097152
95880.5 2192896
95880.6 2097152
95880.6 2117632
95880.7 2097152
95880.7 2117632
95880.7 2097152
95880.7 2105344
95880.8 2097152
95880.8 2105344
95880.8 2097152
95880.8 2099520
95880.9 2097152
95880.9 2099520
95880.9 2097152
95880.9 2099200
95880.9 2097152
95881.0 2099200
95881.0 2097152
95881.0 2124544
95881.0 2097152
95881.0 2124544
95881.1 2097152
95881.1 2102016
95881.1 2097152
95881.2 2102016
95881.2 2097152
95881.3 2105984
95881.3 2097152
95881.3 2105984
95881.4 2097152
95881.4 2099904
95881.4 2097152
95881.5 2099904
95881.5 2097152
95881.5 2098208
95881.6 2097152
95881.6 2098208
95881.6 2097152
95881.7 2206208
95881.8 2097152
95881.8 2206208
95881.9 2097152
95881.9 2137088
95882.0 2097152
95882.0 2137088
95882.4 2097152
95882.4 2108544
95882.5 2097152
95882.5 2108544
95882.6 2097152
95882.6 2100544
95882.6 2097152
95882.7 2100544
95882.7 2097152
95882.7 2098272
95882.8 2097152
95882.8 2098272
95882.8 2097152
95882.8 2099456
95882.9 2097152
95882.9 2099456
95882.9 2097152
95883.0 2105728
95883.0 2097152
95883.0 2105728
95883.1 2097152
95883.1 2099456
95883.2 2097152
95883.2 2099456
95883.2 2097152
95883.2 2111744
95883.3 2097152
95883.3 2111744
95883.4 2097152
95883.4 2099968
95883.4 2097152
95883.4 2099968
95883.5 2097152
95883.5 2101632
95883.5 2097152
95883.6 2101632
95883.6 2097152
95883.6 2463744
95883.9 2097152
95883.9 2463744
95884.1 2097152
95884.2 2221056
95884.3 2097152
95884.3 2221056
95884.4 2097152
95884.5 2131712
95884.5 2097152
95884.5 2131712
95884.6 2097152
95884.6 2109568
95884.6 2097152
95884.7 2109568
95884.7 2097152
95884.7 2099520
95884.7 2097152
95884.8 2099520
95884.8 2097152
95884.8 2100992
95884.8 2097152
95884.9 2100992
95884.9 2097152
95884.9 2102016
95885.0 2097152
95885.0 2102016
95885.0 2097152
95885.0 2124544
95885.1 2097152
95885.1 2124544
95885.1 2097152
95885.2 2100608
95885.2 2097152
95885.2 2100608
95885.2 2097152
95885.3 2107392
95885.3 2097152
95885.3 2107392
95885.3 2097152
95885.4 2099904
95885.4 2097152
95885.4 2099904
95885.4 2097152
95885.5 2098432
95885.5 2097152
95885.5 2098432
95885.5 2097152
95885.5 2099520
95885.6 2097152
95885.6 2099520
95885.6 2097152
95885.6 2156544
95885.7 2097152
95885.7 2156544
95885.8 2097152
95885.8 2110720
95885.9 2097152
95885.9 2110720
95885.9 2097152
95885.9 2103168
95886.0 2097152
95886.0 2103168
95886.0 2097152
95886.0 2097920
95886.1 2097152
95886.1 2097920
95886.1 2097152
95886.1 2113280
95886.2 2097152
95886.2 2113280
95886.2 2097152
95886.2 2100608
95886.3 2097152
95886.3 2100608
95886.3 2097152
95886.3 2101760
95886.4 2097152
95886.4 2101760
95886.4 2097152
95886.4 9949184
95891.9 2097152
95892.0 9949184
95898.0 2097152
95898.1 3864576
95899.7 2097152
95899.8 3864576
95901.4 2097152
95901.4 2579456
95901.9 2097152
95902.0 2579456
95902.5 2097152
95902.5 2217472
95902.7 2097152
95902.7 2217472
95902.8 2097152
95902.8 2119680
95902.9 2097152
95902.9 2119680
95903.0 2097152
95903.0 2102400
95903.1 2097152
95903.1 2102400
95903.1 2097152
95903.2 2103168
95903.2 2097152
95903.2 2103168
95903.3 2097152
95903.3 2134784
95903.4 2097152
95903.4 2134784
95903.5 2097152
95903.5 2107776
95903.5 2097152
95903.6 2107776
95903.6 2097152
95903.6 2099712
95903.7 2097152
95903.7 2099712
95903.7 2097152
95903.7 2099904
95903.8 2097152
95903.8 2099904
95903.8 2097152
95903.8 2105344
95903.9 2097152
95903.9 2105344
95903.9 2097152
95904.0 2099712
95904.0 2097152
95904.1 2099712
95904.1 2097152
95904.2 2217984
95904.3 2097152
95904.3 2217984
95904.5 2097152
95904.5 2119168
95904.5 2097152
95904.6 2119168
95904.6 2097152
95904.6 2103680
95904.7 2097152
95904.7 2103680
95904.8 2097152
95904.8 2101632
95904.8 2097152
95904.9 2101632
95904.9 2097152
95904.9 2135552
95905.0 2097152
95905.0 2135552
95905.1 2097152
95905.1 2107648
95905.2 2097152
95905.2 2107648
95905.2 2097152
95905.3 2101120
95905.3 2097152
95905.3 2101120
95905.4 2097152
95905.4 2098304
95905.4 2097152
95905.5 2098304
95905.5 2097152
95905.5 2105856
95905.6 2097152
95905.6 2105856
95905.7 2097152
95905.7 2099648
95905.7 2097152
95905.8 2099648
95905.8 2097152
95905.8 2498560
95906.2 2097152
95906.3 2498560
95906.6 2097152
95906.7 2196480
95906.8 2097152
95906.8 2196480
95906.9 2097152
95907.0 2114048
95907.0 2097152
95907.0 2114048
95907.1 2097152
95907.1 2101760
95907.1 2097152
95907.2 2101760
95907.2 2097152
95907.3 2100992
95907.3 2097152
95907.3 2100992
95907.4 2097152
95907.4 2129920
95907.5 2097152
95907.5 2129920
95907.6 2097152
95907.6 2104960
95907.6 2097152
95907.7 2104960
95907.7 2097152
95907.7 2099712
95907.8 2097152
95907.8 2099712
95907.9 2097152
95907.9 2105728
95908.0 2097152
95908.0 2105728
95908.0 2097152
95908.1 2100416
95908.1 2097152
95908.1 2100416
95908.2 2097152
95908.2 2098464
95908.2 2097152
95908.3 2098464
95908.3 2097152
95908.3 2097696
95908.4 2097152
95908.4 2097696
95908.4 2097152
95908.5 2198528
95908.6 2097152
95908.7 2198528
95908.8 2097152
95908.8 2128128
95908.9 2097152
95908.9 2128128
95909.0 2097152
95909.0 2105344
95909.0 2097152
95909.1 2105344
95909.1 2097152
95909.2 2099840
95909.2 2097152
95909.2 2099840
95909.2 2097152
95909.3 2098304
95909.3 2097152
95909.3 2098304
95909.4 2097152
95909.4 2104448
95909.4 2097152
95909.5 2104448
95909.5 2097152
95909.6 2116864
95909.6 2097152
95909.6 2116864
95909.7 2097152
95909.7 2100736
95909.8 2097152
95909.8 2100736
95909.8 2097152
95909.8 2103424
95909.9 2097152
95909.9 2103424
95909.9 2097152
95910.0 2099264
95910.0 2097152
95910.0 2099264
95910.1 2097152
95910.1 4255744
95912.2 2097152
95912.3 4255744
95914.3 2097152
95914.3 2603008
95914.8 2097152
95914.8 2603008
95915.2 2097152
95915.3 2215936
95915.4 2097152
95915.4 2215936
95915.6 2097152
95915.6 2121216
95915.6 2097152
95915.7 2121216
95915.7 2097152
95915.7 2103808
95915.8 2097152
95915.8 2103808
95915.8 2097152
95915.9 2102528
95915.9 2097152
95915.9 2102528
95916.0 2097152
95916.0 2132480
95916.1 2097152
95916.1 2132480
95916.2 2097152
95916.2 2107904
95916.3 2097152
95916.3 2107904
95916.4 2097152
95916.4 2101248
95916.4 2097152
95916.5 2101248
95916.5 2097152
95916.5 2098304
95916.6 2097152
95916.6 2098304
95916.6 2097152
95916.6 2104064
95916.6 2097152
95916.7 2104064
95916.8 2097152
95916.8 2231296
95916.9 2097152
95917.0 2231296
95917.1 2097152
95917.1 2137088
95917.2 2097152
95917.2 2137088
95917.3 2097152
95917.3 2107008
95917.3 2097152
95917.4 2107008
95917.4 2097152
95917.4 2099904
95917.5 2097152
95917.5 2099904
95917.5 2097152
95917.6 2099328
95917.6 2097152
95917.7 2099328
95917.7 2097152
95917.7 2107264
95917.8 2097152
95917.8 2107264
95917.8 2097152
95917.9 2099840
95917.9 2097152
95917.9 2099840
95917.9 2097152
95918.0 2099520
95918.0 2097152
95918.0 2099520
95918.0 2097152
95918.1 2124288
95918.1 2097152
95918.1 2124288
95918.2 2097152
95918.2 2105088
95918.3 2097152
95918.3 2105088
95918.4 2097152
95918.4 2099264
95918.4 2097152
95918.5 2099264
95918.5 2097152
95918.5 2102784
95918.6 2097152
95918.6 2102784
95918.6 2097152
95918.7 2670592
95919.2 2097152
95919.2 2670592
95919.8 2097152
95919.8 2259968
95919.9 2097152
95920.0 2259968
95920.2 2097152
95920.2 2132480
95920.2 2097152
95920.3 2132480
95920.3 2097152
95920.4 2103680
95920.4 2097152
95920.4 2103680
95920.5 2097152
95920.5 2108288
95920.5 2097152
95920.5 2108288
95920.6 2097152
95920.6 2100224
95920.6 2097152
95920.7 2100224
95920.7 2097152
95920.7 2099648
95920.8 2097152
95920.8 2099648
95920.8 2097152
95920.9 2143232
95920.9 2097152
95921.0 2143232
95921.0 2097152
95921.1 2106752
95921.1 2097152
95921.2 2106752
95921.2 2097152
95921.2 2099776
95921.2 2097152
95921.3 2099776
95921.3 2097152
95921.3 2098272
95921.4 2097152
95921.4 2098272
95921.4 2097152
95921.5 2099328
95921.5 2097152
95921.5 2099328
95921.6 2097152
95921.6 2110592
95921.7 2097152
95921.7 2110592
95921.7 2097152
95921.8 2099840
95921.8 2097152
95921.9 2099840
95921.9 2097152
95921.9 2098240
95921.9 2097152
95922.0 2098240
95922.0 2097152
95922.0 2101184
95922.1 2097152
95922.1 2101184
95922.1 2097152
95922.2 2098368
95922.2 2097152
95922.2 2098368
95922.3 2097152
95922.3 2221056
95922.4 2097152
95922.5 2221056
95922.6 2097152
95922.6 2126592
95922.7 2097152
95922.7 2126592
95922.8 2097152
95922.8 2105344
95922.8 2097152
95922.9 2105344
95922.9 2097152
95923.0 2103680
95923.0 2097152
95923.0 2103680
95923.1 2097152
95923.1 2129664
95923.2 2097152
95923.2 2129664
95923.2 2097152
95923.3 2104064
95923.3 2097152
95923.3 2104064
95923.4 2097152
95923.4 2106496
95923.5 2097152
95923.5 2106496
95923.5 2097152
95923.6 2099392
95923.6 2097152
95923.6 2099392
95923.7 2097152
95923.7 2099584
95923.8 2097152
95923.8 2099584
95923.8 2097152
95923.9 67108864
98159.2 2097152
98159.2 67108864
100989.1 2097152
100989.4 67108864
101609.3 2097152
101609.5 67108864
102242.9 2097152
102243.0 67108864
102440.8 2097152
102440.9 67108864
102652.6 2097152
102652.8 41787392
102697.3 2097152
102697.4 41787392
102737.0 2097152
102737.1 12468224
102749.0 2097152
102749.1 12468224
102761.4 2097152
102761.5 4222976
102764.5 2097152
102764.7 4222976
102767.4 2097152
102767.5 2505728
102768.2 2097152
102768.2 2505728
102768.8 2097152
102768.9 2199040
102769.1 2097152
102769.2 2199040
102769.6 2097152
102769.7 2133248
102769.8 2097152
102769.8 2133248
102770.0 2097152
102770.0 2107904
102770.1 2097152
102770.2 2107904
102770.4 2097152
102770.5 2099520
102770.5 2097152
102770.6 2099520
102770.6 2097152
102770.7 2100160
102770.7 2097152
102770.8 2100160
102770.8 2097152
102770.9 2104448
102771.0 2097152
102771.0 2104448
102771.2 2097152
102771.3 2112000
102771.5 2097152
102771.7 2112000
102771.9 2097152
102772.1 2100096
102772.3 2097152
102772.4 2100096
102772.5 2097152
102772.6 2101632
102772.6 2097152
102772.7 2101632
102772.8 2097152
102772.9 2199552
102773.0 2097152
102773.0 2199552
102773.2 2097152
102773.2 2119680
102773.4 2097152
102773.4 2119680
102773.6 2097152
102773.6 2103168
102773.8 2097152
102773.8 2103168
102773.9 2097152
102773.9 2102400
102773.9 2097152
102774.0 2102400
102774.0 2097152
102774.1 2125824
102774.2 2097152
102774.2 2125824
102774.2 2097152
102774.3 2103168
102774.4 2097152
102774.5 2103168
102774.6 2097152
102774.6 2099328
102774.7 2097152
102774.7 2099328
102774.8 2097152
102774.8 2105472
102774.8 2097152
102774.9 2105472
102774.9 2097152
102774.9 2099456
102775.0 2097152
102775.0 2099456
102775.0 2097152
102775.1 2751488
102775.4 2097152
102775.4 2751488
102775.7 2097152
102775.8 2276864
102775.9 2097152
102775.9 2276864
102776.1 2097152
102776.2 2144000
102776.2 2097152
102776.3 2144000
102776.3 2097152
102776.4 2104448
102776.4 2097152
102776.4 2104448
102776.5 2097152
102776.5 2099264
102776.6 2097152
102776.6 2099264
102776.6 2097152
102776.6 2113280
102776.7 2097152
102776.7 2113280
102776.8 2097152
102776.8 2102400
102776.8 2097152
102776.9 2102400
102776.9 2097152
102776.9 2099008
102777.0 2097152
102777.0 2099008
102777.0 2097152
102777.1 2097760
102777.1 2097152
102777.1 2097760
102777.2 2097152
102777.3 2099968
102777.4 2097152
102777.4 2099968
102777.6 2097152
102777.7 2140160
102777.7 2097152
102777.8 2140160
102777.8 2097152
102777.8 2109184
102777.9 2097152
102777.9 2109184
102778.0 2097152
102778.0 2101440
102778.0 2097152
102778.1 2101440
102778.1 2097152
102778.1 2099072
102778.2 2097152
102778.2 2099072
102778.3 2097152
102778.3 2097808
102778.3 2097152
102778.4 2097808
102778.4 2097152
102778.4 2106624
102778.5 2097152
102778.5 2106624
102778.5 2097152
102778.6 2099968
102778.6 2097152
102778.6 2099968
102778.7 2097152
102778.7 2098336
102778.8 2097152
102778.8 2098336
102778.8 2097152
102778.8 2244608
102779.0 2097152
102779.0 2244608
102779.2 2097152
102779.2 2139648
102779.3 2097152
102779.3 2139648
102779.4 2097152
102779.4 2106880
102779.5 2097152
102779.5 2106880
102779.5 2097152
102779.6 2099456
102779.6 2097152
102779.6 2099456
102779.6 2097152
102779.7 2099712
102779.7 2097152
102779.7 2099712
102779.7 2097152
102779.8 2108672
102779.8 2097152
102779.9 2108672
102779.9 2097152
102779.9 2101056
102780.0 2097152
102780.0 2101056
102780.0 2097152
102780.1 2098592
102780.1 2097152
102780.1 2098592
102780.1 2097152
102780.2 2128384
102780.3 2097152
102780.3 2128384
102780.4 2097152
102780.4 2102784
102780.4 2097152
102780.4 2102784
102780.5 2097152
102780.5 2107136
102780.6 2097152
102780.6 2107136
102780.6 2097152
102780.6 2099456
102780.7 2097152
102780.7 2099456
102780.7 2097152
102780.8 2099840
102780.8 2097152
102780.8 2099840
102780.8 2097152
102780.9 5156864
102785.4 2097152
102785.4 5156864
102789.5 2097152
102789.6 2839552
102790.7 2097152
102790.8 2839552
102792.2 2097152
102792.3 2336256
102792.6 2097152
102792.8 2336256
102793.2 2097152
102793.3 2168064
102793.4 2097152
102793.5 2168064
102793.6 2097152
102793.6 2119040
102793.7 2097152
102793.7 2119040
102793.9 2097152
102794.0 2100544
102794.0 2097152
102794.1 2100544
102794.1 2097152
102794.2 2098400
102794.2 2097152
102794.2 2098400
102794.3 2097152
102794.4 2104704
102794.4 2097152
102794.4 2104704
102794.5 2097152
102794.5 2098752
102794.6 2097152
102794.6 2098752
102794.7 2097152
102794.7 2099328
102794.7 2097152
102794.8 2099328
102794.8 2097152
102794.9 2097920
102794.9 2097152
102795.0 2097920
102795.0 2097152
102795.1 2097456
102795.1 2097152
102795.1 2097456
102795.2 2097152
102795.2 2110720
102795.3 2097152
102795.3 2110720
102795.4 2097152
102795.4 2100928
102795.5 2097152
102795.5 2100928
102795.6 2097152
102795.6 2098400
102795.7 2097152
102795.7 2098400
102795.8 2097152
102795.8 2100160
102795.9 2097152
102795.9 2100160
102796.0 2097152
102796.0 2145792
102796.1 2097152
102796.2 2145792
102796.5 2097152
102796.6 2111104
102796.7 2097152
102796.8 2111104
102796.9 2097152
102796.9 2100096
102796.9 2097152
102797.0 2100096
102797.0 2097152
102797.1 2101184
102797.1 2097152
102797.2 2101184
102797.2 2097152
102797.3 2098240
102797.3 2097152
102797.3 2098240
102797.4 2097152
102797.5 2107520
102797.5 2097152
102797.6 2107520
102797.6 2097152
102797.7 2099264
102797.7 2097152
102797.7 2099264
102797.8 2097152
102797.8 2100224
102797.9 2097152
102797.9 2100224
102797.9 2097152
102798.0 2098240
102798.1 2097152
102798.2 2098240
102798.2 2097152
102798.2 2229248
102798.5 2097152
102798.5 2229248
102798.9 2097152
102798.9 2131712
102799.0 2097152
102799.1 2131712
102799.2 2097152
102799.2 2106752
102799.3 2097152
102799.4 2106752
102799.4 2097152
102799.5 2099520
102799.6 2097152
102799.6 2099520
102799.7 2097152
102799.7 2099584
102799.8 2097152
102799.8 2099584
102799.8 2097152
102799.9 2104832
102799.9 2097152
102800.0 2104832
102800.0 2097152
102800.1 2128640
102800.1 2097152
102800.2 2128640
102800.2 2097152
102800.3 2107392
102800.3 2097152
102800.4 2107392
102800.4 2097152
102800.4 2100544
102800.5 2097152
102800.5 2100544
102800.6 2097152
102800.7 2102656
102800.7 2097152
102800.7 2102656
102800.7 2097152
102800.8 2884608
102801.6 2097152
102801.6 2884608
102802.3 2097152
102802.4 2327552
102802.6 2097152
102802.6 2327552
102802.8 2097152
102802.9 2144768
102802.9 2097152
102802.9 2144768
102803.0 2097152
102803.0 2104064
102803.1 2097152
102803.1 2104064
102803.1 2097152
102803.1 2099648
102803.2 2097152
102803.2 2099648
102803.2 2097152
102803.2 2114048
102803.3 2097152
102803.3 2114048
102803.4 2097152
102803.4 2100800
102803.5 2097152
102803.5 2100800
102803.5 2097152
102803.6 2098272
102803.6 2097152
102803.7 2098272
102803.7 2097152
102803.7 2101952
102803.9 2097152
102804.0 2101952
102804.1 2097152
102804.3 2098816
102804.4 2097152
102804.5 2098816
102804.6 2097152
102804.6 2164736
102804.7 2097152
102804.7 2164736
102804.8 2097152
102804.8 2110848
102804.9 2097152
102804.9 2110848
102804.9 2097152
102805.0 2101504
102805.0 2097152
102805.1 2101504
102805.1 2097152
102805.2 2098368
102805.2 2097152
102805.2 2098368
102805.3 2097152
102805.3 2099648
102805.3 2097152
102805.4 2099648
102805.4 2097152
102805.4 2117248
102805.5 2097152
102805.5 2117248
102805.6 2097152
102805.6 2102720
102805.6 2097152
102805.7 2102720
102805.7 2097152
102805.8 2099584
102805.8 2097152
102805.8 2099584
102805.9 2097152
102805.9 2098016
102805.9 2097152
102806.0 2098016
102806.0 2097152
102806.0 2101632
102806.1 2097152
102806.1 2101632
102806.2 2097152
102806.2 2098368
102806.2 2097152
102806.3 2098368
102806.3 2097152
102806.4 2260480
102806.5 2097152
102806.6 2260480
102806.7 2097152
102806.7 2144512
102806.8 2097152
102806.8 2144512
102806.9 2097152
102806.9 2107648
102807.0 2097152
102807.0 2107648
102807.0 2097152
102807.1 2099328
102807.1 2097152
102807.2 2099328
102807.2 2097152
102807.2 2100224
102807.3 2097152
102807.3 2100224
102807.3 2097152
102807.4 2098304
102807.4 2097152
102807.4 2098304
102807.5 2097152
102807.5 2110336
102807.6 2097152
102807.6 2110336
102807.7 2097152
102807.8 2101696
102807.9 2097152
102807.9 2101696
102808.0 2097152
102808.0 2098624
102808.0 2097152
102808.1 2098624
102808.2 2097152
102808.2 2131456
102808.3 2097152
102808.3 2131456
102808.4 2097152
102808.4 2103936
102808.5 2097152
102808.5 2103936
102808.6 2097152
102808.6 2099648
102808.7 2097152
102808.7 2099648
102808.7 2097152
102808.8 2107520
102808.8 2097152
102808.9 2107520
102808.9 2097152
102809.0 2099840
102809.0 2097152
102809.1 2099840
102809.1 2097152
102809.2 2099648
102809.2 2097152
102809.3 2099648
102809.3 2097152
102809.4 11571200
102814.0 2097152
102814.0 11571200
102818.6 2097152
102818.6 4136960
102819.7 2097152
102819.8 4136960
102820.8 2097152
102820.8 2663424
102821.1 2097152
102821.2 2663424
102821.5 2097152
102821.6 2216960
102821.9 2097152
102821.9 2216960
102822.1 2097152
102822.5 2121984
102822.8 2097152
102823.0 2121984
102823.3 2097152
102823.5 2104704
102823.8 2097152
102823.8 2104704
102823.9 2097152
102823.9 2099264
102823.9 2097152
102824.0 2099264
102824.0 2097152
102824.1 2102016
102824.1 2097152
102824.1 2102016
102824.2 2097152
102824.2 2132224
102824.3 2097152
102824.3 2132224
102824.4 2097152
102824.4 2105216
102824.4 2097152
102824.5 2105216
102824.5 2097152
102824.6 2100160
102824.6 2097152
102824.6 2100160
102824.7 2097152
102824.7 2106624
102824.7 2097152
102824.8 2106624
102824.8 2097152
102824.9 2100288
102824.9 2097152
102824.9 2100288
102825.0 2097152
102825.0 2260480
102825.1 2097152
102825.1 2260480
102825.3 2097152
102825.3 2129408
102825.3 2097152
102825.4 2129408
102825.4 2097152
102825.5 2105216
102825.5 2097152
102825.5 2105216
102825.6 2097152
102825.6 2099648
102825.6 2097152
102825.7 2099648
102825.7 2097152
102825.7 2105216
102825.8 2097152
102825.8 2105216
102825.9 2097152
102825.9 2099264
102825.9 2097152
102826.0 2099264
102826.0 2097152
102826.0 2146560
102826.1 2097152
102826.1 2146560
102826.2 2097152
102826.2 2113664
102826.3 2097152
102826.3 2113664
102826.4 2097152
102826.4 2100800
102826.4 2097152
102826.5 2100800
102826.5 2097152
102826.6 2098240
102826.6 2097152
102826.6 2098240
102826.7 2097152
102826.7 2101760
102826.8 2097152
102826.9 2101760
102827.0 2097152
102827.0 2098432
102827.1 2097152
102827.1 2098432
102827.2 2097152
102827.2 2097696
102827.2 2097152
102827.3 2097696
102827.3 2097152
102827.3 2105344
102827.4 2097152
102827.4 2105344
102827.4 2097152
102827.5 2100224
102827.5 2097152
102827.5 2100224
102827.5 2097152
102827.6 2550784
102827.8 2097152
102827.8 2550784
102828.1 2097152
102828.1 2203136
102828.2 2097152
102828.2 2203136
102828.5 2097152
102828.5 2125312
102828.7 2097152
102828.7 2125312
102828.8 2097152
102828.8 2103552
102828.8 2097152
102828.8 2103552
102828.9 2097152
102828.9 2104832
102828.9 2097152
102828.9 2104832
102829.0 2097152
102829.0 2099392
102829.0 2097152
102829.0 2099392
102829.1 2097152
102829.1 2121984
102829.1 2097152
102829.1 2121984
102829.2 2097152
102829.2 2103936
102829.2 2097152
102829.2 2103936
102829.3 2097152
102829.3 2102784
102829.3 2097152
102829.3 2102784
102829.4 2097152
102829.4 2217984
102829.5 2097152
102829.5 2217984
102829.6 2097152
102829.6 2124032
102829.6 2097152
102829.7 2124032
102829.7 2097152
102829.7 2103040
102829.7 2097152
102829.8 2103040
102829.8 2097152
102829.8 2104704
102829.8 2097152
102829.9 2104704
102829.9 2097152
102829.9 2099776
102829.9 2097152
102830.0 2099776
102830.0 2097152
102830.0 2130688
102830.0 2097152
102830.1 2130688
102830.1 2097152
102830.1 2105984
102830.2 2097152
102830.2 2105984
102830.2 2097152
102830.2 2099584
102830.2 2097152
102830.3 2099584
102830.3 2097152
102830.3 2105088
102830.4 2097152
102830.4 2105088
102830.4 2097152
102830.4 2100288
102830.5 2097152
102830.5 2100288
102830.5 2097152
102830.5 2098240
102830.6 2097152
102830.6 2098240
102830.6 2097152
102830.6 4794368
102831.8 2097152
102831.8 4794368
102833.1 2097152
102833.1 2761728
102833.4 2097152
102833.5 2761728
102833.8 2097152
102833.8 2280448
102833.9 2097152
102833.9 2280448
102834.0 2097152
102834.0 2152704
102834.1 2097152
102834.1 2152704
102834.1 2097152
102834.2 2108160
102834.2 2097152
102834.2 2108160
102834.2 2097152
102834.2 2100480
102834.3 2097152
102834.3 2100480
102834.3 2097152
102834.3 2099328
102834.3 2097152
102834.4 2099328
102834.4 2097152
102834.4 2113920
102834.4 2097152
102834.5 2113920
102834.5 2097152
102834.5 2100672
102834.5 2097152
102834.6 2100672
102834.6 2097152
102834.6 2098496
102834.6 2097152
102834.6 2098496
102834.7 2097152
102834.7 2102016
102834.7 2097152
102834.7 2102016
102834.8 2097152
102834.8 2098848
102834.8 2097152
102834.8 2098848
102834.8 2097152
102834.9 2133248
102834.9 2097152
102835.0 2133248
102835.1 2097152
102835.3 2105728
102835.4 2097152
102835.5 2105728
102835.7 2097152
102835.7 2099776
102835.7 2097152
102835.8 2099776
102835.8 2097152
102835.9 2106624
102836.6 2097152
102836.6 2106624
102836.7 2097152
102836.7 2099328
102836.8 2097152
102836.8 2099328
102836.8 2097152
102837.0 2099712
102837.1 2097152
102837.2 2099712
102837.4 2097152
102837.4 2246144
102837.6 2097152
102837.8 2246144
102838.0 2097152
102838.0 2142208
102838.2 2097152
102838.2 2142208
102838.3 2097152
102838.3 2109568
102838.3 2097152
102838.4 2109568
102838.4 2097152
102838.4 2100224
102838.5 2097152
102838.6 2100224
102838.7 2097152
102838.8 2100288
102838.8 2097152
102838.8 2100288
102838.8 2097152
102838.9 2107264
102838.9 2097152
102838.9 2107264
102839.0 2097152
102839.0 2100096
102839.0 2097152
102839.1 2100096
102839.1 2097152
102839.2 2098208
102839.2 2097152
102839.3 2098208
102839.3 2097152
102839.3 2099264
102839.4 2097152
102839.4 2099264
102839.4 2097152
102839.4 2126592
102839.5 2097152
102839.5 2126592
102839.5 2097152
102839.6 2106752
102839.6 2097152
102839.6 2106752
102839.7 2097152
102839.7 2100288
102839.7 2097152
102839.7 2100288
102839.8 2097152
102839.8 2102272
102839.8 2097152
102839.9 2102272
102839.9 2097152
102839.9 2781184
102840.2 2097152
102840.3 2781184
102840.6 2097152
102840.6 2255360
102840.7 2097152
102840.7 2255360
102840.8 2097152
102840.8 2130432
102840.9 2097152
102840.9 2130432
102840.9 2097152
102840.9 2105088
102841.0 2097152
102841.0 2105088
102841.0 2097152
102841.1 2100032
102841.1 2097152
102841.1 2100032
102841.1 2097152
102841.2 2098208
102841.2 2097152
102841.2 2098208
102841.2 2097152
102841.3 2105856
102841.3 2097152
102841.3 2105856
102841.4 2097152
102841.4 2100032
102841.4 2097152
102841.4 2100032
102841.5 2097152
102841.5 2142976
102841.6 2097152
102841.6 2142976
102841.6 2097152
102841.7 2108416
102841.7 2097152
102841.7 2108416
102841.7 2097152
102841.8 2100992
102841.8 2097152
102841.8 2100992
102841.9 2097152
102841.9 2098560
102841.9 2097152
102841.9 2098560
102842.0 2097152
102842.0 2108800
102842.0 2097152
102842.1 2108800
102842.1 2097152
102842.1 2101760
102842.2 2097152
102842.2 2101760
102842.2 2097152
102842.3 2098304
102842.3 2097152
102842.3 2098304
102842.3 2097152
102842.4 2098304
102842.4 2097152
102842.4 2098304
102842.5 2097152
102842.5 2280960
102842.7 2097152
102842.7 2280960
102842.9 2097152
102842.9 2145536
102843.0 2097152
102843.0 2145536
102843.0 2097152
102843.1 2106112
102843.1 2097152
102843.1 2106112
102843.2 2097152
102843.2 2099584
102843.2 2097152
102843.2 2099584
102843.2 2097152
102843.3 2112384
102843.3 2097152
102843.3 2112384
102843.4 2097152
102843.4 2099456
102843.4 2097152
102843.4 2099456
102843.5 2097152
102843.5 2102464
102843.5 2097152
102843.6 2102464
102843.6 2097152
102843.6 2098976
102843.6 2097152
102843.7 2098976
102843.7 2097152
102843.7 2097696
102843.7 2097152
102843.8 2097696
102843.8 2097152
102843.8 2140672
102843.9 2097152
102843.9 2140672
102843.9 2097152
102844.0 2108928
102844.0 2097152
102844.0 2108928
102844.1 2097152
102844.1 2101440
102844.1 2097152
102844.2 2101440
102844.2 2097152
102844.2 2098496
102844.3 2097152
102844.3 2098496
102844.3 2097152
102844.3 2107136
102844.4 2097152
102844.4 2107136
102844.4 2097152
102844.5 2099712
102844.5 2097152
102844.5 2099712
102844.8 2097152
102844.9 2099584
102844.9 2097152
102845.0 2099584
102845.0 2097152
102845.0 36528128
102898.4 2097152
102898.6 36528128
102950.2 2097152
102950.4 11026432
102964.0 2097152
102964.3 11026432
102972.2 2097152
102972.4 4556800
102976.2 2097152
102976.4 4556800
102980.5 2097152
102980.6 2813952
102981.7 2097152
102981.8 2813952
102982.9 2097152
102983.0 2252800
102983.4 2097152
102983.7 2252800
102984.0 2097152
102984.1 2128384
102984.3 2097152
102984.4 2128384
102984.5 2097152
102984.7 2107904
102984.8 2097152
102984.9 2107904
102984.9 2097152
102984.9 2099392
102985.0 2097152
102985.0 2099392
102985.0 2097152
102985.1 2100288
102985.2 2097152
102985.2 2100288
102985.3 2097152
102985.3 2102016
102985.3 2097152
102985.4 2102016
102985.4 2097152
102985.4 2143744
102985.5 2097152
102985.5 2143744
102985.6 2097152
102985.6 2103040
102985.7 2097152
102985.7 2103040
102985.8 2097152
102985.8 2114560
102985.9 2097152
102986.0 2114560
102986.2 2097152
102986.2 2101056
102986.3 2097152
102986.3 2101056
102986.4 2097152
102986.4 2098624
102986.5 2097152
102986.5 2098624
102986.6 2097152
102986.6 2097680
102986.7 2097152
102986.7 2097680
102986.8 2097152
102986.8 2101952
102986.9 2097152
102986.9 2101952
102987.0 2097152
102987.0 2098560
102987.1 2097152
102987.1 2098560
102987.2 2097152
102987.2 2097808
102987.3 2097152
102987.3 2097808
102987.4 2097152
102987.4 2097464
102987.5 2097152
102987.5 2097464
102987.6 2097152
102987.6 2299904
102988.0 2097152
102988.0 2299904
102988.4 2097152
102988.5 2153728
102988.6 2097152
102988.7 2153728
102988.8 2097152
102988.9 2109952
102988.9 2097152
102989.0 2109952
102989.0 2097152
102989.1 2099712
102989.2 2097152
102989.2 2099712
102989.3 2097152
102989.3 2100992
102989.4 2097152
102989.4 2100992
102989.5 2097152
102989.5 2098464
102989.9 2097152
102990.0 2098464
102990.1 2097152
102990.1 2112640
102990.2 2097152
102990.2 2112640
102990.3 2097152
102990.4 2100800
102990.4 2097152
102990.5 2100800
102990.5 2097152
102990.5 2098240
102990.6 2097152
102990.7 2098240
102990.7 2097152
102990.7 2101248
102990.8 2097152
102990.8 2101248
102990.8 2097152
102990.8 2098208
102990.9 2097152
102990.9 2098208
102990.9 2097152
102990.9 2141952
102991.0 2097152
102991.0 2141952
102991.1 2097152
102991.1 2112512
102991.1 2097152
102991.1 2112512
102991.2 2097152
102991.2 2102528
102991.2 2097152
102991.2 2102528
102991.3 2097152
102991.3 2098432
102991.3 2097152
102991.4 2098432
102991.4 2097152
102991.4 2098560
102991.4 2097152
102991.5 2098560
102991.5 2097152
102991.5 2099456
102991.5 2097152
102991.6 2099456
102991.6 2097152
102991.7 2104192
102991.7 2097152
102991.7 2104192
102991.8 2097152
102991.8 2610176
102992.0 2097152
102992.1 2610176
102992.3 2097152
102992.3 2224640
102992.5 2097152
102992.6 2224640
102992.8 2097152
102992.8 2125568
102992.8 2097152
102992.9 2125568
102992.9 2097152
102993.0 2106752
102993.0 2097152
102993.0 2106752
102993.1 2097152
102993.1 2100224
102993.1 2097152
102993.1 2100224
102993.2 2097152
102993.2 2101760
102993.2 2097152
102993.3 2101760
102993.3 2097152
102993.3 2132480
102993.4 2097152
102993.4 2132480
102993.4 2097152
102993.5 2103680
102993.5 2097152
102993.5 2103680
102993.5 2097152
102993.6 2108288
102993.6 2097152
102993.6 2108288
102993.7 2097152
102993.7 2100672
102993.7 2097152
102993.8 2100672
102993.8 2097152
102993.8 2098272
102993.8 2097152
102993.9 2098272
102993.9 2097152
102993.9 2226176
102994.0 2097152
102994.0 2226176
102994.1 2097152
102994.2 2134528
102994.2 2097152
102994.2 2134528
102994.3 2097152
102994.3 2108416
102994.3 2097152
102994.4 2108416
102994.4 2097152
102994.4 2100608
102994.4 2097152
102994.5 2100608
102994.5 2097152
102994.5 2099328
102994.6 2097152
102994.6 2099328
102994.6 2097152
102994.6 2104576
102994.7 2097152
102994.7 2104576
102994.7 2097152
102994.8 2099648
102994.8 2097152
102994.8 2099648
102994.8 2097152
102994.9 2124288
102994.9 2097152
102994.9 2124288
102995.0 2097152
102995.0 2106240
102995.0 2097152
102995.0 2106240
102995.1 2097152
102995.1 2099648
102995.1 2097152
102995.2 2099648
102995.2 2097152
102995.2 2101632
102995.2 2097152
102995.3 2101632
102995.3 2097152
102995.3 4102144
102996.2 2097152
102996.3 4102144
102997.2 2097152
102997.3 2500608
102997.6 2097152
102997.6 2500608
102997.8 2097152
102997.9 2208768
102997.9 2097152
102998.0 2208768
102998.0 2097152
102998.1 2129664
102998.1 2097152
102998.1 2129664
102998.2 2097152
102998.3 2106624
102998.3 2097152
102998.3 2106624
102998.4 2097152
102998.4 2100480
102998.4 2097152
102998.5 2100480
102998.6 2097152
102998.7 2103936
102998.9 2097152
102999.0 2103936
102999.1 2097152
102999.1 2099264
102999.2 2097152
102999.2 2099264
102999.3 2097152
102999.4 2120448
102999.5 2097152
102999.5 2120448
102999.6 2097152
102999.6 2103296
102999.7 2097152
102999.7 2103296
102999.7 2097152
102999.8 2102656
102999.8 2097152
102999.8 2102656
102999.9 2097152
102999.9 2187264
103000.0 2097152
103000.0 2187264
103000.1 2097152
103000.1 2120448
103000.1 2097152
103000.2 2120448
103000.2 2097152
103000.3 2104320
103000.3 2097152
103000.4 2104320
103000.4 2097152
103000.5 2099264
103000.5 2097152
103000.5 2099264
103000.6 2097152
103000.6 2101632
103000.6 2097152
103000.7 2101632
103000.7 2097152
103000.7 2118912
103000.8 2097152
103000.8 2118912
103000.8 2097152
103000.9 2101888
103001.0 2097152
103001.0 2101888
103001.0 2097152
103001.1 2103296
103001.1 2097152
103001.1 2103296
103001.2 2097152
103001.2 2696192
103001.5 2097152
103001.5 2696192
103001.8 2097152
103001.8 2231296
103001.9 2097152
103001.9 2231296
103002.0 2097152
103002.1 2117376
103002.1 2097152
103002.1 2117376
103002.2 2097152
103002.2 2099328
103002.2 2097152
103002.2 2099328
103002.3 2097152
103002.3 2105088
103002.3 2097152
103002.4 2105088
103002.4 2097152
103002.4 2099328
103002.4 2097152
103002.5 2099328
103002.5 2097152
103002.5 2144000
103002.6 2097152
103002.6 2144000
103002.7 2097152
103002.8 2109696
103002.8 2097152
103002.8 2109696
103002.8 2097152
103002.9 2099264
103002.9 2097152
103002.9 2099264
103002.9 2097152
103003.0 2101312
103003.0 2097152
103003.0 2101312
103003.1 2097152
103003.1 2098720
103003.1 2097152
103003.1 2098720
103003.2 2097152
103003.2 2108032
103003.2 2097152
103003.3 2108032
103003.3 2097152
103003.3 2100352
103003.3 2097152
103003.4 2100352
103003.4 2097152
103003.4 2099392
103003.4 2097152
103003.5 2099392
103003.5 2097152
103003.5 2262528
103003.6 2097152
103003.7 2262528
103003.8 2097152
103003.8 2141952
103003.8 2097152
103003.9 2141952
103003.9 2097152
103003.9 2111488
103004.1 2097152
103004.1 2111488
103004.1 2097152
103004.2 2100480
103004.2 2097152
103004.3 2100480
103004.3 2097152
103004.4 2098208
103004.4 2097152
103004.4 2098208
103004.5 2097152
103004.5 2100992
103004.6 2097152
103004.6 2100992
103004.7 2097152
103004.7 2098496
103004.7 2097152
103004.8 2098496
103004.9 2097152
103004.9 2105216
103004.9 2097152
103005.0 2105216
103005.0 2097152
103005.1 2099712
103005.1 2097152
103005.2 2099712
103005.2 2097152
103005.2 2135040
103005.3 2097152
103005.3 2135040
103005.4 2097152
103005.4 2104832
103005.5 2097152
103005.5 2104832
103005.6 2097152
103005.6 2099392
103005.6 2097152
103005.7 2099392
103005.7 2097152
103005.7 2108416
103005.8 2097152
103005.8 2108416
103005.9 2097152
103005.9 2100224
103005.9 2097152
103006.0 2100224
103006.0 2097152
103006.0 2099712
103006.1 2097152
103006.1 2099712
103006.1 2097152
103006.2 10383360
103009.9 2097152
103009.9 10383360
103013.6 2097152
103013.7 4022272
103014.5 2097152
103014.6 4022272
103015.4 2097152
103015.5 2580480
103015.7 2097152
103015.8 2580480
103016.0 2097152
103016.0 2231296
103016.2 2097152
103016.3 2231296
103016.5 2097152
103016.6 2113536
103016.6 2097152
103016.7 2113536
103016.7 2097152
103016.8 2101248
103016.8 2097152
103016.8 2101248
103016.9 2097152
103016.9 2101248
103017.0 2097152
103017.0 2101248
103017.1 2097152
103017.1 2147840
103017.2 2097152
103017.3 2147840
103017.3 2097152
103017.4 2114560
103017.4 2097152
103017.4 2114560
103017.5 2097152
103017.5 2103232
103017.5 2097152
103017.6 2103232
103017.6 2097152
103017.6 2098816
103017.7 2097152
103017.7 2098816
103017.7 2097152
103017.7 2098528
103017.8 2097152
103017.8 2098528
103017.8 2097152
103017.9 2097728
103017.9 2097152
103017.9 2097728
103018.0 2097152
103018.0 2099776
103018.1 2097152
103018.1 2099776
103018.1 2097152
103018.2 2105088
103018.2 2097152
103018.3 2105088
103018.3 2097152
103018.3 2099712
103018.4 2097152
103018.4 2099712
103018.4 2097152
103018.5 2204672
103018.6 2097152
103018.6 2204672
103018.7 2097152
103018.7 2122496
103018.8 2097152
103018.8 2122496
103018.8 2097152
103018.9 2102912
103018.9 2097152
103019.0 2102912
103019.0 2097152
103019.0 2104064
103019.1 2097152
103019.1 2104064
103019.2 2097152
103019.2 2099584
103019.2 2097152
103019.3 2099584
103019.3 2097152
103019.3 2125568
103019.4 2097152
103019.4 2125568
103019.5 2097152
103019.5 2104576
103019.5 2097152
103019.6 2104576
103019.6 2097152
103019.7 2099328
103019.7 2097152
103019.7 2099328
103019.8 2097152
103019.8 2103936
103019.9 2097152
103019.9 2103936
103019.9 2097152
103020.0 2099904
103020.0 2097152
103020.0 2099904
103020.1 2097152
103020.1 2576384
103020.4 2097152
103020.4 2576384
103020.6 2097152
103020.7 2195968
103020.8 2097152
103020.8 2195968
103020.9 2097152
103020.9 2117632
103021.0 2097152
103021.0 2117632
103021.1 2097152
103021.1 2101376
103021.1 2097152
103021.2 2101376
103021.2 2097152
103021.3 2103168
103021.3 2097152
103021.4 2103168
103021.4 2097152
103021.4 2126080
103021.5 2097152
103021.5 2126080
103021.6 2097152
103021.6 2106752
103021.6 2097152
103021.7 2106752
103021.7 2097152
103021.7 2099648
103021.8 2097152
103021.8 2099648
103021.9 2097152
103021.9 2099456
103021.9 2097152
103022.0 2099456
103022.0 2097152
103022.0 2102016
103022.1 2097152
103022.1 2102016
103022.1 2097152
103022.2 2237952
103022.3 2097152
103022.3 2237952
103022.4 2097152
103022.5 2142720
103022.5 2097152
103022.5 2142720
103022.6 2097152
103022.6 2106112
103022.7 2097152
103022.7 2106112
103022.7 2097152
103022.7 2099648
103022.8 2097152
103022.8 2099648
103022.8 2097152
103022.9 2110976
103022.9 2097152
103023.0 2110976
103023.0 2097152
103023.0 2099968
103023.1 2097152
103023.1 2099968
103023.2 2097152
103023.2 2101248
103023.2 2097152
103023.3 2101248
103023.3 2097152
103023.3 2098400
103023.4 2097152
103023.4 2098400
103023.4 2097152
103023.5 2097712
103023.5 2097152
103023.6 2097712
103023.6 2097152
103023.6 2097416
103023.7 2097152
103023.7 2097416
103023.8 2097152
103023.8 2121984
103023.9 2097152
103023.9 2121984
103023.9 2097152
103024.0 2104064
103024.0 2097152
103024.0 2104064
103024.1 2097152
103024.1 2099520
103024.2 2097152
103024.2 2099520
103024.2 2097152
103024.3 2102656
103024.3 2097152
103024.4 2102656
103024.4 2097152
103024.4 4315136
103025.5 2097152
103025.6 4315136
103029.1 2097152
103029.1 2562048
103029.9 2097152
103030.0 2562048
103030.7 2097152
103030.7 2246144
103030.9 2097152
103031.0 2246144
103031.1 2097152
103031.2 2139648
103031.2 2097152
103031.3 2139648
103031.3 2097152
103031.3 2109312
103031.4 2097152
103031.4 2109312
103031.4 2097152
103031.5 2100800
103031.5 2097152
103031.5 2100800
103031.5 2097152
103031.5 2098528
103031.6 2097152
103031.6 2098528
103031.6 2097152
103031.6 2097696
103031.7 2097152
103031.7 2097696
103031.7 2097152
103031.9 2099584
103032.0 2097152
103032.0 2099584
103032.1 2097152
103032.1 2106240
103032.2 2097152
103032.2 2106240
103032.3 2097152
103032.3 2099968
103032.3 2097152
103032.4 2099968
103032.5 2097152
103032.5 2129152
103032.7 2097152
103032.7 2129152
103032.8 2097152
103032.8 2103040
103032.9 2097152
103032.9 2103040
103032.9 2097152
103032.9 2107264
103033.0 2097152
103033.0 2107264
103033.0 2097152
103033.1 2101120
103033.1 2097152
103033.1 2101120
103033.1 2097152
103033.2 2180608
103033.3 2097152
103033.3 2180608
103033.4 2097152
103033.4 2119424
103033.5 2097152
103033.5 2119424
103033.5 2097152
103033.6 2104064
103033.6 2097152
103033.6 2104064
103033.7 2097152
103033.7 2099648
103033.7 2097152
103033.8 2099648
103033.8 2097152
103033.8 2098304
103033.9 2097152
103033.9 2098304
103033.9 2097152
103033.9 2101376
103034.0 2097152
103034.1 2101376
103034.1 2097152
103034.2 2116608
103034.3 2097152
103034.3 2116608
103034.4 2097152
103034.4 2101248
103034.5 2097152
103034.6 2101248
103034.6 2097152
103034.7 2102784
103034.7 2097152
103034.7 2102784
103034.8 2097152
103034.8 2741248
103035.5 2097152
103035.5 2741248
103036.2 2097152
103036.3 2263040
103036.4 2097152
103036.4 2263040
103036.5 2097152
103036.5 2139392
103036.6 2097152
103036.6 2139392
103036.6 2097152
103036.7 2111872
103036.7 2097152
103036.7 2111872
103036.7 2097152
103036.8 2100928
103036.8 2097152
103036.8 2100928
103036.8 2097152
103036.9 2098304
103036.9 2097152
103036.9 2098304
103036.9 2097152
103037.0 2100736
103037.0 2097152
103037.0 2100736
103037.0 2097152
103037.1 2098272
103037.1 2097152
103037.1 2098272
103037.1 2097152
103037.2 2103552
103037.2 2097152
103037.2 2103552
103037.2 2097152
103037.3 2099456
103037.3 2097152
103037.3 2099456
103037.3 2097152
103037.3 2137856
103037.4 2097152
103037.4 2137856
103037.5 2097152
103037.5 2107520
103037.5 2097152
103037.5 2107520
103037.6 2097152
103037.6 2099264
103037.6 2097152
103037.7 2099264
103037.7 2097152
103037.7 2100224
103037.8 2097152
103037.8 2100224
103037.8 2097152
103037.8 2098240
103037.9 2097152
103037.9 2098240
103037.9 2097152
103037.9 2107136
103037.9 2097152
103038.0 2107136
103038.0 2097152
103038.0 2100160
103038.1 2097152
103038.1 2100160
103038.1 2097152
103038.1 2253312
103038.2 2097152
103038.3 2253312
103038.4 2097152
103038.4 2129408
103038.4 2097152
103038.5 2129408
103038.5 2097152
103038.5 2106624
103038.6 2097152
103038.6 2106624
103038.6 2097152
103038.6 2099776
103038.7 2097152
103038.7 2099776
103038.7 2097152
103038.7 2099264
103038.8 2097152
103038.8 2099264
103038.8 2097152
103038.8 2103808
103038.9 2097152
103038.9 2103808
103038.9 2097152
103038.9 2099776
103039.0 2097152
103039.0 2099776
103039.0 2097152
103039.0 2142976
103039.1 2097152
103039.1 2142976
103039.2 2097152
103039.2 2110720
103039.3 2097152
103039.3 2110720
103039.3 2097152
103039.4 2102080
103039.4 2097152
103039.4 2102080
103039.4 2097152
103039.5 2098368
103039.5 2097152
103039.5 2098368
103039.5 2097152
103039.6 2098400
103039.6 2097152
103039.6 2098400
103039.6 2097152
103039.7 2106496
103039.7 2097152
103039.7 2106496
103039.8 2097152
103039.8 2100416
103039.8 2097152
103039.9 2100416
103039.9 2097152
103039.9 67108864
103106.6 2097152
103106.7 67108864
103240.2 2097152
103242.5 38158336
103279.4 2097152
103279.6 38158336
103316.1 2097152
103316.4 12201984
103327.5 2097152
103327.6 12201984
103337.9 2097152
103338.2 4655104
103341.5 2097152
103341.8 4655104
103344.5 2097152
103344.6 2866176
103345.6 2097152
103345.8 2866176
103347.0 2097152
103347.0 2307584
103347.4 2097152
103347.5 2307584
103347.8 2097152
103347.8 2163968
103347.9 2097152
103348.0 2163968
103348.1 2097152
103348.2 2115072
103348.4 2097152
103348.5 2115072
103348.7 2097152
103348.8 2099904
103348.9 2097152
103348.9 2099904
103349.0 2097152
103349.0 2103360
103349.0 2097152
103349.1 2103360
103349.1 2097152
103349.2 2098560
103349.2 2097152
103349.2 2098560
103349.3 2097152
103349.3 2098848
103349.3 2097152
103349.4 2098848
103349.4 2097152
103349.5 2112640
103349.5 2097152
103349.5 2112640
103349.6 2097152
103349.6 2099264
103349.7 2097152
103349.7 2099264
103349.7 2097152
103349.8 2102784
103349.8 2097152
103349.8 2102784
103349.9 2097152
103349.9 2098528
103349.9 2097152
103350.0 2098528
103350.0 2097152
103350.0 2098592
103350.0 2097152
103350.0 2098592
103350.1 2097152
103350.1 2097696
103350.1 2097152
103350.1 2097696
103350.2 2097152
103350.2 2097416
103350.2 2097152
103350.2 2097416
103350.2 2097152
103350.3 2135552
103350.3 2097152
103350.3 2135552
103350.4 2097152
103350.4 2108288
103350.5 2097152
103350.5 2108288
103350.5 2097152
103350.5 2099584
103350.6 2097152
103350.6 2099584
103350.6 2097152
103350.6 2100288
103350.7 2097152
103350.7 2100288
103350.7 2097152
103350.8 2098432
103350.8 2097152
103350.8 2098432
103350.8 2097152
103350.9 2105216
103350.9 2097152
103350.9 2105216
103350.9 2097152
103351.0 2099648
103351.0 2097152
103351.0 2099648
103351.0 2097152
103351.1 2271232
103351.2 2097152
103351.3 2271232
103351.5 2097152
103351.5 2155264
103351.6 2097152
103351.6 2155264
103351.7 2097152
103351.7 2112768
103351.7 2097152
103351.8 2112768
103351.8 2097152
103351.8 2100416
103351.9 2097152
103351.9 2100416
103351.9 2097152
103351.9 2101696
103352.0 2097152
103352.0 2101696
103352.0 2097152
103352.0 2098976
103352.1 2097152
103352.1 2098976
103352.1 2097152
103352.2 2097680
103352.2 2097152
103352.2 2097680
103352.2 2097152
103352.3 2110592
103352.3 2097152
103352.4 2110592
103352.4 2097152
103352.5 2101312
103352.5 2097152
103352.5 2101312
103352.6 2097152
103352.6 2098240
103352.6 2097152
103352.7 2098240
103352.7 2097152
103352.7 2099712
103352.8 2097152
103352.8 2099712
103352.8 2097152
103352.9 2126080
103353.0 2097152
103353.1 2126080
103353.1 2097152
103353.2 2104576
103353.2 2097152
103353.3 2104576
103353.3 2097152
103353.3 2099392
103353.4 2097152
103353.4 2099392
103353.4 2097152
103353.4 2104192
103353.5 2097152
103353.5 2104192
103353.5 2097152
103353.6 2099264
103353.6 2097152
103353.6 2099264
103353.7 2097152
103353.7 2607104
103354.5 2097152
103354.6 2607104
103355.4 2097152
103355.4 2215936
103355.6 2097152
103355.7 2215936
103355.8 2097152
103355.9 2127360
103355.9 2097152
103355.9 2127360
103356.0 2097152
103356.2 2108032
103356.3 2097152
103356.3 2108032
103356.4 2097152
103356.4 2100416
103356.6 2097152
103356.6 2100416
103356.7 2097152
103356.8 2098336
103356.9 2097152
103357.0 2098336
103357.0 2097152
103357.0 2099328
103357.1 2097152
103357.1 2099328
103357.2 2097152
103357.2 2101376
103357.3 2097152
103357.3 2101376
103357.3 2097152
103357.4 2126336
103357.4 2097152
103357.5 2126336
103357.5 2097152
103357.6 2104320
103357.6 2097152
103357.6 2104320
103357.7 2097152
103357.7 2099840
103357.8 2097152
103357.8 2099840
103357.9 2097152
103357.9 2098400
103358.0 2097152
103358.1 2098400
103358.1 2097152
103358.2 2104576
103358.2 2097152
103358.2 2104576
103358.3 2097152
103358.3 2100352
103358.3 2097152
103358.3 2100352
103358.4 2097152
103358.4 2098240
103358.4 2097152
103358.5 2098240
103358.5 2097152
103358.7 2233344
103358.8 2097152
103358.8 2233344
103358.9 2097152
103358.9 2132736
103359.0 2097152
103359.0 2132736
103359.0 2097152
103359.1 2105600
103359.1 2097152
103359.1 2105600
103359.2 2097152
103359.2 2099456
103359.2 2097152
103359.2 2099456
103359.3 2097152
103359.3 2106496
103359.3 2097152
103359.3 2106496
103359.4 2097152
103359.4 2100608
103359.4 2097152
103359.5 2100608
103359.5 2097152
103359.5 2129664
103359.6 2097152
103359.6 2129664
103359.6 2097152
103359.6 2103552
103359.7 2097152
103359.7 2103552
103359.7 2097152
103359.8 2099456
103359.8 2097152
103359.9 2099456
103359.9 2097152
103359.9 2107008
103360.0 2097152
103360.1 2107008
103360.1 2097152
103360.2 2099328
103360.3 2097152
103360.4 2099328
103360.5 2097152
103360.6 2099904
103360.6 2097152
103360.6 2099904
103360.6 2097152
103360.6 4591616
103361.8 2097152
103361.8 4591616
103362.9 2097152
103363.0 2703360
103363.4 2097152
103363.4 2703360
103363.7 2097152
103363.7 2263552
103363.8 2097152
103363.8 2263552
103363.9 2097152
103364.0 2133504
103364.0 2097152
103364.0 2133504
103364.1 2097152
103364.1 2108288
103364.2 2097152
103364.2 2108288
103364.2 2097152
103364.3 2100736
103364.3 2097152
103364.3 2100736
103364.4 2097152
103364.5 2098464
103364.5 2097152
103364.6 2098464
103364.6 2097152
103364.6 2097776
103364.6 2097152
103364.7 2097776
103364.7 2097152
103364.7 2104192
103364.7 2097152
103364.8 2104192
103364.8 2097152
103364.8 2144000
103364.9 2097152
103364.9 2144000
103364.9 2097152
103365.0 2111616
103365.0 2097152
103365.0 2111616
103365.0 2097152
103365.1 2101504
103365.1 2097152
103365.1 2101504
103365.1 2097152
103365.2 2098368
103365.2 2097152
103365.2 2098368
103365.2 2097152
103365.3 2100032
103365.3 2097152
103365.4 2100032
103365.4 2097152
103365.4 2106112
103365.5 2097152
103365.5 2106112
103365.5 2097152
103365.6 2099968
103365.6 2097152
103365.6 2099968
103365.6 2097152
103365.7 2233856
103365.8 2097152
103365.8 2233856
103365.9 2097152
103365.9 2128384
103366.0 2097152
103366.0 2128384
103366.2 2097152
103366.3 2103680
103366.4 2097152
103366.4 2103680
103366.5 2097152
103366.5 2106240
103366.6 2097152
103366.6 2106240
103366.7 2097152
103366.8 2099776
103366.8 2097152
103366.9 2099776
103366.9 2097152
103367.0 2134272
103367.0 2097152
103367.1 2134272
103367.2 2097152
103367.3 2105472
103367.3 2097152
103367.4 2105472
103367.4 2097152
103367.5 2099392
103367.5 2097152
103367.5 2099392
103367.6 2097152
103367.6 2107392
103367.7 2097152
103367.7 2107392
103367.8 2097152
103367.8 2100032
103367.9 2097152
103367.9 2100032
103368.0 2097152
103368.0 2099392
103368.1 2097152
103368.1 2099392
103368.2 2097152
103368.2 2738176
103368.5 2097152
103368.6 2738176
103368.9 2097152
103368.9 2259968
103369.1 2097152
103369.1 2259968
103369.2 2097152
103369.3 2151168
103369.4 2097152
103369.4 2151168
103369.5 2097152
103369.5 2113664
103369.6 2097152
103369.6 2113664
103369.7 2097152
103369.7 2101376
103369.8 2097152
103369.8 2101376
103369.9 2097152
103369.9 2099040
103369.9 2097152
103370.0 2099040
103370.0 2097152
103370.1 2097984
103370.1 2097152
103370.2 2097984
103370.2 2097152
103370.3 2101184
103370.3 2097152
103370.4 2101184
103370.4 2097152
103370.4 2098528
103370.5 2097152
103370.5 2098528
103370.6 2097152
103370.6 2107648
103370.7 2097152
103370.7 2107648
103370.7 2097152
103370.8 2100352
103370.8 2097152
103370.9 2100352
103370.9 2097152
103371.0 2124544
103371.1 2097152
103371.1 2124544
103371.2 2097152
103371.2 2104192
103371.2 2097152
103371.3 2104192
103371.4 2097152
103371.4 2103808
103371.5 2097152
103371.5 2103808
103371.6 2097152
103371.6 2254848
103371.7 2097152
103371.8 2254848
103371.9 2097152
103371.9 2137344
103372.0 2097152
103372.0 2137344
103372.1 2097152
103372.1 2103040
103372.2 2097152
103372.6 2103040
103372.6 2097152
103372.7 2111360
103372.7 2097152
103372.8 2111360
103372.8 2097152
103372.9 2102464
103372.9 2097152
103373.0 2102464
103373.0 2097152
103373.1 2098880
103373.2 2097152
103373.2 2098880
103373.3 2097152
103373.3 2135808
103373.4 2097152
103373.4 2135808
103373.5 2097152
103373.5 2104192
103373.6 2097152
103373.6 2104192
103373.7 2097152
103373.7 2099520
103373.8 2097152
103373.8 2099520
103373.9 2097152
103373.9 2109440
103374.0 2097152
103374.0 2109440
103374.1 2097152
103374.2 2100800
103374.3 2097152
103374.3 2100800
103374.4 2097152
103374.4 2099648
103374.5 2097152
103374.5 2099648
103374.6 2097152
103374.6 10022912
103378.2 2097152
103378.3 10022912
103381.9 2097152
103382.0 4188160
103383.1 2097152
103383.2 4188160
103384.1 2097152
103384.2 2691072
103384.4 2097152
103384.5 2691072
103384.7 2097152
103384.8 2220544
103384.8 2097152
103384.9 2220544
103384.9 2097152
103385.0 2122240
103385.0 2097152
103385.0 2122240
103385.1 2097152
103385.2 2103296
103385.2 2097152
103385.2 2103296
103385.2 2097152
103385.3 2103552
103385.3 2097152
103385.3 2103552
103385.3 2097152
103385.4 2099456
103385.4 2097152
103385.4 2099456
103385.4 2097152
103385.5 2133760
103385.5 2097152
103385.5 2133760
103385.6 2097152
103385.6 2105472
103385.6 2097152
103385.6 2105472
103385.6 2097152
103385.7 2099328
103385.7 2097152
103385.7 2099328
103385.7 2097152
103385.8 2107136
103385.8 2097152
103385.8 2107136
103385.8 2097152
103385.9 2100864
103385.9 2097152
103385.9 2100864
103385.9 2097152
103386.0 2270720
103386.1 2097152
103386.1 2270720
103386.2 2097152
103386.2 2144000
103386.2 2097152
103386.3 2144000
103386.3 2097152
103386.3 2108288
103386.4 2097152
103386.4 2108288
103386.4 2097152
103386.4 2099840
103386.5 2097152
103386.5 2099840
103386.5 2097152
103386.5 2100032
103386.5 2097152
103386.6 2100032
103386.6 2097152
103386.6 2109440
103386.6 2097152
103386.7 2109440
103386.7 2097152
103386.7 2100416
103386.7 2097152
103386.8 2100416
103386.8 2097152
103386.8 2098400
103386.8 2097152
103386.9 2098400
103386.9 2097152
103386.9 2100032
103387.0 2097152
103387.0 2100032
103387.0 2097152
103387.0 2098240
103387.1 2097152
103387.1 2098240
103387.2 2097152
103387.3 2137088
103387.4 2097152
103387.4 2137088
103387.4 2097152
103387.5 2107520
103387.5 2097152
103387.5 2107520
103387.6 2097152
103387.6 2099648
103387.7 2097152
103387.7 2099648
103387.7 2097152
103387.8 2099840
103387.8 2097152
103387.8 2099840
103387.9 2097152
103387.9 2106752
103387.9 2097152
103388.0 2106752
103388.0 2097152
103388.1 2100416
103388.1 2097152
103388.1 2100416
103388.2 2097152
103388.2 2548736
103388.4 2097152
103388.5 2548736
103388.7 2097152
103388.7 2241536
103388.8 2097152
103388.9 2241536
103389.0 2097152
103389.0 2135296
103389.1 2097152
103389.1 2135296
103389.2 2097152
103389.2 2103808
103389.2 2097152
103389.3 2103808
103389.3 2097152
103389.4 2099264
103389.4 2097152
103389.4 2099264
103389.5 2097152
103389.6 2109568
103390.1 2097152
103390.2 2109568
103390.3 2097152
103390.4 2099392
103390.4 2097152
103390.5 2099392
103390.5 2097152
103390.7 2101120
103390.7 2097152
103390.8 2101120
103390.9 2097152
103390.9 2098272
103390.9 2097152
103391.0 2098272
103391.0 2097152
103391.0 2131200
103391.1 2097152
103391.2 2131200
103391.3 2097152
103391.3 2104576
103391.3 2097152
103391.4 2104576
103391.4 2097152
103391.4 2106752
103391.5 2097152
103391.5 2106752
103391.6 2097152
103391.6 2100352
103391.6 2097152
103391.6 2100352
103391.7 2097152
103391.7 2178560
103392.0 2097152
103392.0 2178560
103392.2 2097152
103392.3 2119936
103392.3 2097152
103392.4 2119936
103392.5 2097152
103392.5 2102400
103392.5 2097152
103392.6 2102400
103392.6 2097152
103392.7 2103296
103392.7 2097152
103392.8 2103296
103392.8 2097152
103392.9 2115072
103393.0 2097152
103393.0 2115072
103393.1 2097152
103393.1 2104064
103393.2 2097152
103393.2 2104064
103393.3 2097152
103393.3 2099200
103393.3 2097152
103393.4 2099200
103393.4 2097152
103393.4 3969024
103396.5 2097152
103396.6 3969024
103399.8 2097152
103399.9 2626560
103400.8 2097152
103400.9 2626560
103401.7 2097152
103401.7 2209792
103402.0 2097152
103402.0 2209792
103402.2 2097152
103402.3 2114816
103402.4 2097152
103402.4 2114816
103402.5 2097152
103402.5 2099968
103402.6 2097152
103402.6 2099968
103402.7 2097152
103402.7 2103168
103402.8 2097152
103402.9 2103168
103402.9 2097152
103403.0 2099584
103403.0 2097152
103403.1 2099584
103403.1 2097152
103403.2 2135808
103403.3 2097152
103403.4 2135808
103403.6 2097152
103403.7 2102528
103403.7 2097152
103403.8 2102528
103403.8 2097152
103403.9 2111104
103403.9 2097152
103404.0 2111104
103404.1 2097152
103404.1 2102528
103404.2 2097152
103404.2 2102528
103404.3 2097152
103404.3 2098560
103404.4 2097152
103404.4 2098560
103404.4 2097152
103404.5 2098432
103404.6 2097152
103404.6 2098432
103404.7 2097152
103404.8 2097696
103404.8 2097152
103404.9 2097696
103404.9 2097152
103404.9 2249216
103405.2 2097152
103405.2 2249216
103405.4 2097152
103405.4 2133248
103405.5 2097152
103405.6 2133248
103405.6 2097152
103405.7 2106880
103405.7 2097152
103405.8 2106880
103405.8 2097152
103405.8 2100032
103405.9 2097152
103405.9 2100032
103406.0 2097152
103406.0 2105472
103406.1 2097152
103406.2 2105472
103406.2 2097152
103406.3 2100288
103406.3 2097152
103406.4 2100288
103406.4 2097152
103406.5 2098208
103406.5 2097152
103406.6 2098208
103406.7 2097152
103406.8 2137088
103407.0 2097152
103407.1 2137088
103407.1 2097152
103407.2 2109824
103407.2 2097152
103407.2 2109824
103407.3 2097152
103407.3 2100352
103407.3 2097152
103407.4 2100352
103407.4 2097152
103407.4 2100288
103407.5 2097152
103407.5 2100288
103407.5 2097152
103407.6 2098368
103407.6 2097152
103407.6 2098368
103407.7 2097152
103407.7 2104448
103407.8 2097152
103407.8 2104448
103407.8 2097152
103407.9 2099712
103407.9 2097152
103407.9 2099712
103408.0 2097152
103408.1 2503680
103408.5 2097152
103408.6 2503680
103409.0 2097152
103409.0 2213888
103409.1 2097152
103409.2 2213888
103409.3 2097152
103409.3 2124288
103409.5 2097152
103409.6 2124288
103409.6 2097152
103409.7 2102912
103409.7 2097152
103409.8 2102912
103409.9 2097152
103410.0 2099712
103410.1 2097152
103410.1 2099712
103410.2 2097152
103410.2 2104960
103410.3 2097152
103410.3 2104960
103410.4 2097152
103410.4 2099392
103410.5 2097152
103410.5 2099392
103410.5 2097152
103410.6 2128384
103410.7 2097152
103410.7 2128384
103410.8 2097152
103410.8 2106752
103410.9 2097152
103410.9 2106752
103411.0 2097152
103411.0 2099584
103411.1 2097152
103411.2 2099584
103411.2 2097152
103411.2 2098240
103411.3 2097152
103411.3 2098240
103411.4 2097152
103411.4 2099520
103411.5 2097152
103411.6 2099520
103411.6 2097152
103411.6 2103168
103411.7 2097152
103411.7 2103168
103411.8 2097152
103411.8 2183680
103411.9 2097152
103412.0 2183680
103412.1 2097152
103412.1 2119424
103412.2 2097152
103412.2 2119424
103412.3 2097152
103412.3 2101248
103412.4 2097152
103412.4 2101248
103412.5 2097152
103412.5 2104192
103412.6 2097152
103412.6 2104192
103412.7 2097152
103412.7 2099328
103412.8 2097152
103412.8 2099328
103412.8 2097152
103412.9 2118144
103413.0 2097152
103413.1 2118144
103413.1 2097152
103413.2 2102528
103413.2 2097152
103413.3 2102528
103413.3 2097152
103413.3 2102272
103413.4 2097152
103413.4 2102272
103413.5 2097152
103413.5 37257216
103430.6 2097152
103430.8 37257216
103447.1 2097152
103447.2 10911744
103451.1 2097152
103451.2 10911744
103455.1 2097152
103455.3 4431872
103456.4 2097152
103456.6 4431872
103457.6 2097152
103457.6 2556928
103457.9 2097152
103458.0 2556928
103458.3 2097152
103458.3 2215424
103458.4 2097152
103458.5 2215424
103458.6 2097152
103458.6 2125056
103458.6 2097152
103458.7 2125056
103458.7 2097152
103458.8 2106112
103458.8 2097152
103458.8 2106112
103458.9 2097152
103458.9 2100096
103459.0 2097152
103459.0 2100096
103459.0 2097152
103459.1 2102144
103459.1 2097152
103459.1 2102144
103459.2 2097152
103459.2 2128384
103459.3 2097152
103459.3 2128384
103459.4 2097152
103459.4 2106496
103459.5 2097152
103459.5 2106496
103459.5 2097152
103459.6 2099776
103459.6 2097152
103459.6 2099776
103459.7 2097152
103459.7 2098240
103459.7 2097152
103459.8 2098240
103459.8 2097152
103459.8 2103424
103459.9 2097152
103459.9 2103424
103460.0 2097152
103460.1 2208768
103460.3 2097152
103460.4 2208768
103460.4 2097152
103460.5 2116864
103460.6 2097152
103460.7 2116864
103460.7 2097152
103460.8 2100992
103460.8 2097152
103460.8 2100992
103460.9 2097152
103461.0 2103168
103461.0 2097152
103461.0 2103168
103461.1 2097152
103461.1 2099584
103461.2 2097152
103461.2 2099584
103461.2 2097152
103461.2 2133248
103461.3 2097152
103461.4 2133248
103461.5 2097152
103461.5 2102784
103461.5 2097152
103461.5 2102784
103461.6 2097152
103461.6 2109568
103461.6 2097152
103461.7 2109568
103461.7 2097152
103461.7 2101824
103461.8 2097152
103461.8 2101824
103461.8 2097152
103461.9 2098208
103461.9 2097152
103461.9 2098208
103461.9 2097152
103462.0 2098432
103462.0 2097152
103462.0 2098432
103462.0 2097152
103462.1 2804736
103463.2 2097152
103463.2 2804736
103464.6 2097152
103464.7 2266112
103464.9 2097152
103465.0 2266112
103465.2 2097152
103465.2 2129152
103465.3 2097152
103465.3 2129152
103465.4 2097152
103465.4 2102784
103465.4 2097152
103465.4 2102784
103465.5 2097152
103465.5 2107520
103465.5 2097152
103465.5 2107520
103465.6 2097152
103465.6 2099648
103465.6 2097152
103465.6 2099648
103465.7 2097152
103465.7 2099840
103465.7 2097152
103465.7 2099840
103465.8 2097152
103465.8 2149632
103465.9 2097152
103465.9 2149632
103466.0 2097152
103466.0 2109952
103466.1 2097152
103466.2 2109952
103466.2 2097152
103466.3 2099776
103466.4 2097152
103466.5 2099776
103466.6 2097152
103466.6 2100928
103466.7 2097152
103466.7 2100928
103466.8 2097152
103466.9 2098496
103466.9 2097152
103467.0 2098496
103467.0 2097152
103467.1 2110592
103467.1 2097152
103467.2 2110592
103467.2 2097152
103467.3 2101568
103467.4 2097152
103467.4 2101568
103467.4 2097152
103467.4 2098880
103467.5 2097152
103467.5 2098880
103467.5 2097152
103467.5 2097856
103467.6 2097152
103467.6 2097856
103467.6 2097152
103467.6 2099456
103467.6 2097152
103467.7 2099456
103467.7 2097152
103467.7 2281984
103467.9 2097152
103467.9 2281984
103468.1 2097152
103468.1 2139392
103468.4 2097152
103468.5 2139392
103468.6 2097152
103468.7 2106112
103468.7 2097152
103468.8 2106112
103468.8 2097152
103468.9 2099840
103468.9 2097152
103468.9 2099840
103469.0 2097152
103469.0 2109312
103469.1 2097152
103469.1 2109312
103469.2 2097152
103469.2 2099584
103469.3 2097152
103469.3 2099584
103469.4 2097152
103469.5 2100800
103469.5 2097152
103469.5 2100800
103469.6 2097152
103469.6 2147328
103469.7 2097152
103469.8 2147328
103469.8 2097152
103469.9 2106240
103469.9 2097152
103470.0 2106240
103470.0 2097152
103470.1 2099968
103470.1 2097152
103470.2 2099968
103470.2 2097152
103470.3 2113152
103470.3 2097152
103470.4 2113152
103470.4 2097152
103470.5 2100416
103470.5 2097152
103470.5 2100416
103470.6 2097152
103470.6 2098208
103470.7 2097152
103470.7 2098208
103470.7 2097152
103470.8 2101888
103470.8 2097152
103470.8 2101888
103470.9 2097152
103471.0 2098336
103471.0 2097152
103471.1 2098336
103471.1 2097152
103471.2 2098336
103471.2 2097152
103471.2 2098336
103471.3 2097152
103471.3 4169728
103473.2 2097152
103473.3 4169728
103475.3 2097152
103475.4 2626560
103476.0 2097152
103476.0 2626560
103476.3 2097152
103476.4 2252288
103476.5 2097152
103476.5 2252288
103476.6 2097152
103476.7 2132480
103476.7 2097152
103476.7 2132480
103476.8 2097152
103476.8 2106240
103476.8 2097152
103476.9 2106240
103476.9 2097152
103476.9 2099968
103477.0 2097152
103477.0 2099968
103477.0 2097152
103477.1 2105728
103477.2 2097152
103477.2 2105728
103477.2 2097152
103477.3 2099776
103477.3 2097152
103477.3 2099776
103477.3 2097152
103477.4 2139392
103477.4 2097152
103477.4 2139392
103477.5 2097152
103477.5 2105984
103477.6 2097152
103477.6 2105984
103477.6 2097152
103477.6 2099648
103477.7 2097152
103477.7 2099648
103477.7 2097152
103477.8 2109440
103477.8 2097152
103477.8 2109440
103477.9 2097152
103477.9 2100288
103477.9 2097152
103477.9 2100288
103478.0 2097152
103478.0 2100160
103478.0 2097152
103478.1 2100160
103478.1 2097152
103478.1 2206720
103478.2 2097152
103478.2 2206720
103478.3 2097152
103478.4 2132736
103478.4 2097152
103478.4 2132736
103478.5 2097152
103478.5 2104064
103478.5 2097152
103478.6 2104064
103478.6 2097152
103478.6 2099840
103478.6 2097152
103478.7 2099840
103478.7 2097152
103478.7 2098208
103478.8 2097152
103478.8 2098208
103478.8 2097152
103478.8 2108032
103478.9 2097152
103478.9 2108032
103478.9 2097152
103479.0 2100032
103479.0 2097152
103479.0 2100032
103479.0 2097152
103479.1 2098304
103479.1 2097152
103479.1 2098304
103479.2 2097152
103479.2 2099712
103479.2 2097152
103479.2 2099712
103479.3 2097152
103479.3 2116352
103479.3 2097152
103479.4 2116352
103479.4 2097152
103479.4 2101632
103479.5 2097152
103479.5 2101632
103479.5 2097152
103479.5 2102272
103479.6 2097152
103479.6 2102272
103479.6 2097152
103479.7 2604032
103480.0 2097152
103480.0 2604032
103480.4 2097152
103480.4 2217984
103480.5 2097152
103480.5 2217984
103480.6 2097152
103480.6 2125056
103480.7 2097152
103480.7 2125056
103480.8 2097152
103480.8 2103936
103480.8 2097152
103480.9 2103936
103480.9 2097152
103480.9 2104320
103481.0 2097152
103481.0 2104320
103481.0 2097152
103481.0 2099328
103481.1 2097152
103481.1 2099328
103481.1 2097152
103481.2 2129664
103481.2 2097152
103481.2 2129664
103481.3 2097152
103481.3 2103808
103481.3 2097152
103481.4 2103808
103481.4 2097152
103481.4 2099328
103481.5 2097152
103481.5 2099328
103481.5 2097152
103481.5 2106752
103481.6 2097152
103481.6 2106752
103481.7 2097152
103481.7 2100864
103481.7 2097152
103481.8 2100864
103481.8 2097152
103481.8 2098496
103481.8 2097152
103481.9 2098496
103481.9 2097152
103481.9 2097680
103482.0 2097152
103482.2 2097680
103482.2 2097152
103482.2 2229760
103482.4 2097152
103482.5 2229760
103482.6 2097152
103482.7 2128896
103482.7 2097152
103482.8 2128896
103482.9 2097152
103482.9 2105856
103483.0 2097152
103483.0 2105856
103483.0 2097152
103483.0 2099328
103483.2 2097152
103483.2 2099328
103483.2 2097152
103483.3 2099328
103483.3 2097152
103483.3 2099328
103483.4 2097152
103483.4 2104320
103483.4 2097152
103483.5 2104320
103483.5 2097152
103483.5 2099264
103483.6 2097152
103483.6 2099264
103483.6 2097152
103483.6 2131712
103483.7 2097152
103483.7 2131712
103483.8 2097152
103483.8 2104704
103483.8 2097152
103483.8 2104704
103483.9 2097152
103483.9 2099648
103483.9 2097152
103483.9 2099648
103484.0 2097152
103484.0 2098240
103484.0 2097152
103484.0 2098240
103484.1 2097152
103484.1 2106880
103484.1 2097152
103484.1 2106880
103484.2 2097152
103484.2 2100288
103484.2 2097152
103484.3 2100288
103484.3 2097152
103484.3 10862592
103492.5 2097152
103492.5 10862592
103500.4 2097152
103500.5 4435968
103502.7 2097152
103502.7 4435968
103504.9 2097152
103504.9 2628608
103505.4 2097152
103505.5 2628608
103506.0 2097152
103506.0 2234368
103506.3 2097152
103506.4 2234368
103506.6 2097152
103507.0 2136832
103507.1 2097152
103507.2 2136832
103507.3 2097152
103507.3 2109952
103507.4 2097152
103507.4 2109952
103507.5 2097152
103507.5 2100096
103507.6 2097152
103507.6 2100096
103507.7 2097152
103507.8 2100608
103507.8 2097152
103507.9 2100608
103507.9 2097152
103507.9 2104192
103508.0 2097152
103508.0 2104192
103508.1 2097152
103508.1 2099712
103508.2 2097152
103508.2 2099712
103508.2 2097152
103508.3 2126080
103508.3 2097152
103508.4 2126080
103508.4 2097152
103508.5 2102912
103508.5 2097152
103508.6 2102912
103508.6 2097152
103508.6 2105856
103508.7 2097152
103508.7 2105856
103508.8 2097152
103508.8 2100480
103508.8 2097152
103508.9 2100480
103508.9 2097152
103508.9 2225664
103509.0 2097152
103509.1 2225664
103509.2 2097152
103509.2 2133760
103509.2 2097152
103509.3 2133760
103509.3 2097152
103509.3 2103808
103509.4 2097152
103509.4 2103808
103509.4 2097152
103509.4 2108800
103509.5 2097152
103509.5 2108800
103509.5 2097152
103509.6 2100416
103509.6 2097152
103509.6 2100416
103509.6 2097152
103509.7 2099712
103509.7 2097152
103509.7 2099712
103509.8 2097152
103509.8 2124800
103509.8 2097152
103509.9 2124800
103509.9 2097152
103509.9 2106112
103510.0 2097152
103510.0 2106112
103510.0 2097152
103510.0 2099904
103510.1 2097152
103510.1 2099904
103510.1 2097152
103510.2 2102016
103510.2 2097152
103510.2 2102016
103510.3 2097152
103510.3 2735104
103510.6 2097152
103510.6 2735104
103511.0 2097152
103511.0 2252288
103511.1 2097152
103511.3 2252288
103511.4 2097152
103511.5 2143232
103511.5 2097152
103511.6 2143232
103511.6 2097152
103511.6 2110976
103511.7 2097152
103511.7 2110976
103511.7 2097152
103511.8 2101824
103511.8 2097152
103511.8 2101824
103511.8 2097152
103511.9 2098880
103511.9 2097152
103511.9 2098880
103511.9 2097152
103512.0 2097856
103512.0 2097152
103512.0 2097856
103512.1 2097152
103512.1 2099392
103512.1 2097152
103512.1 2099392
103512.2 2097152
103512.2 2106368
103512.2 2097152
103512.3 2106368
103512.3 2097152
103512.3 2099456
103512.4 2097152
103512.4 2099456
103512.4 2097152
103512.4 2099456
103512.5 2097152
103512.5 2099456
103512.5 2097152
103512.6 2128640
103512.6 2097152
103512.6 2128640
103512.7 2097152
103512.7 2104576
103512.8 2097152
103512.8 2104576
103512.8 2097152
103512.8 2099584
103512.9 2097152
103512.9 2099584
103512.9 2097152
103513.0 2105472
103513.0 2097152
103513.1 2105472
103513.1 2097152
103513.1 2100224
103513.1 2097152
103513.2 2100224
103513.2 2097152
103513.2 2260992
103513.4 2097152
103513.4 2260992
103513.7 2097152
103513.8 2131200
103513.9 2097152
103513.9 2131200
103514.0 2097152
103514.0 2108288
103514.0 2097152
103514.1 2108288
103514.4 2097152
103514.5 2099392
103514.5 2097152
103514.6 2099392
103514.6 2097152
103514.6 2100480
103514.7 2097152
103514.7 2100480
103514.8 2097152
103514.8 2098400
103514.8 2097152
103514.9 2098400
103514.9 2097152
103515.0 2103040
103515.1 2097152
103515.2 2103040
103515.2 2097152
103515.3 2099264
103515.3 2097152
103516.1 2099264
103516.1 2097152
103516.2 2145024
103516.3 2097152
103516.3 2145024
103516.4 2097152
103516.4 2105600
103516.4 2097152
103516.5 2105600
103516.5 2097152
103516.6 2099904
103516.6 2097152
103516.6 2099904
103516.6 2097152
103516.7 2112640
103516.7 2097152
103516.8 2112640
103516.8 2097152
103516.8 2101056
103516.9 2097152
103516.9 2101056
103517.0 2097152
103517.0 2098240
103517.0 2097152
103517.1 2098240
103517.2 2097152
103517.2 2100992
103517.2 2097152
103517.3 2100992
103517.3 2097152
103517.4 2098432
103517.4 2097152
103517.5 2098432
103517.5 2097152
103517.5 4141056
103519.5 2097152
103519.5 4141056
103521.6 2097152
103521.7 2802688
103522.5 2097152
103522.5 2802688
103523.4 2097152
103523.4 2227200
103523.6 2097152
103523.7 2227200
103523.8 2097152
103523.8 2127104
103523.9 2097152
103523.9 2127104
103523.9 2097152
103523.9 2106368
103524.0 2097152
103524.0 2106368
103524.0 2097152
103524.0 2099776
103524.1 2097152
103524.1 2099776
103524.1 2097152
103524.2 2102912
103524.3 2097152
103524.3 2102912
103524.3 2097152
103524.4 2132224
103524.4 2097152
103524.5 2132224
103524.5 2097152
103524.6 2105984
103524.6 2097152
103524.6 2105984
103524.6 2097152
103524.7 2099392
103524.7 2097152
103524.7 2099392
103524.7 2097152
103524.8 2099328
103524.8 2097152
103524.8 2099328
103524.9 2097152
103524.9 2105856
103524.9 2097152
103524.9 2105856
103525.0 2097152
103525.0 2099840
103525.0 2097152
103525.1 2099840
103525.1 2097152
103525.1 2319872
103525.3 2097152
103525.4 2319872
103525.6 2097152
103525.6 2150400
103525.7 2097152
103525.7 2150400
103525.8 2097152
103525.8 2111488
103525.8 2097152
103525.9 2111488
103525.9 2097152
103526.0 2102336
103526.0 2097152
103526.0 2102336
103526.0 2097152
103526.1 2098464
103526.1 2097152
103526.1 2098464
103526.1 2097152
103526.1 2098432
103526.2 2097152
103526.2 2098432
103526.2 2097152
103526.2 2097728
103526.3 2097152
103526.3 2097728
103526.4 2097152
103526.4 2109440
103526.4 2097152
103526.5 2109440
103526.5 2097152
103526.5 2100096
103526.5 2097152
103526.6 2100096
103526.6 2097152
103526.6 2100352
103526.7 2097152
103526.7 2100352
103526.7 2097152
103526.8 2155264
103526.8 2097152
103526.8 2155264
103526.9 2097152
103526.9 2112384
103527.0 2097152
103527.0 2112384
103527.0 2097152
103527.1 2099968
103527.1 2097152
103527.1 2099968
103527.2 2097152
103527.2 2098240
103527.2 2097152
103527.2 2098240
103527.3 2097152
103527.3 2101952
103527.3 2097152
103527.4 2101952
103527.4 2097152
103527.4 2098368
103527.4 2097152
103527.5 2098368
103527.5 2097152
103527.5 2098336
103527.6 2097152
103527.6 2098336
103527.6 2097152
103527.6 2110976
103527.7 2097152
103527.7 2110976
103527.7 2097152
103527.8 2101056
103527.8 2097152
103527.8 2101056
103527.9 2097152
103527.9 2098368
103527.9 2097152
103527.9 2098368
103528.0 2097152
103528.0 2100160
103528.0 2097152
103528.1 2100160
103528.1 2097152
103528.2 2413568
103528.4 2097152
103528.5 2413568
103528.6 2097152
103528.7 2159104
103528.7 2097152
103528.8 2159104
103528.8 2097152
103528.8 2112768
103528.9 2097152
103528.9 2112768
103528.9 2097152
103529.0 2101504
103529.0 2097152
103529.0 2101504
103529.1 2097152
103529.1 2100608
103529.1 2097152
103529.2 2100608
103529.2 2097152
103529.2 2112512
103529.3 2097152
103529.3 2112512
103529.3 2097152
103529.3 2101888
103529.4 2097152
103529.4 2101888
103529.4 2097152
103529.5 2100096
103529.5 2097152
103529.5 2100096
103529.5 2097152
103529.6 2193408
103529.6 2097152
103529.7 2193408
103529.8 2097152
103529.8 2113792
103529.8 2097152
103529.8 2113792
103529.9 2097152
103529.9 2100864
103529.9 2097152
103530.0 2100864
103530.0 2097152
103530.0 2101760
103530.0 2097152
103530.1 2101760
103530.1 2097152
103530.1 2099264
103530.2 2097152
103530.2 2099264
103530.2 2097152
103530.2 2128640
103530.3 2097152
103530.3 2128640
103530.4 2097152
103530.4 2105984
103530.4 2097152
103530.4 2105984
103530.5 2097152
103530.5 2099392
103530.5 2097152
103530.6 2099392
103530.6 2097152
103530.6 2099328
103530.6 2097152
103530.7 2099328
103530.7 2097152
103530.8 2104064
103530.8 2097152
103530.8 2104064
103530.9 2097152
103530.9 2099264
103530.9 2097152
103530.9 2099264
103531.0 2097152
103531.0 67108864
103984.7 2097152
103984.8 67108864
104490.9 2097152
104494.8 67108864
104609.8 2097152
104609.9 67108864
104802.6 2097152
104802.7 32301056
104837.9 2097152
104837.9 32301056
104872.6 2097152
104872.6 9723904
104881.6 2097152
104881.7 9723904
104889.9 2097152
104890.0 3758080
104892.0 2097152
104892.1 3758080
104894.1 2097152
104894.2 2533376
104894.8 2097152
104894.8 2533376
104895.4 2097152
104895.4 2202112
104895.7 2097152
104895.7 2202112
104895.9 2097152
104895.9 2121472
104895.9 2097152
104896.0 2121472
104896.0 2097152
104896.0 2101120
104896.0 2097152
104896.1 2101120
104896.1 2097152
104896.1 2105344
104896.1 2097152
104896.2 2105344
104896.2 2097152
104896.2 2099904
104896.2 2097152
104896.3 2099904
104896.3 2097152
104896.3 2125312
104896.4 2097152
104896.4 2125312
104896.4 2097152
104896.4 2104448
104896.5 2097152
104896.5 2104448
104896.5 2097152
104896.5 2103936
104896.6 2097152
104896.6 2103936
104896.6 2097152
104896.6 2099328
104896.7 2097152
104896.7 2099328
104896.7 2097152
104896.7 2210304
104896.9 2097152
104896.9 2210304
104897.0 2097152
104897.1 2130944
104897.2 2097152
104897.3 2130944
104897.4 2097152
104897.4 2107136
104897.5 2097152
104897.5 2107136
104897.7 2097152
104897.7 2100672
104897.7 2097152
104897.7 2100672
104897.8 2097152
104897.8 2098336
104897.8 2097152
104897.8 2098336
104897.9 2097152
104897.9 2104064
104897.9 2097152
104897.9 2104064
104898.0 2097152
104898.0 2119936
104898.1 2097152
104898.1 2119936
104898.1 2097152
104898.2 2101120
104898.2 2097152
104898.2 2101120
104898.2 2097152
104898.3 2104576
104898.3 2097152
104898.3 2104576
104898.3 2097152
104898.3 2099328
104898.4 2097152
104898.4 2099328
104898.4 2097152
104898.4 2491392
104898.9 2097152
104898.9 2491392
104899.4 2097152
104899.5 2211840
104899.6 2097152
104899.7 2211840
104899.8 2097152
104899.8 2126080
104899.9 2097152
104899.9 2126080
104899.9 2097152
104900.0 2104960
104900.0 2097152
104900.0 2104960
104900.0 2097152
104900.1 2099392
104900.1 2097152
104900.1 2099392
104900.1 2097152
104900.2 2103808
104900.2 2097152
104900.2 2103808
104900.3 2097152
104900.3 2125568
104900.3 2097152
104900.4 2125568
104900.4 2097152
104900.4 2103168
104900.5 2097152
104900.5 2103168
104900.5 2097152
104900.6 2105344
104900.6 2097152
104900.6 2105344
104900.7 2097152
104900.7 2099264
104900.7 2097152
104900.7 2099264
104900.8 2097152
104900.8 2179584
104900.9 2097152
104900.9 2179584
104901.1 2097152
104901.1 2117376
104901.1 2097152
104901.1 2117376
104901.2 2097152
104901.2 2100608
104901.2 2097152
104901.2 2100608
104901.3 2097152
104901.3 2103808
104901.3 2097152
104901.4 2103808
104901.4 2097152
104901.4 2099264
104901.4 2097152
104901.5 2099264
104901.5 2097152
104901.5 2118144
104901.6 2097152
104901.6 2118144
104901.6 2097152
104901.6 2103936
104901.7 2097152
104901.7 2103936
104901.7 2097152
104901.7 2100864
104901.8 2097152
104901.8 2100864
104901.8 2097152
104901.8 4249600
104904.4 2097152
104904.4 4249600
104907.1 2097152
104907.1 2765824
104907.9 2097152
104907.9 2765824
104908.6 2097152
104908.7 2232832
104908.8 2097152
104908.8 2232832
104908.9 2097152
104909.0 2129408
104909.0 2097152
104909.1 2129408
104909.1 2097152
104909.2 2100736
104909.2 2097152
104909.2 2100736
104909.2 2097152
104909.3 2109696
104909.3 2097152
104909.3 2109696
104909.3 2097152
104909.4 2099712
104909.4 2097152
104909.4 2099712
104909.4 2097152
104909.4 2100864
104909.5 2097152
104909.5 2100864
104909.5 2097152
104909.5 2098240
104909.6 2097152
104909.6 2098240
104909.6 2097152
104909.6 2132736
104909.7 2097152
104909.7 2132736
104909.8 2097152
104909.8 2104704
104909.8 2097152
104909.8 2104704
104909.9 2097152
104909.9 2099776
104909.9 2097152
104909.9 2099776
104910.0 2097152
104910.0 2107392
104910.0 2097152
104910.1 2107392
104910.1 2097152
104910.1 2100992
104910.1 2097152
104910.2 2100992
104910.2 2097152
104910.2 2098336
104910.2 2097152
104910.3 2098336
104910.3 2097152
104910.3 2295808
104910.6 2097152
104910.6 2295808
104910.8 2097152
104910.9 2145536
104910.9 2097152
104911.0 2145536
104911.0 2097152
104911.1 2109440
104911.1 2097152
104911.1 2109440
104911.2 2097152
104911.2 2100736
104911.2 2097152
104911.2 2100736
104911.3 2097152
104911.3 2098432
104911.3 2097152
104911.3 2098432
104911.3 2097152
104911.4 2099712
104911.4 2097152
104911.4 2099712
104911.4 2097152
104911.5 2109056
104911.5 2097152
104911.5 2109056
104911.6 2097152
104911.6 2101632
104911.6 2097152
104911.6 2101632
104911.7 2097152
104911.7 2098400
104911.7 2097152
104911.7 2098400
104911.8 2097152
104911.8 2148096
104912.0 2097152
104912.1 2148096
104912.3 2097152
104912.3 2113664
104912.4 2097152
104912.5 2113664
104912.6 2097152
104912.7 2101312
104912.7 2097152
104912.7 2101312
104912.8 2097152
104912.8 2098368
104912.8 2097152
104912.8 2098368
104912.9 2097152
104912.9 2097696
104912.9 2097152
104912.9 2097696
104913.0 2097152
104913.0 2101248
104913.0 2097152
104913.0 2101248
104913.1 2097152
104913.1 2098688
104913.1 2097152
104913.2 2098688
104913.2 2097152
104913.2 2097696
104913.2 2097152
104913.2 2097696
104913.3 2097152
104913.3 2106112
104913.3 2097152
104913.3 2106112
104913.4 2097152
104913.4 2100864
104913.4 2097152
104913.4 2100864
104913.5 2097152
104913.5 2504704
104914.0 2097152
104914.0 2504704
104914.5 2097152
104914.6 2209280
104914.9 2097152
104914.9 2209280
104915.1 2097152
104915.1 2130176
104915.2 2097152
104915.2 2130176
104915.3 2097152
104915.3 2101888
104915.3 2097152
104915.3 2101888
104915.4 2097152
104915.4 2108928
104915.4 2097152
104915.5 2108928
104915.5 2097152
104915.5 2099584
104915.5 2097152
104915.6 2099584
104915.6 2097152
104915.6 2100608
104915.7 2097152
104915.7 2100608
104915.7 2097152
104915.7 2120192
104915.8 2097152
104915.8 2120192
104915.9 2097152
104915.9 2104960
104915.9 2097152
104915.9 2104960
104916.0 2097152
104916.0 2099392
104916.0 2097152
104916.0 2099392
104916.1 2097152
104916.1 2100864
104916.1 2097152
104916.1 2100864
104916.2 2097152
104916.2 2188800
104916.3 2097152
104916.3 2188800
104916.5 2097152
104916.5 2123008
104916.5 2097152
104916.6 2123008
104916.6 2097152
104916.6 2104320
104916.7 2097152
104916.7 2104320
104916.7 2097152
104916.7 2100224
104916.8 2097152
104916.8 2100224
104916.8 2097152
104916.8 2098272
104916.8 2097152
104916.9 2098272
104916.9 2097152
104916.9 2102912
104916.9 2097152
104917.0 2102912
104917.0 2097152
104917.0 2117120
104917.1 2097152
104917.1 2117120
104917.1 2097152
104917.1 2102528
104917.2 2097152
104917.2 2102528
104917.2 2097152
104917.3 2101760
104917.3 2097152
104917.3 2101760
104917.4 2097152
104917.4 9572352
104926.5 2097152
104926.6 9572352
104936.0 2097152
104936.0 4075520
104938.7 2097152
104938.7 4075520
104941.2 2097152
104941.3 2564096
104941.9 2097152
104942.0 2564096
104942.5 2097152
104942.5 2201600
104942.7 2097152
104942.7 2201600
104942.9 2097152
104942.9 2117632
104943.0 2097152
104943.0 2117632
104943.0 2097152
104943.1 2103680
104943.1 2097152
104943.1 2103680
104943.2 2097152
104943.2 2100864
104943.2 2097152
104943.2 2100864
104943.2 2097152
104943.3 2128896
104943.3 2097152
104943.4 2128896
104943.4 2097152
104943.5 2104960
104943.5 2097152
104943.5 2104960
104943.5 2097152
104943.6 2099520
104943.6 2097152
104943.6 2099520
104943.6 2097152
104943.6 2105216
104943.7 2097152
104943.7 2105216
104943.7 2097152
104943.8 2099648
104943.8 2097152
104943.8 2099648
104943.8 2097152
104943.8 2226176
104944.0 2097152
104944.0 2226176
104944.2 2097152
104944.2 2112256
104944.3 2097152
104944.3 2112256
104944.3 2097152
104944.4 2100608
104944.4 2097152
104944.4 2100608
104944.4 2097152
104944.5 2101248
104944.5 2097152
104944.5 2101248
104944.6 2097152
104944.6 2146560
104944.7 2097152
104944.7 2146560
104944.8 2097152
104944.8 2107520
104944.8 2097152
104944.8 2107520
104944.9 2097152
104944.9 2099968
104944.9 2097152
104945.0 2099968
104945.0 2097152
104945.0 2099520
104945.0 2097152
104945.1 2099520
104945.1 2097152
104945.2 2111488
104945.3 2097152
104945.3 2111488
104945.3 2097152
104945.3 2101632
104945.4 2097152
104945.4 2101632
104945.4 2097152
104945.4 2098368
104945.5 2097152
104945.5 2098368
104945.5 2097152
104945.5 2099840
104945.6 2097152
104945.6 2099840
104945.6 2097152
104945.7 2619392
104946.4 2097152
104946.4 2619392
104947.1 2097152
104947.1 2260992
104947.3 2097152
104947.4 2260992
104947.5 2097152
104947.5 2151424
104947.6 2097152
104947.6 2151424
104947.7 2097152
104947.7 2106240
104947.7 2097152
104947.7 2106240
104947.8 2097152
104947.8 2099968
104947.8 2097152
104947.8 2099968
104947.9 2097152
104947.9 2115200
104947.9 2097152
104948.0 2115200
104948.0 2097152
104948.0 2102144
104948.0 2097152
104948.1 2102144
104948.1 2097152
104948.1 2098816
104948.1 2097152
104948.2 2098816
104948.2 2097152
104948.2 2097696
104948.2 2097152
104948.3 2097696
104948.3 2097152
104948.3 2101184
104948.3 2097152
104948.4 2101184
104948.4 2097152
104948.4 2098432
104948.4 2097152
104948.4 2098432
104948.5 2097152
104948.5 2124800
104948.6 2097152
104948.6 2124800
104948.7 2097152
104948.7 2104320
104948.7 2097152
104948.7 2104320
104948.8 2097152
104948.8 2099840
104948.8 2097152
104948.8 2099840
104948.9 2097152
104948.9 2098208
104948.9 2097152
104948.9 2098208
104949.0 2097152
104949.0 2103808
104949.0 2097152
104949.1 2103808
104949.4 2097152
104949.4 2099840
104949.4 2097152
104949.5 2099840
104949.5 2097152
104949.5 2098304
104949.5 2097152
104949.6 2098304
104949.6 2097152
104949.6 2194432
104949.8 2097152
104949.8 2194432
104949.9 2097152
104950.0 2125568
104950.0 2097152
104950.1 2125568
104950.1 2097152
104950.1 2102144
104950.2 2097152
104950.2 2102144
104950.2 2097152
104950.3 2106368
104950.3 2097152
104950.3 2106368
104950.3 2097152
104950.4 2099904
104950.4 2097152
104950.4 2099904
104950.4 2097152
104950.5 2117376
104950.5 2097152
104950.5 2117376
104950.6 2097152
104950.6 2100352
104950.6 2097152
104950.6 2100352
104950.7 2097152
104950.7 2104064
104950.7 2097152
104950.7 2104064
104950.8 2097152
104950.8 2099264
104950.8 2097152
104950.8 2099264
104950.9 2097152
104950.9 3856384
104953.0 2097152
104953.0 3856384
104955.0 2097152
104955.1 2526208
104955.6 2097152
104955.7 2526208
104956.2 2097152
104956.2 2180608
104956.3 2097152
104956.3 2180608
104956.4 2097152
104956.4 2115072
104956.5 2097152
104956.5 2115072
104956.6 2097152
104956.6 2103424
104956.6 2097152
104956.6 2103424
104956.7 2097152
104956.7 2099840
104956.7 2097152
104956.7 2099840
104956.8 2097152
104956.8 2120960
104956.8 2097152
104956.9 2120960
104956.9 2097152
104956.9 2100992
104956.9 2097152
104957.0 2100992
104957.0 2097152
104957.0 2105216
104957.1 2097152
104957.1 2105216
104957.1 2097152
104957.1 2099968
104957.2 2097152
104957.2 2099968
104957.2 2097152
104957.2 2228224
104957.4 2097152
104957.4 2228224
104957.6 2097152
104957.6 2126080
104957.7 2097152
104957.7 2126080
104957.8 2097152
104957.8 2102784
104957.8 2097152
104957.8 2102784
104957.9 2097152
104957.9 2105984
104957.9 2097152
104957.9 2105984
104958.0 2097152
104958.0 2100224
104958.0 2097152
104958.0 2100224
104958.1 2097152
104958.1 2133760
104958.2 2097152
104958.2 2133760
104958.3 2097152
104958.3 2105216
104958.3 2097152
104958.4 2105216
104958.4 2097152
104958.4 2099264
104958.4 2097152
104958.5 2099264
104958.5 2097152
104958.5 2107392
104958.5 2097152
104958.6 2107392
104958.6 2097152
104958.6 2099328
104958.6 2097152
104958.7 2099328
104958.7 2097152
104958.7 2100096
104958.7 2097152
104958.8 2100096
104958.8 2097152
104958.8 2547712
104959.4 2097152
104959.4 2547712
104960.0 2097152
104960.0 2211328
104960.2 2097152
104960.2 2211328
104960.4 2097152
104960.4 2133504
104960.6 2097152
104960.6 2133504
104960.8 2097152
104960.9 2108800
104961.0 2097152
104961.0 2108800
104961.2 2097152
104961.2 2101248
104961.3 2097152
104961.3 2101248
104961.3 2097152
104961.4 2098368
104961.4 2097152
104961.4 2098368
104961.4 2097152
104961.5 2103680
104961.5 2097152
104961.5 2103680
104961.6 2097152
104961.6 2117888
104961.6 2097152
104961.7 2117888
104961.7 2097152
104961.7 2103552
104961.8 2097152
104961.8 2103552
104961.8 2097152
104961.9 2101120
104961.9 2097152
104961.9 2101120
104962.0 2097152
104962.0 2208256
104962.2 2097152
104962.2 2208256
104962.4 2097152
104962.4 2123264
104962.6 2097152
104962.6 2123264
104962.7 2097152
104962.7 2104576
104962.7 2097152
104962.8 2104576
104962.8 2097152
104962.8 2102784
104962.8 2097152
104962.9 2102784
104962.9 2097152
104962.9 2126592
104963.0 2097152
104963.0 2126592
104963.0 2097152
104963.1 2103680
104963.1 2097152
104963.1 2103680
104963.2 2097152
104963.2 2105344
104963.3 2097152
104963.3 2105344
104963.3 2097152
104963.4 2099328
104963.4 2097152
104963.4 2099328
104963.4 2097152
104963.5 39927808
105002.4 2097152
105002.4 39927808
105041.7 2097152
105041.7 12042240
105052.4 2097152
105052.5 12042240
105063.0 2097152
105063.1 4497408
105066.0 2097152
105066.1 4497408
105068.9 2097152
105069.0 2745344
105069.9 2097152
105069.9 2745344
105070.8 2097152
105070.8 2250752
105071.1 2097152
105071.1 2250752
105071.4 2097152
105071.4 2127872
105071.6 2097152
105071.6 2127872
105071.7 2097152
105071.7 2104960
105071.7 2097152
105071.7 2104960
105071.7 2097152
105071.8 2104704
105071.8 2097152
105071.8 2104704
105071.8 2097152
105071.9 2099520
105071.9 2097152
105071.9 2099520
105072.0 2097152
105072.0 2143232
105072.0 2097152
105072.1 2143232
105072.1 2097152
105072.2 2111488
105072.2 2097152
105072.2 2111488
105072.3 2097152
105072.3 2100416
105072.3 2097152
105072.3 2100416
105072.3 2097152
105072.4 2098208
105072.4 2097152
105072.4 2098208
105072.4 2097152
105072.4 2101056
105072.5 2097152
105072.5 2101056
105072.5 2097152
105072.5 2098208
105072.6 2097152
105072.6 2098208
105072.6 2097152
105072.6 2105856
105072.7 2097152
105072.7 2105856
105072.7 2097152
105072.7 2099264
105072.8 2097152
105072.8 2099264
105072.8 2097152
105072.8 2099392
105072.8 2097152
105072.9 2099392
105072.9 2097152
105072.9 2267648
105073.1 2097152
105073.2 2267648
105073.4 2097152
105073.4 2154496
105073.5 2097152
105073.6 2154496
105073.6 2097152
105073.6 2104320
105073.7 2097152
105073.7 2104320
105073.7 2097152
105073.7 2100032
105073.8 2097152
105073.8 2100032
105073.8 2097152
105073.8 2118656
105073.9 2097152
105073.9 2118656
105073.9 2097152
105074.0 2103552
105074.0 2097152
105074.0 2103552
105074.0 2097152
105074.0 2098848
105074.1 2097152
105074.1 2098848
105074.1 2097152
105074.1 2097728
105074.2 2097152
105074.2 2097728
105074.2 2097152
105074.2 2098656
105074.2 2097152
105074.3 2098656
105074.3 2097152
105074.3 2097792
105074.3 2097152
105074.4 2097792
105074.4 2097152
105074.4 2101504
105074.4 2097152
105074.4 2101504
105074.5 2097152
105074.5 2098912
105074.5 2097152
105074.5 2098912
105074.5 2097152
105074.6 2097824
105074.6 2097152
105074.6 2097824
105074.6 2097152
105074.6 2125056
105074.7 2097152
105074.7 2125056
105074.8 2097152
105074.8 2104960
105074.8 2097152
105074.8 2104960
105074.9 2097152
105074.9 2099968
105074.9 2097152
105074.9 2099968
105074.9 2097152
105075.0 2103296
105075.0 2097152
105075.0 2103296
105075.0 2097152
105075.1 2649088
105075.7 2097152
105075.8 2649088
105076.4 2097152
105076.4 2235904
105076.6 2097152
105076.7 2235904
105076.9 2097152
105076.9 2127104
105077.0 2097152
105077.0 2127104
105077.0 2097152
105077.1 2102656
105077.1 2097152
105077.1 2102656
105077.1 2097152
105077.2 2106624
105077.2 2097152
105077.2 2106624
105077.3 2097152
105077.3 2100160
105077.3 2097152
105077.3 2100160
105077.3 2097152
105077.4 2136576
105077.4 2097152
105077.4 2136576
105077.5 2097152
105077.5 2110080
105077.6 2097152
105077.6 2110080
105077.6 2097152
105077.7 2100544
105077.7 2097152
105077.7 2100544
105077.7 2097152
105077.8 2100224
105077.8 2097152
105077.8 2100224
105077.8 2097152
105077.8 2098208
105077.9 2097152
105077.9 2098208
105077.9 2097152
105077.9 2103936
105078.0 2097152
105078.0 2103936
105078.0 2097152
105078.0 2099328
105078.0 2097152
105078.1 2099328
105078.1 2097152
105078.1 2234368
105078.3 2097152
105078.3 2234368
105078.5 2097152
105078.5 2121984
105078.5 2097152
105078.5 2121984
105078.6 2097152
105078.6 2103040
105078.6 2097152
105078.7 2103040
105078.7 2097152
105078.7 2103680
105078.7 2097152
105078.7 2103680
105078.8 2097152
105078.8 2099520
105078.8 2097152
105078.8 2099520
105078.8 2097152
105078.9 2140928
105078.9 2097152
105079.0 2140928
105079.0 2097152
105079.0 2105984
105079.1 2097152
105079.1 2105984
105079.1 2097152
105079.2 2099392
105079.2 2097152
105079.2 2099392
105079.3 2097152
105079.3 2099328
105079.3 2097152
105079.3 2099328
105079.3 2097152
105079.4 2110208
105079.4 2097152
105079.4 2110208
105079.4 2097152
105079.5 2102336
105079.5 2097152
105079.5 2102336
105079.5 2097152
105079.6 2099136
105079.6 2097152
105079.6 2099136
105079.6 2097152
105079.6 2097760
105079.7 2097152
105079.7 2097760
105079.7 2097152
105079.7 4669440
105081.7 2097152
105081.7 4669440
105083.8 2097152
105083.8 2694144
105084.3 2097152
105084.3 2694144
105084.9 2097152
105084.9 2213376
105085.0 2097152
105085.0 2213376
105085.1 2097152
105085.1 2122752
105085.2 2097152
105085.2 2122752
105085.2 2097152
105085.3 2105344
105085.3 2097152
105085.3 2105344
105085.3 2097152
105085.3 2099392
105085.4 2097152
105085.4 2099392
105085.4 2097152
105085.4 2101760
105085.4 2097152
105085.5 2101760
105085.5 2097152
105085.5 2129664
105085.5 2097152
105085.6 2129664
105085.6 2097152
105085.6 2102144
105085.6 2097152
105085.7 2102144
105085.7 2097152
105085.7 2108416
105085.7 2097152
105085.7 2108416
105085.8 2097152
105085.8 2099584
105085.8 2097152
105085.8 2099584
105085.8 2097152
105085.9 2100352
105085.9 2097152
105085.9 2100352
105085.9 2097152
105085.9 2098560
105086.0 2097152
105086.0 2098560
105086.0 2097152
105086.0 2279424
105086.2 2097152
105086.2 2279424
105086.4 2097152
105086.4 2145536
105086.4 2097152
105086.4 2145536
105086.5 2097152
105086.5 2109952
105086.5 2097152
105086.6 2109952
105086.6 2097152
105086.6 2100288
105086.6 2097152
105086.6 2100288
105086.7 2097152
105086.7 2100416
105086.7 2097152
105086.7 2100416
105086.8 2097152
105086.8 2108544
105087.0 2097152
105087.2 2108544
105087.3 2097152
105087.4 2100608
105087.5 2097152
105087.6 2100608
105087.6 2097152
105087.7 2098208
105087.7 2097152
105087.7 2098208
105087.8 2097152
105087.8 2099392
105087.8 2097152
105087.9 2099392
105087.9 2097152
105087.9 2139904
105088.0 2097152
105088.0 2139904
105088.1 2097152
105088.1 2102528
105088.1 2097152
105088.1 2102528
105088.2 2097152
105088.2 2113152
105088.2 2097152
105088.3 2113152
105088.4 2097152
105088.4 2100160
105088.5 2097152
105088.5 2100160
105088.6 2097152
105088.6 2102144
105088.6 2097152
105088.7 2102144
105088.7 2097152
105088.7 2098592
105088.8 2097152
105088.8 2098592
105088.8 2097152
105088.8 2098208
105088.9 2097152
105088.9 2098208
105088.9 2097152
105088.9 2786304
105089.5 2097152
105089.5 2786304
105090.0 2097152
105090.0 2295296
105090.2 2097152
105090.2 2295296
105090.4 2097152
105090.4 2147328
105090.5 2097152
105090.5 2147328
105090.6 2097152
105090.6 2110080
105090.6 2097152
105090.6 2110080
105090.7 2097152
105090.7 2100544
105090.7 2097152
105090.7 2100544
105090.7 2097152
105090.8 2100224
105090.8 2097152
105090.8 2100224
105090.8 2097152
105090.8 2109312
105090.9 2097152
105090.9 2109312
105090.9 2097152
105090.9 2099456
105091.0 2097152
105091.0 2099456
105091.0 2097152
105091.0 2100928
105091.0 2097152
105091.1 2100928
105091.1 2097152
105091.1 2146048
105091.2 2097152
105091.2 2146048
105091.2 2097152
105091.2 2108032
105091.3 2097152
105091.3 2108032
105091.3 2097152
105091.3 2101696
105091.4 2097152
105091.4 2101696
105091.4 2097152
105091.4 2098208
105091.4 2097152
105091.5 2098208
105091.5 2097152
105091.5 2098368
105091.5 2097152
105091.5 2098368
105091.6 2097152
105091.6 2110720
105091.6 2097152
105091.6 2110720
105091.7 2097152
105091.7 2099392
105091.7 2097152
105091.7 2099392
105091.7 2097152
105091.8 2101696
105091.8 2097152
105091.8 2101696
105091.8 2097152
105091.8 2098656
105091.9 2097152
105091.9 2098656
105091.9 2097152
105091.9 2243584
105092.1 2097152
105092.1 2243584
105092.2 2097152
105092.3 2132736
105092.3 2097152
105092.3 2132736
105092.4 2097152
105092.4 2105472
105092.4 2097152
105092.4 2105472
105092.5 2097152
105092.5 2100416
105092.5 2097152
105092.5 2100416
105092.5 2097152
105092.6 2098432
105092.6 2097152
105092.6 2098432
105092.6 2097152
105092.6 2106624
105092.9 2097152
105092.9 2106624
105093.0 2097152
105093.0 2100608
105093.1 2097152
105093.1 2100608
105093.2 2097152
105093.2 2098240
105093.2 2097152
105093.3 2098240
105093.3 2097152
105093.3 2134784
105093.4 2097152
105093.4 2134784
105093.5 2097152
105093.5 2108416
105093.6 2097152
105093.6 2108416
105093.6 2097152
105093.7 2099584
105093.7 2097152
105093.7 2099584
105093.8 2097152
105093.8 2100352
105093.8 2097152
105093.9 2100352
105093.9 2097152
105093.9 2104704
105094.0 2097152
105094.0 2104704
105094.0 2097152
105094.1 2099456
105094.1 2097152
105094.1 2099456
105094.2 2097152
105094.2 2098208
105094.2 2097152
105094.3 2098208
105094.3 2097152
105094.3 11067392
105102.4 2097152
105102.4 11067392
105110.3 2097152
105110.4 4173824
105112.6 2097152
105112.9 4173824
105115.0 2097152
105115.6 2597888
105116.4 2097152
105116.8 2597888
105117.8 2097152
105117.8 2211840
105118.0 2097152
105118.0 2211840
105118.3 2097152
105118.5 2127104
105118.6 2097152
105118.6 2127104
105118.9 2097152
105119.0 2102144
105119.0 2097152
105119.0 2102144
105119.1 2097152
105119.1 2107136
105119.2 2097152
105119.2 2107136
105119.3 2097152
105119.4 2100480
105119.5 2097152
105119.5 2100480
105119.6 2097152
105119.6 2098464
105119.7 2097152
105119.7 2098464
105119.8 2097152
105119.8 2124544
105119.9 2097152
105119.9 2124544
105119.9 2097152
105120.0 2104320
105120.0 2097152
105120.0 2104320
105120.1 2097152
105120.1 2099520
105120.1 2097152
105120.2 2099520
105120.2 2097152
105120.2 2103680
105120.3 2097152
105120.3 2103680
105120.3 2097152
105120.4 2232832
105120.5 2097152
105120.5 2232832
105120.6 2097152
105120.6 2120960
105120.7 2097152
105120.7 2120960
105120.7 2097152
105120.8 2100480
105120.8 2097152
105120.8 2100480
105120.9 2097152
105120.9 2105728
105120.9 2097152
105121.0 2105728
105121.0 2097152
105121.1 2100096
105121.1 2097152
105121.1 2100096
105121.2 2097152
105121.2 2098464
105121.2 2097152
105121.3 2098464
105121.3 2097152
105121.3 2141184
105121.4 2097152
105121.4 2141184
105121.4 2097152
105121.5 2105728
105121.5 2097152
105121.5 2105728
105121.6 2097152
105121.6 2100032
105121.6 2097152
105121.7 2100032
105121.7 2097152
105121.7 2110592
105121.8 2097152
105121.8 2110592
105121.8 2097152
105121.9 2099520
105122.0 2097152
105122.1 2099520
105122.1 2097152
105122.3 2101504
105122.4 2097152
105122.5 2101504
105122.5 2097152
105122.6 2098496
105122.7 2097152
105122.7 2098496
105122.7 2097152
105122.8 2634752
105123.1 2097152
105123.2 2634752
105123.6 2097152
105123.7 2236928
105123.8 2097152
105123.8 2236928
105123.9 2097152
105123.9 2134528
105124.0 2097152
105124.0 2134528
105124.0 2097152
105124.1 2104192
105124.1 2097152
105124.1 2104192
105124.2 2097152
105124.2 2099712
105124.2 2097152
105124.2 2099712
105124.2 2097152
105124.3 2108800
105124.3 2097152
105124.3 2108800
105124.3 2097152
105124.4 2099584
105124.4 2097152
105124.4 2099584
105124.4 2097152
105124.5 2100544
105124.5 2097152
105124.5 2100544
105124.5 2097152
105124.5 2098240
105124.6 2097152
105124.6 2098240
105124.6 2097152
105124.6 2129664
105124.7 2097152
105124.7 2129664
105124.7 2097152
105124.8 2105216
105124.8 2097152
105124.8 2105216
105124.8 2097152
105124.8 2099712
105124.9 2097152
105124.9 2099712
105124.9 2097152
105124.9 2105344
105125.0 2097152
105125.0 2105344
105125.0 2097152
105125.0 2099328
105125.0 2097152
105125.1 2099328
105125.1 2097152
105125.1 2226176
105125.2 2097152
105125.2 2226176
105125.3 2097152
105125.3 2134528
105125.3 2097152
105125.4 2134528
105125.4 2097152
105125.4 2105856
105125.5 2097152
105125.5 2105856
105125.5 2097152
105125.5 2099776
105125.5 2097152
105125.6 2099776
105125.6 2097152
105125.6 2107136
105125.6 2097152
105125.7 2107136
105125.7 2097152
105125.7 2100544
105125.7 2097152
105125.8 2100544
105125.8 2097152
105125.8 2124288
105125.8 2097152
105125.9 2124288
105125.9 2097152
105125.9 2104576
105125.9 2097152
105126.0 2104576
105126.0 2097152
105126.0 2099264
105126.0 2097152
105126.1 2099264
105126.1 2097152
105126.1 2103296
105126.1 2097152
105126.1 2103296
105126.2 2097152
105126.2 4505600
105127.1 2097152
105127.2 4505600
105128.1 2097152
105128.1 2689024
105128.4 2097152
105128.4 2689024
105128.7 2097152
105128.7 2259456
105128.8 2097152
105128.9 2259456
105128.9 2097152
105129.0 2133504
105129.0 2097152
105129.0 2133504
105129.1 2097152
105129.1 2107136
105129.1 2097152
105129.1 2107136
105129.2 2097152
105129.2 2100736
105129.2 2097152
105129.2 2100736
105129.3 2097152
105129.3 2098304
105129.3 2097152
105129.4 2098304
105129.4 2097152
105129.4 2105344
105129.4 2097152
105129.4 2105344
105129.5 2097152
105129.5 2100672
105129.5 2097152
105129.5 2100672
105129.6 2097152
105129.6 2141952
105129.6 2097152
105129.7 2141952
105129.7 2097152
105129.7 2107136
105129.7 2097152
105129.8 2107136
105129.8 2097152
105129.8 2101632
105129.8 2097152
105129.8 2101632
105129.9 2097152
105129.9 2098624
105129.9 2097152
105129.9 2098624
105130.0 2097152
105130.0 2097696
105130.0 2097152
105130.0 2097696
105130.0 2097152
105130.1 2109568
105130.1 2097152
105130.1 2109568
105130.2 2097152
105130.2 2101056
105130.2 2097152
105130.3 2101056
105130.4 2097152
105130.4 2098464
105130.4 2097152
105130.5 2098464
105130.5 2097152
105130.6 2099456
105130.6 2097152
105130.6 2099456
105130.7 2097152
105130.7 2230784
105130.9 2097152
105130.9 2230784
105131.1 2097152
105131.1 2135552
105131.2 2097152
105131.2 2135552
105131.3 2097152
105131.3 2107264
105131.4 2097152
105131.4 2107264
105131.4 2097152
105131.5 2099392
105131.5 2097152
105131.6 2099392
105131.6 2097152
105131.6 2099968
105131.7 2097152
105131.7 2099968
105131.7 2097152
105131.8 2106240
105131.8 2097152
105131.8 2106240
105131.9 2097152
105131.9 2099840
105131.9 2097152
105132.0 2099840
105132.0 2097152
105132.1 2098304
105132.1 2097152
105132.1 2098304
105132.2 2097152
105132.2 2125568
105132.3 2097152
105132.3 2125568
105132.4 2097152
105132.4 2102656
105132.4 2097152
105132.5 2102656
105132.5 2097152
105132.5 2105856
105132.6 2097152
105132.6 2105856
105132.7 2097152
105132.7 2099648
105132.7 2097152
105132.8 2099648
105132.8 2097152
105132.8 2709504
105133.4 2097152
105133.4 2709504
105134.0 2097152
105134.1 2263552
105134.2 2097152
105134.3 2263552
105134.4 2097152
105134.5 2149120
105134.6 2097152
105134.6 2149120
105134.7 2097152
105134.7 2110720
105134.7 2097152
105134.8 2110720
105134.8 2097152
105134.9 2099392
105134.9 2097152
105134.9 2099392
105135.0 2097152
105135.0 2101696
105135.0 2097152
105135.1 2101696
105135.1 2097152
105135.1 2098816
105135.2 2097152
105135.2 2098816
105135.3 2097152
105135.3 2109568
105135.3 2097152
105135.4 2109568
105135.4 2097152
105135.4 2101568
105135.5 2097152
105135.5 2101568
105135.6 2097152
105135.6 2098720
105135.6 2097152
105135.6 2098720
105135.7 2097152
105135.7 2097904
105135.8 2097152
105135.8 2097904
105135.8 2097152
105135.8 2128384
105135.9 2097152
105135.9 2128384
105136.0 2097152
105136.0 2105216
105136.1 2097152
105136.1 2105216
105136.2 2097152
105136.2 2099776
105136.2 2097152
105136.3 2099776
105136.3 2097152
105136.3 2104704
105136.4 2097152
105136.4 2104704
105136.4 2097152
105136.5 2099840
105136.5 2097152
105136.6 2099840
105136.6 2097152
105136.6 2236928
105136.8 2097152
105136.8 2236928
105137.0 2097152
105137.0 2132736
105137.1 2097152
105137.1 2132736
105137.2 2097152
105137.2 2104832
105137.3 2097152
105137.3 2104832
105137.4 2097152
105137.4 2099456
105137.4 2097152
105137.5 2099456
105137.5 2097152
105137.5 2107264
105137.6 2097152
105137.6 2107264
105137.7 2097152
105137.7 2100800
105137.7 2097152
105137.8 2100800
105137.8 2097152
105137.8 2098368
105137.9 2097152
105137.9 2098368
105137.9 2097152
105138.0 2131456
105138.0 2097152
105138.1 2131456
105138.1 2097152
105138.2 2106240
105138.2 2097152
105138.3 2106240
105138.4 2097152
105138.5 2100352
105138.5 2097152
105138.6 2100352
105138.7 2097152
105138.8 2098464
105138.8 2097152
105138.8 2098464
105138.8 2097152
105138.8 2105216
105138.9 2097152
105138.9 2105216
105138.9 2097152
105138.9 2099712
105139.0 2097152
105139.0 2099712
105139.0 2097152
105139.0 67108864
105201.6 2097152
105202.0 67108864
105326.0 2097152
105326.1 33751040
105353.6 2097152
105353.7 33751040
105380.6 2097152
105380.7 9527296
105387.2 2097152
105387.3 9527296
105393.7 2097152
105393.7 3784704
105395.1 2097152
105395.1 3784704
105396.6 2097152
105396.7 2496512
105397.1 2097152
105397.1 2496512
105397.4 2097152
105397.5 2195968
105397.6 2097152
105397.6 2195968
105397.7 2097152
105397.8 2123776
105397.8 2097152
105397.9 2123776
105397.9 2097152
105398.0 2104448
105398.0 2097152
105398.1 2104448
105398.1 2097152
105398.2 2100096
105398.2 2097152
105398.2 2100096
105398.2 2097152
105398.3 2103168
105398.3 2097152
105398.3 2103168
105398.4 2097152
105398.4 2119936
105398.5 2097152
105398.5 2119936
105398.5 2097152
105398.6 2104704
105398.6 2097152
105398.6 2104704
105398.6 2097152
105398.7 2099456
105398.7 2097152
105398.7 2099456
105398.8 2097152
105398.8 2100992
105398.8 2097152
105398.8 2100992
105398.9 2097152
105398.9 2198016
105399.0 2097152
105399.1 2198016
105399.2 2097152
105399.2 2124544
105399.2 2097152
105399.3 2124544
105399.3 2097152
105399.3 2107392
105399.4 2097152
105399.4 2107392
105399.4 2097152
105399.5 2101504
105399.5 2097152
105399.5 2101504
105399.5 2097152
105399.6 2098496
105399.6 2097152
105399.6 2098496
105399.7 2097152
105399.7 2100608
105399.7 2097152
105399.8 2100608
105399.8 2097152
105399.8 2120192
105399.9 2097152
105399.9 2120192
105400.0 2097152
105400.0 2100224
105400.0 2097152
105400.0 2100224
105400.0 2097152
105400.1 2105600
105400.1 2097152
105400.1 2105600
105400.2 2097152
105400.2 2100608
105400.2 2097152
105400.3 2100608
105400.3 2097152
105400.3 2098368
105400.3 2097152
105400.4 2098368
105400.4 2097152
105400.4 2541568
105400.9 2097152
105400.9 2541568
105401.3 2097152
105401.3 2226688
105401.5 2097152
105401.5 2226688
105401.6 2097152
105401.7 2131712
105401.7 2097152
105401.8 2131712
105401.8 2097152
105401.9 2105856
105401.9 2097152
105402.0 2105856
105402.0 2097152
105402.0 2099520
105402.1 2097152
105402.1 2099520
105402.1 2097152
105402.2 2105728
105402.2 2097152
105402.2 2105728
105402.3 2097152
105402.3 2100288
105402.3 2097152
105402.4 2100288
105402.4 2097152
105402.4 2098240
105402.5 2097152
105402.5 2098240
105402.5 2097152
105402.5 2127360
105402.6 2097152
105402.6 2127360
105402.7 2097152
105402.7 2103552
105402.7 2097152
105402.8 2103552
105402.8 2097152
105402.8 2105856
105402.9 2097152
105402.9 2105856
105402.9 2097152
105403.0 2100416
105403.0 2097152
105403.0 2100416
105403.1 2097152
105403.1 2098272
105403.1 2097152
105403.2 2098272
105403.2 2097152
105403.2 2189824
105403.3 2097152
105403.4 2189824
105403.4 2097152
105403.5 2122240
105403.5 2097152
105403.6 2122240
105403.6 2097152
105403.6 2103552
105403.7 2097152
105403.7 2103552
105403.7 2097152
105403.8 2099328
105403.8 2097152
105403.8 2099328
105403.8 2097152
105403.9 2103296
105403.9 2097152
105403.9 2103296
105404.0 2097152
105404.0 2118400
105404.0 2097152
105404.1 2118400
105404.1 2097152
105404.2 2099200
105404.2 2097152
105404.2 2099200
105404.3 2097152
105404.3 2105728
105404.3 2097152
105404.4 2105728
105404.4 2097152
105404.4 2099968
105404.5 2097152
105404.5 2099968
105404.5 2097152
105404.5 4124672
105406.3 2097152
105406.3 4124672
105408.1 2097152
105408.1 2511872
105408.5 2097152
105408.6 2511872
105408.9 2097152
105409.0 2167808
105409.1 2097152
105409.1 2167808
105409.2 2097152
105409.2 2117376
105409.3 2097152
105409.3 2117376
105409.4 2097152
105409.4 2101120
105409.5 2097152
105409.5 2101120
105409.5 2097152
105409.6 2103296
105409.6 2097152
105409.6 2103296
105409.7 2097152
105409.7 2112256
105409.8 2097152
105409.8 2112256
105409.8 2097152
105409.9 2100992
105409.9 2097152
105409.9 2100992
105410.0 2097152
105410.0 2100864
105410.1 2097152
105410.1 2100864
105410.1 2097152
105410.2 2233856
105410.3 2097152
105410.3 2233856
105410.5 2097152
105410.5 2122496
105410.6 2097152
105410.6 2122496
105410.7 2097152
105410.7 2103168
105410.7 2097152
105410.8 2103168
105410.8 2097152
105410.8 2103808
105410.9 2097152
105410.9 2103808
105410.9 2097152
105411.0 2140160
105411.0 2097152
105411.0 2140160
105411.1 2097152
105411.2 2107136
105411.2 2097152
105411.2 2107136
105411.3 2097152
105411.3 2099712
105411.3 2097152
105411.4 2099712
105411.4 2097152
105411.4 2099584
105411.4 2097152
105411.5 2099584
105411.5 2097152
105411.5 2108672
105411.5 2097152
105411.6 2108672
105411.6 2097152
105411.6 2099840
105411.7 2097152
105411.7 2099840
105411.7 2097152
105411.7 2100224
105411.8 2097152
105411.8 2100224
105411.8 2097152
105411.9 2696192
105412.4 2097152
105412.4 2696192
105412.9 2097152
105413.0 2243072
105413.1 2097152
105413.2 2243072
105413.3 2097152
105413.3 2132480
105413.4 2097152
105413.4 2132480
105413.5 2097152
105413.5 2105856
105413.5 2097152
105413.5 2105856
105413.6 2097152
105413.6 2099264
105413.6 2097152
105413.6 2099264
105413.7 2097152
105413.7 2099392
105413.7 2097152
105413.7 2099392
105413.8 2097152
105413.8 2106112
105413.8 2097152
105413.9 2106112
105413.9 2097152
105413.9 2099904
105413.9 2097152
105414.0 2099904
105414.0 2097152
105414.0 2134784
105414.1 2097152
105414.1 2134784
105414.2 2097152
105414.2 2106880
105414.3 2097152
105414.3 2106880
105414.3 2097152
105414.3 2099776
105414.4 2097152
105414.4 2099776
105414.4 2097152
105414.4 2099392
105414.5 2097152
105414.5 2099392
105414.5 2097152
105414.6 2106240
105414.6 2097152
105414.6 2106240
105414.6 2097152
105414.7 2099968
105414.7 2097152
105414.7 2099968
105414.7 2097152
105414.8 2250752
105414.9 2097152
105414.9 2250752
105415.1 2097152
105415.1 2144256
105415.1 2097152
105415.2 2144256
105415.2 2097152
105415.3 2108032
105415.3 2097152
105415.3 2108032
105415.3 2097152
105415.4 2101504
105415.4 2097152
105415.4 2101504
105415.5 2097152
105415.5 2098976
105415.5 2097152
105415.5 2098976
105415.6 2097152
105415.6 2097680
105415.6 2097152
105415.7 2097680
105415.7 2097152
105415.7 2109824
105415.7 2097152
105415.8 2109824
105415.8 2097152
105415.9 2100288
105415.9 2097152
105415.9 2100288
105415.9 2097152
105415.9 2100352
105416.0 2097152
105416.0 2100352
105416.0 2097152
105416.1 2098464
105416.1 2097152
105416.1 2098464
105416.1 2097152
105416.2 2097760
105416.2 2097152
105416.2 2097760
105416.2 2097152
105416.3 2126848
105416.3 2097152
105416.3 2126848
105416.4 2097152
105416.4 2103808
105416.4 2097152
105416.5 2103808
105416.5 2097152
105416.5 2099392
105416.6 2097152
105416.6 2099392
105416.6 2097152
105416.6 2105344
105416.6 2097152
105416.7 2105344
105416.7 2097152
105416.7 2100032
105416.8 2097152
105416.8 2100032
105416.8 2097152
105416.8 10493952
105423.0 2097152
105423.1 10493952
105429.3 2097152
105429.4 4323328
105431.0 2097152
105431.0 4323328
105432.7 2097152
105432.7 2757632
105433.2 2097152
105433.2 2757632
105433.7 2097152
105433.8 2237440
105433.9 2097152
105433.9 2237440
105434.0 2097152
105434.1 2124544
105434.1 2097152
105434.1 2124544
105434.2 2097152
105434.2 2105472
105434.3 2097152
105434.3 2105472
105434.3 2097152
105434.3 2100288
105434.3 2097152
105434.4 2100288
105434.4 2097152
105434.4 2098464
105434.5 2097152
105434.5 2098464
105434.5 2097152
105434.5 2102528
105434.6 2097152
105434.6 2102528
105434.6 2097152
105434.6 2139904
105434.7 2097152
105434.7 2139904
105434.8 2097152
105434.8 2103552
105434.8 2097152
105434.9 2103552
105434.9 2097152
105434.9 2099392
105435.0 2097152
105435.0 2099392
105435.0 2097152
105435.1 2112128
105435.1 2097152
105435.1 2112128
105435.2 2097152
105435.2 2103040
105435.2 2097152
105435.2 2103040
105435.3 2097152
105435.3 2098560
105435.3 2097152
105435.4 2098560
105435.4 2097152
105435.4 2098688
105435.4 2097152
105435.5 2098688
105435.5 2097152
105435.5 2287104
105435.7 2097152
105435.7 2287104
105435.9 2097152
105435.9 2147840
105436.0 2097152
105436.0 2147840
105436.1 2097152
105436.1 2111360
105436.2 2097152
105436.2 2111360
105436.2 2097152
105436.2 2101696
105436.3 2097152
105436.3 2101696
105436.3 2097152
105436.3 2098816
105436.3 2097152
105436.4 2098816
105436.4 2097152
105436.4 2099712
105436.4 2097152
105436.5 2099712
105436.5 2097152
105436.5 2108288
105436.6 2097152
105436.6 2108288
105436.6 2097152
105436.7 2100992
105436.7 2097152
105436.7 2100992
105436.7 2097152
105436.8 2141440
105436.8 2097152
105436.8 2141440
105436.9 2097152
105436.9 2110336
105436.9 2097152
105437.0 2110336
105437.0 2097152
105437.0 2101440
105437.1 2097152
105437.1 2101440
105437.1 2097152
105437.1 2098720
105437.2 2097152
105437.2 2098720
105437.2 2097152
105437.2 2099456
105437.3 2097152
105437.3 2099456
105437.3 2097152
105437.3 2106112
105437.4 2097152
105437.4 2106112
105437.4 2097152
105437.4 2099264
105437.5 2097152
105437.5 2099264
105437.5 2097152
105437.5 2099520
105437.6 2097152
105437.6 2099520
105437.6 2097152
105437.6 2549760
105438.0 2097152
105438.0 2549760
105438.4 2097152
105438.5 2204160
105438.6 2097152
105438.6 2204160
105438.7 2097152
105438.8 2126336
105438.8 2097152
105438.9 2126336
105438.9 2097152
105438.9 2103680
105439.0 2097152
105439.0 2103680
105439.0 2097152
105439.1 2105216
105439.1 2097152
105439.1 2105216
105439.2 2097152
105439.2 2099520
105439.2 2097152
105439.3 2099520
105439.3 2097152
105439.3 2121472
105439.4 2097152
105439.4 2121472
105439.4 2097152
105439.5 2104704
105439.5 2097152
105439.5 2104704
105439.5 2097152
105439.6 2099520
105439.6 2097152
105439.6 2099520
105439.6 2097152
105439.7 2101760
105439.7 2097152
105439.8 2101760
105439.8 2097152
105439.8 2216448
105440.0 2097152
105440.0 2216448
105440.2 2097152
105440.2 2129920
105440.2 2097152
105440.3 2129920
105440.3 2097152
105440.4 2104448
105440.4 2097152
105440.4 2104448
105440.5 2097152
105440.5 2106240
105440.5 2097152
105440.6 2106240
105440.6 2097152
105440.6 2100032
105440.7 2097152
105440.7 2100032
105440.7 2097152
105440.7 2098432
105440.7 2097152
105440.8 2098432
105440.8 2097152
105440.8 2124032
105440.9 2097152
105440.9 2124032
105441.0 2097152
105441.0 2103296
105441.0 2097152
105441.0 2103296
105441.1 2097152
105441.1 2104448
105441.2 2097152
105441.2 2104448
105441.2 2097152
105441.2 2099456
105441.3 2097152
105441.3 2099456
105441.4 2097152
105441.4 4069376
105443.1 2097152
105443.1 4069376
105444.7 2097152
105444.7 2469888
105445.0 2097152
105445.0 2469888
105445.4 2097152
105445.4 2200064
105445.5 2097152
105445.5 2200064
105445.6 2097152
105445.7 2125824
105445.7 2097152
105445.8 2125824
105445.8 2097152
105445.8 2104704
105445.9 2097152
105445.9 2104704
105445.9 2097152
105445.9 2099712
105446.0 2097152
105446.0 2099712
105446.0 2097152
105446.1 2103936
105446.1 2097152
105446.1 2103936
105446.2 2097152
105446.2 2119936
105446.2 2097152
105446.3 2119936
105446.3 2097152
105446.3 2105856
105446.4 2097152
105446.4 2105856
105446.4 2097152
105446.5 2099648
105446.5 2097152
105446.5 2099648
105446.6 2097152
105446.6 2099840
105446.6 2097152
105446.7 2099840
105446.7 2097152
105446.8 2180608
105446.9 2097152
105446.9 2180608
105447.0 2097152
105447.0 2119936
105447.1 2097152
105447.1 2119936
105447.2 2097152
105447.2 2100096
105447.2 2097152
105447.3 2100096
105447.3 2097152
105447.3 2105600
105447.4 2097152
105447.4 2105600
105447.4 2097152
105447.4 2099328
105447.5 2097152
105447.5 2099328
105447.5 2097152
105447.6 2116096
105447.6 2097152
105447.6 2116096
105447.7 2097152
105447.7 2100352
105447.8 2097152
105447.8 2100352
105447.8 2097152
105447.9 2103424
105447.9 2097152
105447.9 2103424
105448.0 2097152
105448.0 2099392
105448.0 2097152
105448.0 2099392
105448.1 2097152
105448.1 2710528
105448.7 2097152
105448.7 2710528
105449.3 2097152
105449.3 2272256
105449.5 2097152
105449.6 2272256
105449.8 2097152
105449.8 2131456
105449.9 2097152
105449.9 2131456
105449.9 2097152
105450.0 2108032
105450.0 2097152
105450.1 2108032
105450.1 2097152
105450.1 2100992
105450.2 2097152
105450.2 2100992
105450.2 2097152
105450.2 2098240
105450.3 2097152
105450.3 2098240
105450.3 2097152
105450.4 2103424
105450.4 2097152
105450.4 2103424
105450.4 2097152
105450.5 2150400
105450.6 2097152
105450.6 2150400
105450.6 2097152
105450.7 2108160
105450.7 2097152
105450.7 2108160
105450.8 2097152
105450.8 2100736
105450.8 2097152
105450.9 2100736
105450.9 2097152
105450.9 2098336
105450.9 2097152
105451.0 2098336
105451.0 2097152
105451.0 2112768
105451.0 2097152
105451.1 2112768
105451.1 2097152
105451.2 2103296
105451.2 2097152
105451.2 2103296
105451.2 2097152
105451.3 2098400
105451.3 2097152
105451.3 2098400
105451.3 2097152
105451.4 2098976
105451.4 2097152
105451.4 2098976
105451.4 2097152
105451.5 2097904
105451.5 2097152
105451.6 2097904
105451.6 2097152
105451.6 2228736
105451.7 2097152
105451.8 2228736
105451.9 2097152
105451.9 2139136
105452.0 2097152
105452.0 2139136
105452.0 2097152
105452.1 2105600
105452.1 2097152
105452.1 2105600
105452.2 2097152
105452.2 2099456
105452.2 2097152
105452.2 2099456
105452.3 2097152
105452.3 2109696
105452.3 2097152
105452.4 2109696
105452.4 2097152
105452.5 2100928
105452.5 2097152
105452.5 2100928
105452.5 2097152
105452.5 2099648
105452.6 2097152
105452.6 2099648
105452.6 2097152
105452.6 2120960
105452.7 2097152
105452.7 2120960
105452.7 2097152
105452.8 2103168
105452.8 2097152
105452.8 2103168
105452.8 2097152
105452.9 2103040
105452.9 2097152
105452.9 2103040
105452.9 2097152
105453.0 37142528
105481.6 2097152
105481.7 37142528
105501.3 2097152
105501.6 10772480
105504.8 2097152
105504.8 10772480
105507.9 2097152
105508.0 4458496
105508.8 2097152
105508.8 4458496
105509.6 2097152
105509.7 2712576
105509.9 2097152
105510.0 2712576
105510.2 2097152
105510.3 2262528
105510.3 2097152
105510.4 2262528
105510.5 2097152
105510.6 2134272
105510.6 2097152
105510.7 2134272
105510.7 2097152
105510.8 2106240
105510.8 2097152
105510.9 2106240
105510.9 2097152
105511.0 2099776
105511.0 2097152
105511.1 2099776
105511.1 2097152
105511.2 2106624
105511.2 2097152
105511.3 2106624
105511.3 2097152
105511.3 2099968
105511.4 2097152
105511.4 2099968
105511.5 2097152
105511.5 2142720
105511.6 2097152
105511.6 2142720
105511.7 2097152
105511.7 2110720
105511.8 2097152
105511.8 2110720
105511.9 2097152
105511.9 2102016
105511.9 2097152
105512.0 2102016
105512.0 2097152
105512.1 2098688
105512.1 2097152
105512.2 2098688
105512.2 2097152
105512.2 2106368
105512.3 2097152
105512.3 2106368
105512.4 2097152
105512.4 2100864
105512.5 2097152
105512.5 2100864
105512.6 2097152
105512.7 2239488
105512.7 2097152
105512.8 2239488
105512.9 2097152
105512.9 2127360
105513.0 2097152
105513.0 2127360
105513.1 2097152
105513.1 2105216
105513.1 2097152
105513.2 2105216
105513.2 2097152
105513.3 2099456
105513.3 2097152
105513.4 2099456
105513.4 2097152
105513.4 2104192
105513.5 2097152
105513.5 2104192
105513.6 2097152
105513.6 2099264
105513.7 2097152
105513.7 2099264
105513.8 2097152
105513.8 2138112
105513.8 2097152
105513.9 2138112
105514.0 2097152
105514.0 2109312
105514.1 2097152
105514.1 2109312
105514.1 2097152
105514.2 2101568
105514.2 2097152
105514.3 2101568
105514.3 2097152
105514.4 2098720
105514.4 2097152
105514.5 2098720
105514.5 2097152
105514.5 2105472
105514.6 2097152
105514.6 2105472
105514.7 2097152
105514.7 2099840
105514.7 2097152
105514.8 2099840
105514.8 2097152
105514.9 2098208
105514.9 2097152
105515.0 2098208
105515.0 2097152
105515.1 2662400
105515.3 2097152
105515.3 2662400
105515.5 2097152
105515.6 2227712
105515.7 2097152
105515.7 2227712
105515.8 2097152
105515.8 2126848
105515.9 2097152
105515.9 2126848
105516.0 2097152
105516.0 2106240
105516.0 2097152
105516.1 2106240
105516.1 2097152
105516.2 2099904
105516.2 2097152
105516.2 2099904
105516.3 2097152
105516.3 2102912
105516.4 2097152
105516.4 2102912
105516.4 2097152
105516.5 2099392
105516.5 2097152
105516.6 2099392
105516.6 2097152
105516.6 2132736
105516.7 2097152
105516.7 2132736
105516.8 2097152
105516.8 2106368
105516.9 2097152
105516.9 2106368
105517.0 2097152
105517.0 2099648
105517.1 2097152
105517.1 2099648
105517.2 2097152
105517.2 2099264
105517.3 2097152
105517.3 2099264
105517.3 2097152
105517.4 2105728
105517.4 2097152
105517.4 2105728
105517.5 2097152
105517.5 2099520
105517.6 2097152
105517.6 2099520
105517.7 2097152
105517.7 2249216
105517.8 2097152
105517.8 2249216
105517.9 2097152
105518.0 2119424
105518.0 2097152
105518.1 2119424
105518.1 2097152
105518.2 2103808
105518.2 2097152
105518.2 2103808
105518.3 2097152
105518.3 2101632
105518.4 2097152
105518.4 2101632
105518.5 2097152
105518.5 2150912
105518.6 2097152
105518.6 2150912
105518.7 2097152
105518.7 2105472
105518.8 2097152
105518.8 2105472
105518.8 2097152
105518.9 2099840
105518.9 2097152
105519.0 2099840
105519.0 2097152
105519.1 2115712
105519.1 2097152
105519.2 2115712
105519.2 2097152
105519.3 2099584
105519.3 2097152
105519.3 2099584
105519.4 2097152
105519.4 2104000
105519.5 2097152
105519.5 2104000
105519.5 2097152
105519.6 2098816
105519.6 2097152
105519.7 2098816
105519.7 2097152
105519.8 2098912
105519.8 2097152
105519.8 2098912
105519.9 2097152
105519.9 2097856
105520.0 2097152
105520.0 2097856
105520.1 2097152
105520.1 4073472
105520.8 2097152
105520.8 4073472
105521.5 2097152
105521.5 2717696
105521.8 2097152
105521.8 2717696
105522.1 2097152
105522.1 2271232
105522.2 2097152
105522.3 2271232
105522.4 2097152
105522.4 2134016
105522.5 2097152
105522.5 2134016
105522.6 2097152
105522.6 2104832
105522.6 2097152
105522.7 2104832
105522.7 2097152
105522.8 2099328
105522.8 2097152
105522.8 2099328
105522.9 2097152
105522.9 2107904
105523.0 2097152
105523.0 2107904
105523.1 2097152
105523.1 2101440
105523.2 2097152
105523.2 2101440
105523.3 2097152
105523.3 2098464
105523.3 2097152
105523.4 2098464
105523.4 2097152
105523.5 2147328
105523.5 2097152
105523.6 2147328
105523.6 2097152
105523.7 2112512
105523.7 2097152
105523.8 2112512
105523.8 2097152
105523.8 2101248
105523.9 2097152
105523.9 2101248
105524.0 2097152
105524.0 2098208
105524.1 2097152
105524.1 2098208
105524.1 2097152
105524.2 2100736
105524.2 2097152
105524.3 2100736
105524.3 2097152
105524.4 2098208
105524.4 2097152
105524.5 2098208
105524.5 2097152
105524.5 2106880
105524.6 2097152
105524.6 2106880
105524.7 2097152
105524.7 2100416
105524.8 2097152
105524.8 2100416
105524.8 2097152
105524.9 2233344
105525.0 2097152
105525.0 2233344
105525.1 2097152
105525.2 2125568
105525.2 2097152
105525.3 2125568
105525.3 2097152
105525.4 2105344
105525.4 2097152
105525.4 2105344
105525.5 2097152
105525.6 2100032
105525.6 2097152
105525.6 2100032
105525.7 2097152
105525.7 2098464
105525.7 2097152
105525.8 2098464
105525.8 2097152
105525.9 2103168
105525.9 2097152
105526.0 2103168
105526.0 2097152
105526.1 2136832
105526.1 2097152
105526.1 2136832
105526.2 2097152
105526.3 2108288
105526.3 2097152
105526.4 2108288
105526.4 2097152
105526.4 2100224
105526.5 2097152
105526.5 2100224
105526.6 2097152
105526.6 2099648
105526.6 2097152
105526.7 2099648
105526.7 2097152
105526.8 2105856
105526.8 2097152
105526.9 2105856
105526.9 2097152
105526.9 2099328
105527.0 2097152
105527.0 2099328
105527.1 2097152
105527.1 2099328
105527.2 2097152
105527.2 2099328
105527.2 2097152
105527.3 2464768
105527.5 2097152
105527.5 2464768
105527.7 2097152
105527.7 2183168
105527.8 2097152
105527.9 2183168
105527.9 2097152
105528.0 2110720
105528.0 2097152
105528.1 2110720
105528.1 2097152
105528.2 2100608
105528.2 2097152
105528.3 2100608
105528.3 2097152
105528.3 2100480
105528.4 2097152
105528.4 2100480
105528.5 2097152
105528.5 2126592
105528.6 2097152
105528.6 2126592
105528.7 2097152
105528.7 2102912
105528.8 2097152
105528.8 2102912
105528.9 2097152
105528.9 2106112
105528.9 2097152
105529.0 2106112
105529.1 2097152
105529.1 2099776
105529.1 2097152
105529.2 2099776
105529.2 2097152
105529.3 2098240
105529.3 2097152
105529.3 2098240
105529.4 2097152
105529.5 2194944
105529.5 2097152
105529.6 2194944
105529.7 2097152
105529.7 2125312
105529.8 2097152
105529.8 2125312
105529.9 2097152
105529.9 2104704
105529.9 2097152
105530.0 2104704
105530.0 2097152
105530.1 2100288
105530.1 2097152
105530.2 2100288
105530.2 2097152
105530.3 2103680
105530.3 2097152
105530.3 2103680
105530.4 2097152
105530.4 2099328
105530.5 2097152
105530.5 2099328
105530.5 2097152
105530.6 2117888
105530.6 2097152
105530.7 2117888
105530.7 2097152
105530.8 2101248
105530.8 2097152
105530.9 2101248
105530.9 2097152
105531.0 2103424
105531.0 2097152
105531.1 2103424
105531.1 2097152
105531.2 10944512
105534.0 2097152
105534.1 10944512
105536.9 2097152
105537.0 4423680
105537.7 2097152
105537.8 4423680
105538.5 2097152
105538.6 2594816
105538.8 2097152
105538.8 2594816
105539.0 2097152
105539.1 2220544
105539.2 2097152
105539.2 2220544
105539.3 2097152
105539.3 2122752
105539.4 2097152
105539.4 2122752
105539.5 2097152
105539.5 2104576
105539.5 2097152
105539.6 2104576
105539.6 2097152
105539.7 2099520
105539.7 2097152
105539.8 2099520
105539.8 2097152
105539.9 2102528
105539.9 2097152
105540.0 2102528
105540.0 2097152
105540.0 2133248
105540.1 2097152
105540.2 2133248
105540.2 2097152
105540.3 2104448
105540.3 2097152
105540.3 2104448
105540.4 2097152
105540.4 2099456
105540.5 2097152
105540.5 2099456
105540.6 2097152
105540.6 2107904
105540.7 2097152
105540.7 2107904
105540.8 2097152
105540.8 2100352
105540.9 2097152
105540.9 2100352
105540.9 2097152
105541.0 2099328
105541.0 2097152
105541.0 2099328
105541.1 2097152
105541.2 2222592
105541.2 2097152
105541.3 2222592
105541.4 2097152
105541.4 2125824
105541.5 2097152
105541.5 2125824
105541.6 2097152
105541.6 2102528
105541.6 2097152
105541.7 2102528
105541.7 2097152
105541.8 2106112
105541.8 2097152
105541.8 2106112
105541.9 2097152
105541.9 2099840
105542.0 2097152
105542.0 2099840
105542.1 2097152
105542.2 2131200
105542.2 2097152
105542.3 2131200
105542.3 2097152
105542.4 2105728
105542.4 2097152
105542.5 2105728
105542.5 2097152
105542.5 2099456
105542.6 2097152
105542.6 2099456
105542.7 2097152
105542.8 2105600
105542.8 2097152
105542.9 2105600
105542.9 2097152
105543.0 2100224
105543.0 2097152
105543.1 2100224
105543.1 2097152
105543.2 2762752
105543.4 2097152
105543.5 2762752
105543.8 2097152
105543.8 2304512
105543.9 2097152
105544.0 2304512
105544.1 2097152
105544.1 2138880
105544.2 2097152
105544.2 2138880
105544.2 2097152
105544.3 2106496
105544.3 2097152
105544.4 2106496
105544.5 2097152
105544.5 2100416
105544.6 2097152
105544.6 2100416
105544.7 2097152
105544.7 2108672
105544.8 2097152
105544.8 2108672
105544.8 2097152
105544.9 2101248
105544.9 2097152
105544.9 2101248
105545.0 2097152
105545.0 2098432
105545.0 2097152
105545.0 2098432
105545.0 2097152
105545.1 2159104
105545.2 2097152
105545.2 2159104
105545.3 2097152
105545.3 2118272
105545.3 2097152
105545.3 2118272
105545.4 2097152
105545.4 2102592
105545.4 2097152
105545.5 2102592
105545.5 2097152
105545.5 2098976
105545.5 2097152
105545.5 2098976
105545.6 2097152
105545.6 2097696
105545.6 2097152
105545.6 2097696
105545.7 2097152
105545.7 2102272
105545.7 2097152
105545.7 2102272
105545.8 2097152
105545.8 2098880
105545.8 2097152
105545.8 2098880
105545.9 2097152
105545.9 2107008
105546.0 2097152
105546.0 2107008
105546.0 2097152
105546.1 2099840
105546.1 2097152
105546.1 2099840
105546.2 2097152
105546.2 2098208
105546.2 2097152
105546.3 2098208
105546.3 2097152
105546.3 2099392
105546.4 2097152
105546.5 2099392
105546.6 2097152
105546.7 2222592
105546.8 2097152
105546.9 2222592
105547.0 2097152
105547.1 2127872
105547.1 2097152
105547.2 2127872
105547.2 2097152
105547.3 2106368
105547.3 2097152
105547.3 2106368
105547.4 2097152
105547.4 2099584
105547.4 2097152
105547.5 2099584
105547.5 2097152
105547.6 2099328
105547.6 2097152
105547.7 2099328
105547.7 2097152
105547.8 2103296
105547.8 2097152
105547.8 2103296
105547.9 2097152
105547.9 2129152
105548.0 2097152
105548.0 2129152
105548.1 2097152
105548.1 2103936
105548.1 2097152
105548.2 2103936
105548.2 2097152
105548.2 2099264
105548.3 2097152
105548.3 2099264
105548.4 2097152
105548.4 2106368
105548.5 2097152
105548.5 2106368
105548.5 2097152
105548.6 2099776
105548.6 2097152
105548.6 2099776
105548.7 2097152
105548.7 4194304
105550.7 2097152
105550.7 4194304
105552.7 2097152
105552.8 2618368
105553.3 2097152
105553.3 2618368
105553.9 2097152
105554.0 2231808
105554.1 2097152
105554.2 2231808
105554.3 2097152
105554.3 2130688
105554.4 2097152
105554.4 2130688
105554.5 2097152
105554.5 2100608
105554.6 2097152
105554.6 2100608
105554.6 2097152
105554.7 2110464
105554.7 2097152
105554.8 2110464
105554.8 2097152
105554.8 2102016
105554.9 2097152
105554.9 2102016
105554.9 2097152
105555.0 2099072
105555.0 2097152
105555.0 2099072
105555.1 2097152
105555.1 2097776
105555.1 2097152
105555.2 2097776
105555.2 2097152
105555.2 2130944
105555.3 2097152
105555.3 2130944
105555.4 2097152
105555.4 2101376
105555.4 2097152
105555.5 2101376
105555.5 2097152
105555.5 2109824
105555.6 2097152
105555.6 2109824
105555.7 2097152
105555.7 2100224
105555.7 2097152
105555.8 2100224
105555.8 2097152
105555.8 2100416
105555.9 2097152
105555.9 2100416
105555.9 2097152
105555.9 2098368
105556.0 2097152
105556.0 2098368
105556.0 2097152
105556.1 2223104
105556.2 2097152
105556.3 2223104
105556.4 2097152
105556.5 2120192
105556.5 2097152
105556.6 2120192
105556.6 2097152
105556.6 2103040
105556.7 2097152
105556.7 2103040
105556.7 2097152
105556.8 2102784
105556.8 2097152
105556.8 2102784
105556.9 2097152
105556.9 2137088
105557.0 2097152
105557.0 2137088
105557.1 2097152
105557.1 2105472
105557.1 2097152
105557.2 2105472
105557.2 2097152
105557.2 2100224
105557.3 2097152
105557.3 2100224
105557.3 2097152
105557.4 2108800
105557.4 2097152
105557.4 2108800
105557.5 2097152
105557.5 2100608
105557.5 2097152
105557.6 2100608
105557.6 2097152
105557.6 2098240
105557.7 2097152
105557.7 2098240
105557.7 2097152
105557.8 2099520
105557.8 2097152
105557.8 2099520
105557.8 2097152
105557.9 2624512
105558.5 2097152
105558.5 2624512
105559.1 2097152
105559.1 2248192
105559.3 2097152
105559.3 2248192
105559.5 2097152
105559.5 2137856
105559.6 2097152
105559.6 2137856
105559.7 2097152
105559.7 2106112
105559.8 2097152
105559.8 2106112
105559.8 2097152
105559.9 2100032
105559.9 2097152
105559.9 2100032
105560.0 2097152
105560.0 2108544
105560.0 2097152
105560.1 2108544
105560.1 2097152
105560.1 2099904
105560.2 2097152
105560.2 2099904
105560.2 2097152
105560.3 2100096
105560.3 2097152
105560.3 2100096
105560.4 2097152
105560.4 2131968
105560.5 2097152
105560.5 2131968
105560.5 2097152
105560.6 2107392
105560.6 2097152
105560.6 2107392
105560.7 2097152
105560.7 2100800
105560.7 2097152
105560.8 2100800
105560.8 2097152
105560.8 2098336
105560.9 2097152
105560.9 2098336
105560.9 2097152
105561.0 2104320
105561.0 2097152
105561.1 2104320
105561.1 2097152
105561.2 2099392
105561.2 2097152
105561.2 2099392
105561.3 2097152
105561.3 2209792
105561.4 2097152
105561.5 2209792
105561.7 2097152
105561.8 2123520
105561.8 2097152
105561.9 2123520
105561.9 2097152
105561.9 2101120
105562.0 2097152
105562.0 2101120
105562.0 2097152
105562.0 2106368
105562.1 2097152
105562.1 2106368
105562.1 2097152
105562.2 2100672
105562.2 2097152
105562.2 2100672
105562.3 2097152
105562.3 2127104
105562.3 2097152
105562.4 2127104
105562.4 2097152
105562.5 2105216
105562.5 2097152
105562.6 2105216
105562.6 2097152
105562.7 2099456
105562.8 2097152
105562.8 2099456
105562.9 2097152
105562.9 2104064
105563.0 2097152
105563.0 2104064
105563.0 2097152
105563.1 67108864
113134.6 2097152
113134.8 67108864
124382.8 2097152
124382.9 67108864
126383.0 2097152
126383.2 67108864
129138.9 2097152
129139.2 67108864
129923.4 2097152
129923.7 67108864
130422.7 2097152
130422.8 67108864
130550.5 2097152
130550.7 67108864
130679.6 2097152
130679.8 34848768
130710.4 2097152
130710.6 34848768
130741.0 2097152
130741.2 10719232
130749.6 2097152
130749.7 10719232
130758.0 2097152
130758.2 4159488
130760.5 2097152
130760.8 4159488
130763.1 2097152
130763.3 2586624
130764.0 2097152
130764.0 2586624
130764.6 2097152
130764.8 2247168
130765.0 2097152
130765.0 2247168
130765.2 2097152
130765.3 2126592
130765.4 2097152
130765.6 2126592
130765.7 2097152
130765.8 2105600
130765.8 2097152
130765.9 2105600
130766.0 2097152
130766.2 2099520
130766.3 2097152
130766.4 2099520
130766.4 2097152
130766.5 2103424
130766.6 2097152
130766.6 2103424
130766.7 2097152
130766.7 2099328
130766.9 2097152
130767.0 2099328
130767.2 2097152
130767.2 2142720
130767.3 2097152
130767.3 2142720
130767.4 2097152
130767.4 2106624
130767.5 2097152
130767.5 2106624
130767.6 2097152
130767.6 2100032
130767.6 2097152
130767.7 2100032
130767.8 2097152
130767.8 2098464
130767.8 2097152
130768.0 2098464
130768.1 2097152
130768.2 2097776
130768.3 2097152
130768.4 2097776
130768.4 2097152
130768.4 2110464
130768.5 2097152
130768.5 2110464
130768.5 2097152
130768.6 2100224
130768.6 2097152
130768.6 2100224
130768.6 2097152
130768.7 2100736
130768.7 2097152
130768.7 2100736
130768.7 2097152
130768.8 2098240
130768.8 2097152
130768.8 2098240
130768.8 2097152
130768.9 2191872
130768.9 2097152
130768.9 2191872
130769.0 2097152
130769.0 2119424
130769.1 2097152
130769.1 2119424
130769.1 2097152
130769.2 2102272
130769.2 2097152
130769.2 2102272
130769.2 2097152
130769.3 2103168
130769.3 2097152
130769.4 2103168
130769.4 2097152
130769.4 2122240
130769.5 2097152
130769.5 2122240
130769.5 2097152
130769.6 2104448
130769.6 2097152
130769.6 2104448
130769.6 2097152
130769.7 2099456
130769.7 2097152
130769.7 2099456
130769.7 2097152
130769.8 2102400
130769.8 2097152
130769.8 2102400
130769.8 2097152
130769.9 2638848
130770.1 2097152
130770.2 2638848
130770.4 2097152
130770.5 2223104
130770.5 2097152
130770.6 2223104
130770.6 2097152
130770.7 2121472
130770.7 2097152
130770.7 2121472
130770.8 2097152
130770.8 2103168
130770.8 2097152
130770.9 2103168
130770.9 2097152
130770.9 2103296
130770.9 2097152
130771.0 2103296
130771.0 2097152
130771.0 2135808
130771.1 2097152
130771.1 2135808
130771.2 2097152
130771.2 2102784
130771.2 2097152
130771.3 2102784
130771.4 2097152
130771.4 2110848
130771.4 2097152
130771.4 2110848
130771.5 2097152
130771.5 2100224
130771.5 2097152
130771.6 2100224
130771.6 2097152
130771.6 2100928
130771.6 2097152
130771.7 2100928
130771.7 2097152
130771.7 2098848
130771.7 2097152
130771.8 2098848
130771.8 2097152
130771.8 2097760
130771.8 2097152
130771.9 2097760
130771.9 2097152
130771.9 2242048
130772.0 2097152
130772.0 2242048
130772.1 2097152
130772.1 2129152
130772.2 2097152
130772.2 2129152
130772.2 2097152
130772.3 2107520
130772.3 2097152
130772.3 2107520
130772.4 2097152
130772.4 2100608
130772.4 2097152
130772.4 2100608
130772.5 2097152
130772.5 2102784
130772.5 2097152
130772.6 2102784
130772.6 2097152
130772.7 2137600
130772.7 2097152
130772.7 2137600
130772.8 2097152
130772.8 2106752
130772.8 2097152
130772.9 2106752
130772.9 2097152
130772.9 2100352
130773.0 2097152
130773.0 2100352
130773.0 2097152
130773.1 2107776
130773.1 2097152
130773.1 2107776
130773.2 2097152
130773.2 2100352
130773.2 2097152
130773.3 2100352
130773.3 2097152
130773.4 2099264
130773.4 2097152
130773.5 2099264
130773.5 2097152
130773.6 4345856
130774.6 2097152
130774.6 4345856
130775.7 2097152
130775.7 2697216
130776.0 2097152
130776.1 2697216
130776.3 2097152
130776.4 2277376
130776.5 2097152
130776.5 2277376
130776.7 2097152
130776.7 2152960
130776.8 2097152
130776.9 2152960
130777.0 2097152
130777.1 2106624
130777.1 2097152
130777.2 2106624
130777.2 2097152
130777.2 2100352
130777.3 2097152
130777.3 2100352
130777.3 2097152
130777.4 2115584
130777.4 2097152
130777.4 2115584
130777.5 2097152
130777.5 2101248
130777.5 2097152
130777.5 2101248
130777.6 2097152
130777.6 2098816
130777.6 2097152
130777.7 2098816
130777.7 2097152
130777.7 2097824
130777.7 2097152
130777.8 2097824
130777.8 2097152
130777.8 2097480
130777.8 2097152
130777.9 2097480
130777.9 2097152
130777.9 2102272
130778.0 2097152
130778.0 2102272
130778.1 2097152
130778.2 2098240
130778.2 2097152
130778.3 2098240
130778.3 2097152
130778.3 2098624
130778.3 2097152
130778.4 2098624
130778.4 2097152
130778.4 2097744
130778.5 2097152
130778.5 2097744
130778.5 2097152
130778.6 2131456
130778.6 2097152
130778.6 2131456
130778.7 2097152
130778.7 2107008
130778.8 2097152
130778.8 2107008
130778.8 2097152
130778.9 2099456
130778.9 2097152
130778.9 2099456
130778.9 2097152
130779.0 2099776
130779.0 2097152
130779.0 2099776
130779.1 2097152
130779.1 2104448
130779.1 2097152
130779.2 2104448
130779.2 2097152
130779.2 2216960
130779.3 2097152
130779.4 2216960
130779.4 2097152
130779.5 2132224
130779.6 2097152
130779.6 2132224
130779.6 2097152
130779.7 2110208
130779.7 2097152
130779.7 2110208
130779.8 2097152
130779.8 2101184
130779.8 2097152
130779.8 2101184
130779.9 2097152
130779.9 2098336
130779.9 2097152
130780.0 2098336
130780.0 2097152
130780.0 2099648
130780.1 2097152
130780.1 2099648
130780.1 2097152
130780.1 2101632
130780.2 2097152
130780.2 2101632
130780.2 2097152
130780.3 2121984
130780.3 2097152
130780.3 2121984
130780.4 2097152
130780.4 2105344
130780.4 2097152
130780.5 2105344
130780.5 2097152
130780.5 2099840
130780.5 2097152
130780.6 2099840
130780.6 2097152
130780.6 2101376
130780.7 2097152
130780.7 2101376
130780.8 2097152
130780.8 2621440
130781.1 2097152
130781.1 2621440
130781.3 2097152
130781.4 2193920
130781.4 2097152
130781.5 2193920
130781.6 2097152
130781.6 2115584
130781.6 2097152
130781.7 2115584
130781.7 2097152
130781.7 2101888
130781.8 2097152
130781.8 2101888
130781.9 2097152
130781.9 2101632
130781.9 2097152
130782.0 2101632
130782.0 2097152
130782.0 2127104
130782.1 2097152
130782.1 2127104
130782.2 2097152
130782.2 2105856
130782.3 2097152
130782.3 2105856
130782.3 2097152
130782.4 2099840
130782.4 2097152
130782.4 2099840
130782.5 2097152
130782.5 2098208
130782.5 2097152
130782.6 2098208
130782.6 2097152
130782.6 2103424
130782.7 2097152
130782.7 2103424
130782.8 2097152
130782.8 2262528
130782.9 2097152
130782.9 2262528
130783.0 2097152
130783.1 2134272
130783.4 2097152
130783.5 2134272
130783.5 2097152
130783.5 2105600
130783.6 2097152
130783.6 2105600
130783.6 2097152
130783.7 2099968
130783.7 2097152
130783.7 2099968
130783.7 2097152
130783.8 2098240
130783.8 2097152
130783.8 2098240
130783.8 2097152
130783.9 2107264
130783.9 2097152
130784.0 2107264
130784.0 2097152
130784.0 2100544
130784.0 2097152
130784.1 2100544
130784.1 2097152
130784.1 2142720
130784.2 2097152
130784.3 2142720
130784.3 2097152
130784.4 2111232
130784.5 2097152
130784.6 2111232
130784.6 2097152
130784.7 2099392
130784.7 2097152
130784.7 2099392
130784.8 2097152
130784.8 2101952
130784.8 2097152
130784.9 2101952
130784.9 2097152
130784.9 2098848
130785.0 2097152
130785.0 2098848
130785.0 2097152
130785.1 2097808
130785.1 2097152
130785.1 2097808
130785.1 2097152
130785.2 2105856
130785.2 2097152
130785.2 2105856
130785.3 2097152
130785.3 2099904
130785.3 2097152
130785.3 2099904
130785.4 2097152
130785.4 9850880
130792.6 2097152
130792.6 9850880
130799.9 2097152
130800.0 4476928
130802.3 2097152
130802.5 4476928
130805.0 2097152
130805.3 2744320
130806.1 2097152
130806.2 2744320
130807.0 2097152
130807.1 2273280
130807.5 2097152
130807.7 2273280
130807.9 2097152
130808.0 2138368
130808.1 2097152
130808.3 2138368
130809.0 2097152
130809.2 2107264
130809.2 2097152
130809.3 2107264
130809.4 2097152
130809.4 2099584
130809.6 2097152
130809.6 2099584
130809.7 2097152
130809.7 2099776
130809.7 2097152
130809.8 2099776
130809.8 2097152
130809.8 2107648
130809.8 2097152
130809.9 2107648
130809.9 2097152
130809.9 2101184
130809.9 2097152
130810.0 2101184
130810.0 2097152
130810.0 2098336
130810.0 2097152
130810.1 2098336
130810.1 2097152
130810.1 2144000
130810.2 2097152
130810.2 2144000
130810.2 2097152
130810.3 2115840
130810.3 2097152
130810.3 2115840
130810.3 2097152
130810.4 2102848
130810.4 2097152
130810.4 2102848
130810.4 2097152
130810.4 2099072
130810.5 2097152
130810.5 2099072
130810.5 2097152
130810.5 2097760
130810.6 2097152
130810.6 2097760
130810.6 2097152
130810.6 2100800
130810.6 2097152
130810.7 2100800
130810.7 2097152
130810.7 2098272
130810.7 2097152
130810.8 2098272
130810.8 2097152
130810.8 2101888
130810.8 2097152
130810.9 2101888
130810.9 2097152
130810.9 2244608
130811.0 2097152
130811.0 2244608
130811.1 2097152
130811.1 2132224
130811.2 2097152
130811.2 2132224
130811.3 2097152
130811.3 2107904
130811.3 2097152
130811.3 2107904
130811.4 2097152
130811.4 2099264
130811.4 2097152
130811.4 2099264
130811.5 2097152
130811.5 2100416
130811.5 2097152
130811.5 2100416
130811.5 2097152
130811.6 2103936
130811.6 2097152
130811.6 2103936
130811.6 2097152
130811.7 2135808
130811.7 2097152
130811.7 2135808
130811.8 2097152
130811.8 2106112
130811.9 2097152
130811.9 2106112
130811.9 2097152
130811.9 2100416
130812.0 2097152
130812.0 2100416
130812.0 2097152
130812.0 2107520
130812.1 2097152
130812.1 2107520
130812.1 2097152
130812.1 2100864
130812.2 2097152
130812.2 2100864
130812.2 2097152
130812.2 2098432
130812.2 2097152
130812.3 2098432
130812.3 2097152
130812.3 2639872
130812.6 2097152
130812.6 2639872
130812.8 2097152
130812.9 2243072
130813.0 2097152
130813.0 2243072
130813.1 2097152
130813.1 2132480
130813.2 2097152
130813.3 2132480
130813.4 2097152
130813.5 2107520
130813.6 2097152
130813.6 2107520
130813.7 2097152
130813.7 2100544
130813.7 2097152
130813.8 2100544
130813.8 2097152
130813.8 2098304
130813.8 2097152
130813.8 2098304
130813.9 2097152
130813.9 2104448
130813.9 2097152
130814.0 2104448
130814.0 2097152
130814.0 2099520
130814.0 2097152
130814.1 2099520
130814.1 2097152
130814.1 2098208
130814.1 2097152
130814.2 2098208
130814.2 2097152
130814.2 2134784
130814.2 2097152
130814.3 2134784
130814.3 2097152
130814.3 2108288
130814.4 2097152
130814.4 2108288
130814.4 2097152
130814.4 2100736
130814.4 2097152
130814.5 2100736
130814.5 2097152
130814.5 2104832
130814.6 2097152
130814.6 2104832
130814.6 2097152
130814.6 2099968
130814.7 2097152
130814.7 2099968
130814.8 2097152
130814.8 2222592
130815.0 2097152
130815.1 2222592
130815.3 2097152
130815.3 2124032
130815.3 2097152
130815.4 2124032
130815.4 2097152
130815.5 2105216
130815.5 2097152
130815.5 2105216
130815.6 2097152
130815.6 2099520
130815.6 2097152
130815.6 2099520
130815.7 2097152
130815.7 2102528
130815.7 2097152
130815.8 2102528
130815.8 2097152
130815.8 2132992
130815.9 2097152
130816.0 2132992
130816.0 2097152
130816.0 2107776
130816.1 2097152
130816.1 2107776
130816.2 2097152
130816.2 2100160
130816.3 2097152
130816.3 2100160
130816.3 2097152
130816.4 2099456
130816.8 2097152
130816.9 2099456
130816.9 2097152
130816.9 2104448
130817.5 2097152
130817.6 2104448
130817.6 2097152
130817.6 2099328
130817.7 2097152
130817.8 2099328
130817.9 2097152
130817.9 3594240
130819.4 2097152
130819.4 3594240
130820.9 2097152
130820.9 2437120
130821.3 2097152
130821.3 2437120
130821.6 2097152
130821.6 2170880
130821.7 2097152
130821.8 2170880
130821.9 2097152
130821.9 2111232
130821.9 2097152
130821.9 2111232
130822.0 2097152
130822.0 2101760
130822.0 2097152
130822.0 2101760
130822.1 2097152
130822.1 2099584
130822.1 2097152
130822.2 2099584
130822.2 2097152
130822.2 2119936
130822.3 2097152
130822.3 2119936
130822.3 2097152
130822.4 2102656
130822.4 2097152
130822.4 2102656
130822.4 2097152
130822.5 2103040
130822.5 2097152
130822.5 2103040
130822.6 2097152
130822.6 2193408
130822.7 2097152
130822.7 2193408
130822.9 2097152
130822.9 2117632
130822.9 2097152
130823.0 2117632
130823.0 2097152
130823.0 2100992
130823.0 2097152
130823.1 2100992
130823.1 2097152
130823.1 2103552
130823.2 2097152
130823.2 2103552
130823.2 2097152
130823.2 2124800
130823.3 2097152
130823.3 2124800
130823.4 2097152
130823.4 2103808
130823.4 2097152
130823.4 2103808
130823.5 2097152
130823.5 2104320
130823.5 2097152
130823.6 2104320
130823.6 2097152
130823.6 2099584
130823.6 2097152
130823.7 2099584
130823.7 2097152
130823.7 2505728
130824.1 2097152
130824.2 2505728
130824.6 2097152
130824.6 2209792
130824.7 2097152
130824.7 2209792
130824.9 2097152
130824.9 2120192
130824.9 2097152
130825.0 2120192
130825.0 2097152
130825.0 2102528
130825.1 2097152
130825.1 2102528
130825.1 2097152
130825.1 2103296
130825.2 2097152
130825.2 2103296
130825.2 2097152
130825.3 2130432
130825.3 2097152
130825.3 2130432
130825.4 2097152
130825.4 2104832
130825.4 2097152
130825.5 2104832
130825.5 2097152
130825.5 2106112
130825.6 2097152
130825.6 2106112
130825.6 2097152
130825.7 2099840
130825.7 2097152
130825.7 2099840
130825.7 2097152
130825.8 2188800
130825.9 2097152
130825.9 2188800
130826.0 2097152
130826.0 2125824
130826.1 2097152
130826.1 2125824
130826.2 2097152
130826.2 2103168
130826.2 2097152
130826.2 2103168
130826.2 2097152
130826.4 2105472
130826.4 2097152
130826.4 2105472
130826.5 2097152
130826.5 2099584
130826.6 2097152
130826.7 2099584
130826.7 2097152
130826.8 2114304
130826.8 2097152
130826.8 2114304
130826.9 2097152
130826.9 2103040
130826.9 2097152
130826.9 2103040
130827.0 2097152
130827.0 2099840
130827.0 2097152
130827.0 2099840
130827.1 2097152
130827.1 37036032
130859.5 2097152
130859.6 37036032
130892.2 2097152
130892.3 10383360
130900.0 2097152
130900.1 10383360
130906.9 2097152
130907.0 4319232
130909.1 2097152
130909.3 4319232
130910.4 2097152
130910.5 2722816
130910.9 2097152
130911.0 2722816
130911.4 2097152
130911.4 2253824
130911.6 2097152
130911.6 2253824
130911.8 2097152
130911.8 2130432
130911.9 2097152
130912.0 2130432
130912.0 2097152
130912.0 2103680
130912.0 2097152
130912.1 2103680
130912.2 2097152
130912.3 2099456
130912.3 2097152
130912.3 2099456
130912.3 2097152
130912.4 2107264
130912.4 2097152
130912.4 2107264
130912.5 2097152
130912.5 2100288
130912.5 2097152
130912.5 2100288
130912.5 2097152
130912.6 2098240
130912.6 2097152
130912.6 2098240
130912.6 2097152
130912.7 2142208
130912.7 2097152
130912.7 2142208
130912.8 2097152
130912.8 2107008
130912.8 2097152
130912.9 2107008
130912.9 2097152
130912.9 2100032
130913.0 2097152
130913.1 2100032
130913.1 2097152
130913.2 2109824
130913.3 2097152
130913.3 2109824
130913.4 2097152
130913.5 2101376
130913.5 2097152
130913.5 2101376
130913.5 2097152
130913.6 2098496
130913.6 2097152
130913.6 2098496
130913.6 2097152
130913.7 2099264
130913.7 2097152
130913.7 2099264
130913.7 2097152
130913.8 2253312
130913.9 2097152
130913.9 2253312
130914.0 2097152
130914.0 2147328
130914.1 2097152
130914.1 2147328
130914.2 2097152
130914.2 2108032
130914.2 2097152
130914.3 2108032
130914.3 2097152
130914.3 2099584
130914.3 2097152
130914.3 2099584
130914.4 2097152
130914.4 2100160
130914.4 2097152
130914.4 2100160
130914.5 2097152
130914.5 2111360
130914.5 2097152
130914.5 2111360
130914.6 2097152
130914.6 2101248
130914.6 2097152
130914.6 2101248
130914.7 2097152
130914.7 2100160
130914.7 2097152
130914.8 2100160
130914.8 2097152
130914.8 2098400
130914.8 2097152
130914.8 2098400
130914.9 2097152
130914.9 2125056
130914.9 2097152
130914.9 2125056
130915.0 2097152
130915.0 2105472
130915.0 2097152
130915.1 2105472
130915.1 2097152
130915.1 2099776
130915.1 2097152
130915.2 2099776
130915.2 2097152
130915.2 2102784
130915.2 2097152
130915.3 2102784
130915.3 2097152
130915.3 2582528
130915.5 2097152
130915.6 2582528
130915.8 2097152
130915.8 2203648
130915.9 2097152
130915.9 2203648
130916.0 2097152
130916.0 2115840
130916.0 2097152
130916.1 2115840
130916.1 2097152
130916.1 2101504
130916.2 2097152
130916.2 2101504
130916.2 2097152
130916.2 2102144
130916.2 2097152
130916.3 2102144
130916.3 2097152
130916.3 2131712
130916.3 2097152
130916.4 2131712
130916.4 2097152
130916.4 2107008
130916.5 2097152
130916.5 2107008
130916.5 2097152
130916.5 2100160
130916.6 2097152
130916.6 2100160
130916.6 2097152
130916.6 2104576
130916.7 2097152
130916.7 2104576
130916.7 2097152
130916.7 2100160
130916.8 2097152
130916.8 2100160
130916.8 2097152
130916.8 2233344
130916.9 2097152
130917.0 2233344
130917.0 2097152
130917.1 2124032
130917.2 2097152
130917.2 2124032
130917.3 2097152
130917.3 2104960
130917.3 2097152
130917.3 2104960
130917.4 2097152
130917.4 2100096
130917.4 2097152
130917.5 2100096
130917.5 2097152
130917.5 2098240
130917.6 2097152
130917.6 2098240
130917.7 2097152
130917.7 2102784
130917.8 2097152
130917.8 2102784
130917.8 2097152
130917.9 2138368
130918.0 2097152
130918.0 2138368
130918.1 2097152
130918.1 2111360
130918.2 2097152
130918.2 2111360
130918.3 2097152
130918.3 2099840
130918.4 2097152
130918.4 2099840
130918.4 2097152
130918.5 2101568
130918.5 2097152
130918.6 2101568
130918.6 2097152
130918.7 2098592
130918.8 2097152
130918.8 2098592
130918.8 2097152
130918.9 2103552
130918.9 2097152
130919.0 2103552
130919.0 2097152
130919.0 4018176
130921.1 2097152
130922.1 4018176
130923.0 2097152
130923.1 2470912
130923.3 2097152
130923.4 2470912
130923.6 2097152
130923.6 2178048
130923.7 2097152
130923.7 2178048
130923.8 2097152
130923.8 2122496
130923.9 2097152
130923.9 2122496
130923.9 2097152
130924.0 2101632
130924.0 2097152
130924.0 2101632
130924.1 2097152
130924.1 2105344
130924.1 2097152
130924.2 2105344
130924.2 2097152
130924.2 2099328
130924.3 2097152
130924.3 2099328
130924.3 2097152
130924.3 2112256
130924.4 2097152
130924.4 2112256
130924.4 2097152
130924.5 2100864
130924.5 2097152
130924.5 2100864
130924.6 2097152
130924.6 2100992
130924.6 2097152
130924.7 2100992
130924.7 2097152
130924.7 2203136
130924.8 2097152
130924.8 2203136
130924.9 2097152
130924.9 2117632
130925.0 2097152
130925.0 2117632
130925.0 2097152
130925.1 2102656
130925.1 2097152
130925.1 2102656
130925.2 2097152
130925.2 2101888
130925.2 2097152
130925.2 2101888
130925.3 2097152
130925.3 2129664
130925.4 2097152
130925.4 2129664
130925.5 2097152
130925.5 2102912
130925.5 2097152
130925.6 2102912
130925.6 2097152
130925.6 2107648
130925.7 2097152
130925.7 2107648
130925.7 2097152
130925.7 2099456
130925.8 2097152
130925.8 2099456
130925.8 2097152
130925.9 2100096
130925.9 2097152
130925.9 2100096
130925.9 2097152
130926.0 2098368
130926.0 2097152
130926.0 2098368
130926.0 2097152
130926.1 2683904
130926.4 2097152
130926.4 2683904
130926.7 2097152
130926.7 2271232
130926.8 2097152
130926.8 2271232
130927.0 2097152
130927.0 2148608
130927.1 2097152
130927.1 2148608
130927.2 2097152
130927.2 2107520
130927.2 2097152
130927.2 2107520
130927.3 2097152
130927.3 2100288
130927.3 2097152
130927.3 2100288
130927.4 2097152
130927.4 2098400
130927.4 2097152
130927.4 2098400
130927.5 2097152
130927.5 2112512
130927.5 2097152
130927.5 2112512
130927.6 2097152
130927.6 2103104
130927.6 2097152
130927.7 2103104
130927.7 2097152
130927.8 2098400
130927.8 2097152
130927.8 2098400
130927.9 2097152
130927.9 2098880
130927.9 2097152
130928.0 2098880
130928.0 2097152
130928.0 2097728
130928.1 2097152
130928.1 2097728
130928.1 2097152
130928.2 2097424
130928.2 2097152
130928.2 2097424
130928.3 2097152
130928.3 2132736
130928.4 2097152
130928.4 2132736
130928.4 2097152
130928.5 2107264
130928.6 2097152
130928.7 2107264
130928.8 2097152
130928.8 2099776
130928.8 2097152
130928.9 2099776
130928.9 2097152
130929.0 2099584
130929.0 2097152
130929.0 2099584
130929.1 2097152
130929.1 2104832
130929.1 2097152
130929.2 2104832
130929.2 2097152
130929.3 2099392
130929.3 2097152
130929.3 2099392
130929.4 2097152
130929.4 2216448
130929.5 2097152
130929.5 2216448
130929.6 2097152
130929.6 2125568
130929.7 2097152
130929.7 2125568
130929.8 2097152
130929.8 2104960
130929.9 2097152
130929.9 2104960
130929.9 2097152
130930.0 2099392
130930.0 2097152
130930.0 2099392
130930.1 2097152
130930.1 2103552
130930.1 2097152
130930.2 2103552
130930.2 2097152
130930.3 2099584
130930.3 2097152
130930.3 2099584
130930.4 2097152
130930.4 2128384
130930.5 2097152
130930.5 2128384
130930.5 2097152
130930.6 2104704
130930.6 2097152
130930.6 2104704
130930.7 2097152
130930.7 2105216
130930.8 2097152
130930.8 2105216
130930.8 2097152
130930.9 2099520
130930.9 2097152
130930.9 2099520
130931.0 2097152
130931.0 11280384
130935.1 2097152
130935.2 11280384
130939.3 2097152
130939.3 4089856
130940.3 2097152
130940.5 4089856
130942.6 2097152
130942.6 2663424
130943.3 2097152
130943.4 2663424
130944.1 2097152
130944.3 2247168
130944.7 2097152
130944.8 2247168
130945.0 2097152
130945.0 2146048
130945.2 2097152
130945.2 2146048
130945.4 2097152
130945.5 2115456
130945.6 2097152
130945.6 2115456
130945.7 2097152
130945.8 2102912
130945.8 2097152
130945.8 2102912
130945.9 2097152
130946.0 2098496
130946.0 2097152
130946.0 2098496
130946.0 2097152
130946.1 2097744
130946.1 2097152
130946.2 2097744
130946.2 2097152
130946.2 2098688
130946.3 2097152
130946.3 2098688
130946.3 2097152
130946.3 2097728
130946.4 2097152
130946.4 2097728
130946.4 2097152
130946.5 2100544
130946.5 2097152
130946.5 2100544
130946.5 2097152
130946.6 2098208
130946.6 2097152
130946.6 2098208
130946.7 2097152
130946.7 2103296
130946.8 2097152
130946.8 2103296
130946.8 2097152
130946.9 2123264
130946.9 2097152
130946.9 2123264
130947.0 2097152
130947.0 2100992
130947.1 2097152
130947.1 2100992
130947.1 2097152
130947.2 2106368
130947.2 2097152
130947.2 2106368
130947.3 2097152
130947.3 2101056
130947.4 2097152
130947.4 2101056
130947.4 2097152
130947.5 2098496
130947.5 2097152
130947.5 2098496
130947.5 2097152
130947.6 2097712
130947.6 2097152
130947.6 2097712
130947.7 2097152
130947.7 2230272
130947.8 2097152
130947.8 2230272
130947.9 2097152
130948.0 2136832
130948.0 2097152
130948.0 2136832
130948.1 2097152
130948.1 2105216
130948.2 2097152
130948.2 2105216
130948.2 2097152
130948.3 2099776
130948.3 2097152
130948.3 2099776
130948.4 2097152
130948.4 2108928
130948.4 2097152
130948.5 2108928
130948.5 2097152
130948.5 2099712
130948.6 2097152
130948.6 2099712
130948.6 2097152
130948.7 2098304
130948.7 2097152
130948.7 2098304
130948.8 2097152
130948.8 2100480
130948.8 2097152
130948.9 2100480
130948.9 2097152
130948.9 2098304
130949.0 2097152
130949.0 2098304
130949.0 2097152
130949.1 2097680
130949.1 2097152
130949.1 2097680
130949.2 2097152
130949.2 2124032
130949.3 2097152
130949.3 2124032
130949.3 2097152
130949.4 2103424
130949.4 2097152
130949.4 2103424
130949.5 2097152
130949.5 2104320
130949.6 2097152
130949.6 2104320
130949.6 2097152
130949.7 2527232
130949.9 2097152
130949.9 2527232
130950.1 2097152
130950.2 2220544
130950.2 2097152
130950.3 2220544
130950.5 2097152
130950.6 2118912
130950.9 2097152
130950.9 2118912
130951.0 2097152
130951.0 2105216
130951.0 2097152
130951.1 2105216
130951.1 2097152
130951.2 2099840
130951.2 2097152
130951.2 2099840
130951.2 2097152
130951.3 2099968
130951.3 2097152
130951.4 2099968
130951.4 2097152
130951.4 2137088
130951.5 2097152
130951.6 2137088
130951.7 2097152
130951.7 2108544
130951.8 2097152
130951.8 2108544
130951.9 2097152
130951.9 2100608
130951.9 2097152
130952.0 2100608
130952.0 2097152
130952.0 2099392
130952.1 2097152
130952.1 2099392
130952.1 2097152
130952.2 2105728
130952.2 2097152
130952.2 2105728
130952.3 2097152
130952.3 2099392
130952.3 2097152
130952.4 2099392
130952.4 2097152
130952.4 2188800
130952.5 2097152
130952.5 2188800
130952.6 2097152
130952.7 2114048
130952.7 2097152
130952.7 2114048
130952.8 2097152
130952.8 2103040
130952.8 2097152
130952.9 2103040
130952.9 2097152
130952.9 2099712
130953.0 2097152
130953.0 2099712
130953.1 2097152
130953.1 2126080
130953.1 2097152
130953.2 2126080
130953.2 2097152
130953.3 2103296
130953.3 2097152
130953.3 2103296
130953.4 2097152
130953.4 2099456
130953.4 2097152
130953.4 2099456
130953.5 2097152
130953.5 2105472
130953.5 2097152
130953.6 2105472
130953.6 2097152
130953.6 2100096
130953.7 2097152
130953.7 2100096
130953.7 2097152
130953.8 2098208
130953.8 2097152
130953.8 2098208
130953.9 2097152
130953.9 4696064
130955.1 2097152
130955.1 4696064
130957.6 2097152
130958.2 2630656
130958.5 2097152
130958.6 2630656
130958.9 2097152
130958.9 2230272
130959.0 2097152
130959.0 2230272
130959.1 2097152
130959.2 2133760
130959.2 2097152
130959.3 2133760
130959.3 2097152
130959.3 2107264
130959.4 2097152
130959.4 2107264
130959.5 2097152
130959.5 2099264
130959.5 2097152
130959.6 2099264
130959.6 2097152
130959.6 2100096
130959.7 2097152
130959.7 2100096
130959.8 2097152
130959.8 2098400
130959.8 2097152
130959.8 2098400
130959.9 2097152
130959.9 2105344
130959.9 2097152
130959.9 2105344
130960.0 2097152
130960.0 2100096
130960.0 2097152
130960.1 2100096
130960.1 2097152
130960.1 2127104
130960.2 2097152
130960.2 2127104
130960.2 2097152
130960.3 2106112
130960.3 2097152
130960.3 2106112
130960.4 2097152
130960.4 2100416
130960.4 2097152
130960.4 2100416
130960.4 2097152
130960.5 2103168
130960.5 2097152
130960.5 2103168
130960.6 2097152
130960.6 2230784
130960.8 2097152
130960.8 2230784
130960.9 2097152
130961.0 2128896
130961.0 2097152
130961.0 2128896
130961.1 2097152
130961.1 2105856
130961.2 2097152
130961.2 2105856
130961.2 2097152
130961.2 2100096
130961.3 2097152
130961.3 2100096
130961.3 2097152
130961.3 2098528
130961.3 2097152
130961.4 2098528
130961.4 2097152
130961.4 2104320
130961.5 2097152
130961.5 2104320
130961.5 2097152
130961.5 2132224
130961.6 2097152
130961.6 2132224
130961.7 2097152
130961.7 2103296
130961.7 2097152
130961.7 2103296
130961.8 2097152
130961.8 2099328
130961.8 2097152
130961.8 2099328
130961.8 2097152
130961.9 2108544
130961.9 2097152
130961.9 2108544
130962.0 2097152
130962.0 2099776
130962.0 2097152
130962.0 2099776
130962.1 2097152
130962.1 2100224
130962.1 2097152
130962.1 2100224
130962.2 2097152
130962.2 2863104
130962.9 2097152
130963.0 2863104
130963.8 2097152
130963.8 2310656
130964.0 2097152
130964.0 2310656
130964.3 2097152
130964.3 2153216
130964.4 2097152
130964.4 2153216
130964.5 2097152
130964.5 2108672
130964.6 2097152
130964.6 2108672
130964.6 2097152
130964.6 2100480
130964.7 2097152
130964.7 2100480
130964.7 2097152
130964.7 2099584
130964.8 2097152
130964.8 2099584
130964.8 2097152
130964.8 2113664
130964.9 2097152
130964.9 2113664
130964.9 2097152
130964.9 2099904
130965.0 2097152
130965.0 2099904
130965.0 2097152
130965.0 2102656
130965.1 2097152
130965.1 2102656
130965.1 2097152
130965.1 2098304
130965.2 2097152
130965.2 2098304
130965.2 2097152
130965.2 2098752
130965.3 2097152
130965.3 2098752
130965.3 2097152
130965.3 2097888
130965.3 2097152
130965.4 2097888
130965.4 2097152
130965.4 2097472
130965.4 2097152
130965.5 2097472
130965.5 2097152
130965.5 2147840
130965.6 2097152
130965.6 2147840
130965.7 2097152
130965.7 2108672
130965.8 2097152
130965.8 2108672
130965.8 2097152
130965.8 2099904
130965.9 2097152
130965.9 2099904
130965.9 2097152
130965.9 2098240
130966.0 2097152
130966.0 2098240
130966.0 2097152
130966.0 2100160
130966.1 2097152
130966.1 2100160
130966.1 2097152
130966.1 2110976
130966.2 2097152
130966.2 2110976
130966.2 2097152
130966.3 2100928
130966.3 2097152
130966.3 2100928
130966.4 2097152
130966.4 2098752
130966.4 2097152
130966.4 2098752
130966.5 2097152
130966.5 2097808
130966.5 2097152
130966.5 2097808
130966.6 2097152
130966.6 2100288
130966.6 2097152
130966.6 2100288
130966.7 2097152
130966.7 2098272
130966.7 2097152
130966.7 2098272
130966.8 2097152
130966.8 2266624
130967.2 2097152
130967.3 2266624
130967.5 2097152
130967.5 2151168
130967.6 2097152
130967.6 2151168
130967.7 2097152
130967.8 2110720
130967.8 2097152
130967.8 2110720
130967.9 2097152
130967.9 2100928
130968.0 2097152
130968.0 2100928
130968.0 2097152
130968.1 2098368
130968.1 2097152
130968.2 2098368
130968.2 2097152
130968.3 2100160
130968.3 2097152
130968.3 2100160
130968.4 2097152
130968.5 2098400
130968.6 2097152
130968.7 2098400
130968.7 2097152
130968.8 2110592
130968.8 2097152
130968.8 2110592
130968.9 2097152
130968.9 2100032
130968.9 2097152
130968.9 2100032
130968.9 2097152
130969.0 2100992
130969.0 2097152
130969.0 2100992
130969.0 2097152
130969.1 2098720
130969.1 2097152
130969.1 2098720
130969.1 2097152
130969.2 2097696
130969.2 2097152
130969.2 2097696
130969.3 2097152
130969.3 2127872
130969.4 2097152
130969.4 2127872
130969.5 2097152
130969.6 2102784
130969.6 2097152
130969.6 2102784
130969.7 2097152
130969.7 2106880
130969.8 2097152
130969.8 2106880
130969.9 2097152
130969.9 2100352
130969.9 2097152
130970.0 2100352
130970.1 2097152
130970.1 2098240
130970.2 2097152
130970.2 2098240
130970.2 2097152
130970.3 67108864
131098.9 2097152
131099.0 67108864
131234.2 2097152
131234.4 31744000
131263.3 2097152
131263.5 31744000
131290.9 2097152
131291.0 10608640
131295.4 2097152
131295.5 10608640
131299.7 2097152
131299.8 4126720
131300.9 2097152
131301.1 4126720
131302.1 2097152
131302.3 2650112
131302.7 2097152
131302.8 2650112
131303.1 2097152
131303.2 2266112
131303.3 2097152
131303.3 2266112
131303.4 2097152
131303.5 2137856
131303.6 2097152
131303.6 2137856
131303.7 2097152
131303.7 2110336
131303.8 2097152
131303.8 2110336
131303.8 2097152
131303.9 2100352
131303.9 2097152
131303.9 2100352
131304.0 2097152
131304.0 2100544
131304.0 2097152
131304.1 2100544
131304.1 2097152
131304.2 2104320
131304.2 2097152
131304.3 2104320
131304.3 2097152
131304.3 2140928
131304.4 2097152
131304.4 2140928
131304.6 2097152
131304.7 2102656
131304.7 2097152
131304.8 2102656
131304.8 2097152
131304.8 2113536
131304.9 2097152
131304.9 2113536
131304.9 2097152
131305.0 2100864
131305.0 2097152
131305.0 2100864
131305.1 2097152
131305.1 2098400
131305.2 2097152
131305.2 2098400
131305.3 2097152
131305.4 2101632
131305.5 2097152
131305.6 2101632
131305.6 2097152
131305.6 2098976
131305.7 2097152
131305.7 2098976
131305.7 2097152
131305.8 2097824
131305.8 2097152
131305.8 2097824
131305.8 2097152
131305.9 2204672
131306.0 2097152
131306.0 2204672
131306.1 2097152
131306.1 2123776
131306.1 2097152
131306.2 2123776
131306.2 2097152
131306.3 2102784
131306.3 2097152
131306.3 2102784
131306.4 2097152
131306.4 2104832
131306.5 2097152
131306.5 2104832
131306.6 2097152
131306.6 2124288
131306.7 2097152
131306.7 2124288
131306.7 2097152
131306.8 2103680
131306.8 2097152
131306.8 2103680
131306.9 2097152
131306.9 2104192
131307.0 2097152
131307.0 2104192
131307.0 2097152
131307.0 2099776
131307.1 2097152
131307.1 2099776
131307.2 2097152
131307.2 2558976
131307.4 2097152
131307.5 2558976
131307.7 2097152
131307.8 2216448
131307.9 2097152
131307.9 2216448
131308.0 2097152
131308.0 2136832
131308.1 2097152
131308.1 2136832
131308.2 2097152
131308.3 2108288
131308.4 2097152
131308.5 2108288
131308.6 2097152
131308.6 2100288
131308.7 2097152
131308.7 2100288
131308.7 2097152
131308.8 2099584
131308.8 2097152
131308.8 2099584
131308.8 2097152
131308.9 2098208
131308.9 2097152
131308.9 2098208
131309.0 2097152
131309.0 2105856
131309.0 2097152
131309.0 2105856
131309.1 2097152
131309.1 2099840
131309.1 2097152
131309.2 2099840
131309.2 2097152
131309.2 2117120
131309.3 2097152
131309.3 2117120
131309.3 2097152
131309.4 2100480
131309.4 2097152
131309.4 2100480
131309.5 2097152
131309.5 2103808
131309.5 2097152
131309.6 2103808
131309.6 2097152
131309.6 2208768
131309.7 2097152
131309.8 2208768
131309.9 2097152
131310.0 2129152
131310.0 2097152
131310.0 2129152
131310.1 2097152
131310.1 2108928
131310.1 2097152
131310.2 2108928
131310.2 2097152
131310.2 2100992
131310.2 2097152
131310.3 2100992
131310.3 2097152
131310.3 2098304
131310.3 2097152
131310.4 2098304
131310.4 2097152
131310.4 2101376
131310.4 2097152
131310.5 2101376
131310.5 2097152
131310.5 2120960
131310.5 2097152
131310.6 2120960
131310.6 2097152
131310.6 2103168
131310.7 2097152
131310.7 2103168
131310.7 2097152
131310.7 2099328
131310.8 2097152
131310.8 2099328
131310.8 2097152
131310.8 2103040
131310.9 2097152
131310.9 2103040
131310.9 2097152
131310.9 4323328
131312.0 2097152
131312.1 4323328
131314.3 2097152
131314.4 2684928
131315.0 2097152
131315.1 2684928
131315.7 2097152
131315.7 2242048
131315.9 2097152
131315.9 2242048
131316.2 2097152
131316.3 2125824
131316.4 2097152
131316.5 2125824
131316.6 2097152
131316.7 2104832
131316.7 2097152
131316.8 2104832
131316.8 2097152
131316.8 2099712
131316.9 2097152
131316.9 2099712
131316.9 2097152
131317.0 2103808
131317.0 2097152
131317.0 2103808
131317.1 2097152
131317.1 2099264
131317.1 2097152
131317.2 2099264
131317.2 2097152
131317.2 2140928
131317.3 2097152
131317.3 2140928
131317.4 2097152
131317.4 2104320
131317.5 2097152
131317.5 2104320
131317.5 2097152
131317.6 2099392
131317.6 2097152
131317.6 2099392
131317.7 2097152
131317.7 2111872
131317.7 2097152
131317.8 2111872
131317.8 2097152
131317.8 2100160
131317.9 2097152
131317.9 2100160
131317.9 2097152
131318.0 2101504
131318.0 2097152
131318.0 2101504
131318.1 2097152
131318.1 2098560
131318.1 2097152
131318.2 2098560
131318.2 2097152
131318.2 2246144
131318.3 2097152
131318.3 2246144
131318.5 2097152
131318.5 2135808
131318.5 2097152
131318.6 2135808
131318.6 2097152
131318.6 2107904
131318.7 2097152
131318.7 2107904
131318.7 2097152
131318.8 2101312
131318.8 2097152
131318.8 2101312
131318.9 2097152
131318.9 2098464
131318.9 2097152
131318.9 2098464
131319.0 2097152
131319.0 2105728
131319.0 2097152
131319.1 2105728
131319.1 2097152
131319.1 2099648
131319.2 2097152
131319.2 2099648
131319.2 2097152
131319.3 2132992
131319.3 2097152
131319.3 2132992
131319.4 2097152
131319.4 2108800
131319.4 2097152
131319.5 2108800
131319.5 2097152
131319.5 2100160
131319.6 2097152
131319.6 2100160
131319.6 2097152
131319.6 2099968
131319.7 2097152
131319.7 2099968
131319.7 2097152
131319.8 2103424
131319.8 2097152
131319.8 2103424
131319.9 2097152
131319.9 2622464
131320.2 2097152
131320.2 2622464
131320.5 2097152
131320.5 2237440
131320.6 2097152
131320.7 2237440
131320.8 2097152
131320.8 2126592
131320.8 2097152
131320.9 2126592
131320.9 2097152
131320.9 2101504
131321.0 2097152
131321.0 2101504
131321.0 2097152
131321.1 2107520
131321.1 2097152
131321.2 2107520
131321.3 2097152
131321.3 2100864
131321.4 2097152
131321.4 2100864
131321.5 2097152
131321.5 2137856
131321.6 2097152
131321.6 2137856
131321.8 2097152
131321.8 2108032
131321.9 2097152
131321.9 2108032
131322.0 2097152
131322.0 2100608
131322.1 2097152
131322.1 2100608
131322.2 2097152
131322.2 2106624
131322.3 2097152
131322.3 2106624
131322.4 2097152
131322.4 2099392
131322.4 2097152
131322.5 2099392
131322.5 2097152
131322.6 2099648
131322.6 2097152
131322.6 2099648
131322.7 2097152
131322.9 2219520
131323.0 2097152
131323.0 2219520
131323.2 2097152
131323.2 2132224
131323.3 2097152
131323.4 2132224
131323.4 2097152
131323.7 2105600
131323.8 2097152
131323.8 2105600
131323.9 2097152
131323.9 2099392
131323.9 2097152
131324.0 2099392
131324.0 2097152
131324.0 2106240
131324.0 2097152
131324.1 2106240
131324.1 2097152
131324.1 2099520
131324.2 2097152
131324.2 2099520
131324.2 2097152
131324.2 2099328
131324.3 2097152
131324.3 2099328
131324.3 2097152
131324.3 2123264
131324.4 2097152
131324.4 2123264
131324.4 2097152
131324.5 2104960
131324.5 2097152
131324.6 2104960
131324.6 2097152
131324.7 2102400
131324.7 2097152
131324.8 2102400
131324.8 2097152
131324.8 8409088
131330.9 2097152
131331.0 8409088
131337.0 2097152
131337.1 3592192
131338.7 2097152
131338.8 3592192
131340.4 2097152
131340.6 2506752
131341.2 2097152
131341.4 2506752
131341.9 2097152
131342.0 2185216
131342.2 2097152
131342.4 2185216
131342.5 2097152
131342.5 2111488
131342.5 2097152
131342.6 2111488
131342.6 2097152
131342.6 2100992
131342.7 2097152
131342.9 2100992
131342.9 2097152
131342.9 2100480
131342.9 2097152
131343.0 2100480
131343.1 2097152
131343.2 2126848
131343.2 2097152
131343.3 2126848
131343.3 2097152
131343.4 2106240
131343.4 2097152
131343.4 2106240
131343.5 2097152
131343.5 2100608
131343.5 2097152
131343.6 2100608
131343.6 2097152
131343.6 2098304
131343.7 2097152
131343.7 2098304
131343.7 2097152
131343.8 2102912
131343.8 2097152
131343.8 2102912
131343.8 2097152
131343.9 2213888
131344.0 2097152
131344.0 2213888
131344.1 2097152
131344.1 2137344
131344.2 2097152
131344.2 2137344
131344.2 2097152
131344.3 2104320
131344.3 2097152
131344.4 2104320
131344.5 2097152
131344.5 2099520
131344.6 2097152
131344.6 2099520
131344.6 2097152
131344.7 2110080
131344.7 2097152
131344.8 2110080
131344.8 2097152
131344.9 2100864
131344.9 2097152
131344.9 2100864
131345.0 2097152
131345.0 2098336
131345.1 2097152
131345.1 2098336
131345.1 2097152
131345.2 2099904
131345.2 2097152
131345.3 2099904
131345.3 2097152
131345.3 2115328
131345.4 2097152
131345.4 2115328
131345.5 2097152
131345.5 2103040
131345.6 2097152
131345.6 2103040
131345.6 2097152
131345.7 2100352
131345.7 2097152
131345.7 2100352
131345.8 2097152
131345.8 2435072
131346.1 2097152
131346.2 2435072
131346.6 2097152
131346.6 2183680
131346.7 2097152
131346.7 2183680
131346.8 2097152
131346.9 2118144
131346.9 2097152
131347.0 2118144
131347.0 2097152
131347.1 2101504
131347.1 2097152
131347.2 2101504
131347.2 2097152
131347.2 2103296
131347.3 2097152
131347.3 2103296
131347.3 2097152
131347.4 2099264
131347.4 2097152
131347.4 2099264
131347.5 2097152
131347.5 2119424
131347.6 2097152
131347.6 2119424
131347.7 2097152
131347.7 2100480
131347.7 2097152
131347.7 2100480
131347.8 2097152
131347.8 2104960
131347.9 2097152
131347.9 2104960
131347.9 2097152
131348.0 2099648
131348.0 2097152
131348.1 2099648
131348.3 2097152
131348.3 2179584
131348.5 2097152
131348.5 2179584
131348.6 2097152
131348.7 2109952
131348.7 2097152
131348.8 2109952
131348.8 2097152
131348.8 2101248
131348.9 2097152
131348.9 2101248
131348.9 2097152
131348.9 2099456
131349.0 2097152
131349.0 2099456
131349.0 2097152
131349.0 2125568
131349.1 2097152
131349.1 2125568
131349.2 2097152
131349.2 2105344
131349.2 2097152
131349.3 2105344
131349.3 2097152
131349.3 2099584
131349.3 2097152
131349.4 2099584
131349.4 2097152
131349.4 2103168
131349.4 2097152
131349.5 2103168
131349.5 2097152
131349.5 3758080
131351.1 2097152
131351.1 3758080
131352.7 2097152
131352.8 2463744
131353.1 2097152
131353.1 2463744
131353.4 2097152
131353.5 2220032
131353.6 2097152
131353.6 2220032
131353.7 2097152
131353.7 2125824
131353.8 2097152
131353.8 2125824
131353.8 2097152
131353.9 2106368
131353.9 2097152
131354.0 2106368
131354.0 2097152
131354.0 2100672
131354.1 2097152
131354.1 2100672
131354.1 2097152
131354.2 2102272
131354.2 2097152
131354.3 2102272
131354.3 2097152
131354.3 2129920
131354.4 2097152
131354.4 2129920
131354.5 2097152
131354.6 2109568
131354.6 2097152
131354.7 2109568
131354.7 2097152
131354.7 2101120
131354.8 2097152
131354.8 2101120
131354.8 2097152
131354.9 2098624
131354.9 2097152
131354.9 2098624
131355.0 2097152
131355.0 2097792
131355.0 2097152
131355.0 2097792
131355.1 2097152
131355.1 2099392
131355.1 2097152
131355.2 2099392
131355.2 2097152
131355.2 2101120
131355.3 2097152
131355.3 2101120
131355.3 2097152
131355.4 2157568
131355.4 2097152
131355.5 2157568
131355.5 2097152
131355.6 2117120
131355.6 2097152
131355.6 2117120
131355.7 2097152
131355.7 2102656
131355.7 2097152
131355.8 2102656
131355.8 2097152
131355.8 2101632
131355.9 2097152
131355.9 2101632
131355.9 2097152
131356.0 2107392
131356.0 2097152
131356.0 2107392
131356.1 2097152
131356.1 2099968
131356.1 2097152
131356.2 2099968
131356.2 2097152
131356.2 2099456
131356.3 2097152
131356.3 2099456
131356.5 2097152
131356.6 2561024
131356.8 2097152
131356.8 2561024
131357.1 2097152
131357.1 2199552
131357.2 2097152
131357.2 2199552
131357.3 2097152
131357.3 2116864
131357.4 2097152
131357.4 2116864
131357.4 2097152
131357.4 2103808
131357.5 2097152
131357.5 2103808
131357.5 2097152
131357.6 2100352
131357.6 2097152
131357.6 2100352
131357.6 2097152
131357.7 2128640
131357.7 2097152
131357.7 2128640
131357.8 2097152
131357.8 2105728
131357.8 2097152
131357.9 2105728
131357.9 2097152
131357.9 2099776
131358.0 2097152
131358.0 2099776
131358.0 2097152
131358.1 2104320
131358.1 2097152
131358.1 2104320
131358.2 2097152
131358.2 2099456
131358.2 2097152
131358.3 2099456
131358.3 2097152
131358.3 2226688
131358.4 2097152
131358.5 2226688
131358.6 2097152
131358.6 2132992
131358.7 2097152
131358.7 2132992
131358.8 2097152
131358.8 2105728
131358.8 2097152
131358.9 2105728
131358.9 2097152
131358.9 2100288
131358.9 2097152
131359.0 2100288
131359.0 2097152
131359.0 2106496
131359.1 2097152
131359.1 2106496
131359.1 2097152
131359.2 2099712
131359.3 2097152
131359.3 2099712
131359.5 2097152
131359.6 2099264
131359.7 2097152
131359.8 2099264
131359.9 2097152
131359.9 2126080
131360.0 2097152
131360.0 2126080
131360.1 2097152
131360.1 2100992
131360.1 2097152
131360.1 2100992
131360.2 2097152
131360.2 2107776
131360.4 2097152
131360.4 2107776
131360.5 2097152
131360.5 2101120
131360.5 2097152
131360.6 2101120
131360.6 2097152
131360.6 2098208
131360.7 2097152
131360.7 2098208
131360.7 2097152
131360.8 37543936
131378.4 2097152
131378.5 37543936
131394.5 2097152
131398.9 11087872
131403.0 2097152
131403.3 11087872
131407.1 2097152
131407.3 4161536
131408.3 2097152
131408.4 4161536
131409.3 2097152
131409.4 2452480
131409.6 2097152
131409.8 2452480
131410.0 2097152
131410.0 2196480
131410.1 2097152
131410.2 2196480
131410.3 2097152
131410.3 2118656
131410.3 2097152
131410.4 2118656
131410.4 2097152
131410.4 2102784
131410.5 2097152
131410.5 2102784
131410.5 2097152
131410.6 2102272
131410.6 2097152
131410.6 2102272
131410.7 2097152
131410.7 2125312
131410.8 2097152
131410.8 2125312
131410.8 2097152
131410.9 2106112
131410.9 2097152
131410.9 2106112
131411.0 2097152
131411.0 2100416
131411.0 2097152
131411.1 2100416
131411.1 2097152
131411.2 2102272
131411.2 2097152
131411.2 2102272
131411.3 2097152
131411.3 2175488
131411.4 2097152
131411.4 2175488
131411.5 2097152
131411.5 2118912
131411.5 2097152
131411.6 2118912
131411.6 2097152
131411.6 2102272
131411.7 2097152
131411.7 2102272
131411.7 2097152
131411.8 2102912
131411.8 2097152
131411.8 2102912
131411.9 2097152
131411.9 2114560
131411.9 2097152
131412.0 2114560
131412.0 2097152
131412.1 2101376
131412.1 2097152
131412.1 2101376
131412.2 2097152
131412.2 2101632
131412.2 2097152
131412.3 2101632
131412.3 2097152
131412.3 2774016
131413.1 2097152
131413.1 2774016
131413.8 2097152
131413.8 2263552
131414.0 2097152
131414.0 2263552
131414.2 2097152
131414.3 2146816
131414.3 2097152
131414.3 2146816
131414.4 2097152
131414.5 2106624
131414.5 2097152
131414.5 2106624
131414.5 2097152
131414.6 2099264
131414.6 2097152
131414.6 2099264
131414.7 2097152
131414.7 2099776
131414.7 2097152
131414.7 2099776
131414.7 2097152
131414.8 2112512
131414.8 2097152
131414.8 2112512
131414.9 2097152
131414.9 2102080
131414.9 2097152
131415.0 2102080
131415.0 2097152
131415.0 2098848
131415.0 2097152
131415.1 2098848
131415.1 2097152
131415.1 2097728
131415.1 2097152
131415.2 2097728
131415.2 2097152
131415.2 2099904
131415.2 2097152
131415.3 2099904
131415.3 2097152
131415.3 2130688
131415.4 2097152
131415.4 2130688
131415.4 2097152
131415.5 2105216
131415.5 2097152
131415.5 2105216
131415.6 2097152
131415.6 2099840
131415.6 2097152
131415.7 2099840
131415.7 2097152
131415.7 2105856
131415.7 2097152
131415.8 2105856
131415.8 2097152
131415.9 2099904
131415.9 2097152
131416.0 2099904
131416.0 2097152
131416.0 2098240
131416.1 2097152
131416.1 2098240
131416.2 2097152
131416.2 2269184
131416.3 2097152
131416.3 2269184
131416.5 2097152
131416.5 2145280
131416.5 2097152
131416.6 2145280
131416.6 2097152
131416.7 2109696
131416.7 2097152
131416.8 2109696
131416.8 2097152
131416.8 2099968
131416.9 2097152
131416.9 2099968
131416.9 2097152
131417.0 2100608
131417.0 2097152
131417.1 2100608
131417.3 2097152
131417.4 2098528
131417.4 2097152
131417.5 2098528
131417.5 2097152
131417.6 2108672
131417.6 2097152
131417.7 2108672
131417.7 2097152
131417.8 2101312
131417.8 2097152
131417.8 2101312
131417.9 2097152
131417.9 2098336
131417.9 2097152
131418.0 2098336
131418.0 2097152
131418.0 2135040
131418.1 2097152
131418.2 2135040
131418.2 2097152
131418.3 2107776
131418.3 2097152
131418.3 2107776
131418.4 2097152
131418.4 2099584
131418.5 2097152
131418.5 2099584
131418.5 2097152
131418.6 2100032
131418.6 2097152
131418.6 2100032
131418.7 2097152
131418.7 2105472
131418.8 2097152
131418.8 2105472
131418.8 2097152
131418.9 2099840
131418.9 2097152
131418.9 2099840
131419.0 2097152
131419.0 4528128
131421.2 2097152
131421.3 4528128
131423.7 2097152
131423.7 2539520
131424.3 2097152
131424.4 2539520
131424.7 2097152
131424.7 2200064
131424.9 2097152
131425.0 2200064
131425.1 2097152
131425.2 2125312
131425.3 2097152
131425.3 2125312
131425.3 2097152
131425.4 2104576
131425.4 2097152
131425.4 2104576
131425.5 2097152
131425.5 2103808
131425.6 2097152
131425.6 2103808
131425.6 2097152
131425.7 2120448
131425.7 2097152
131425.7 2120448
131425.8 2097152
131425.8 2103040
131425.9 2097152
131425.9 2103040
131426.0 2097152
131426.1 2102912
131426.1 2097152
131426.1 2102912
131426.2 2097152
131426.2 2099520
131426.2 2097152
131426.2 2099520
131426.3 2097152
131426.3 2215424
131426.4 2097152
131426.4 2215424
131426.6 2097152
131426.6 2124800
131426.7 2097152
131426.7 2124800
131426.7 2097152
131426.8 2105344
131426.8 2097152
131426.8 2105344
131426.8 2097152
131426.9 2100096
131426.9 2097152
131426.9 2100096
131426.9 2097152
131427.0 2102784
131427.0 2097152
131427.0 2102784
131427.1 2097152
131427.1 2128640
131427.1 2097152
131427.2 2128640
131427.2 2097152
131427.2 2105728
131427.3 2097152
131427.3 2105728
131427.3 2097152
131427.4 2099392
131427.4 2097152
131427.4 2099392
131427.4 2097152
131427.5 2104320
131427.5 2097152
131427.5 2104320
131427.6 2097152
131427.6 2099264
131427.6 2097152
131427.6 2099264
131427.7 2097152
131427.7 2870272
131428.2 2097152
131428.3 2870272
131428.6 2097152
131428.7 2243072
131428.8 2097152
131428.8 2243072
131428.9 2097152
131428.9 2132224
131428.9 2097152
131428.9 2132224
131429.0 2097152
131429.0 2107648
131429.0 2097152
131429.0 2107648
131429.1 2097152
131429.1 2100736
131429.1 2097152
131429.1 2100736
131429.2 2097152
131429.2 2104192
131429.2 2097152
131429.2 2104192
131429.3 2097152
131429.3 2099264
131429.3 2097152
131429.3 2099264
131429.3 2097152
131429.4 2135040
131429.4 2097152
131429.4 2135040
131429.5 2097152
131429.5 2103680
131429.5 2097152
131429.7 2103680
131429.8 2097152
131429.8 2109568
131429.8 2097152
131429.8 2109568
131429.9 2097152
131429.9 2102208
131429.9 2097152
131429.9 2102208
131429.9 2097152
131430.0 2099168
131430.0 2097152
131430.0 2099168
131430.0 2097152
131430.1 2097856
131430.1 2097152
131430.1 2097856
131430.1 2097152
131430.2 2097424
131430.2 2097152
131430.2 2097424
131430.2 2097152
131430.3 2337792
131430.4 2097152
131430.4 2337792
131430.5 2097152
131430.5 2150400
131430.6 2097152
131430.6 2150400
131430.6 2097152
131430.7 2114944
131430.7 2097152
131430.7 2114944
131430.7 2097152
131430.7 2102080
131430.8 2097152
131430.8 2102080
131430.8 2097152
131430.8 2098464
131430.8 2097152
131430.9 2098464
131430.9 2097152
131430.9 2098304
131430.9 2097152
131430.9 2098304
131431.0 2097152
131431.0 2101120
131431.0 2097152
131431.0 2101120
131431.1 2097152
131431.1 2098272
131431.1 2097152
131431.1 2098272
131431.2 2097152
131431.2 2105984
131431.2 2097152
131431.2 2105984
131431.2 2097152
131431.3 2100608
131431.3 2097152
131431.3 2100608
131431.3 2097152
131431.3 2098304
131431.4 2097152
131431.4 2098304
131431.4 2097152
131431.4 2164224
131431.5 2097152
131431.5 2164224
131431.5 2097152
131431.6 2111744
131431.6 2097152
131431.6 2111744
131431.6 2097152
131431.6 2101824
131431.7 2097152
131431.7 2101824
131431.7 2097152
131431.7 2098816
131431.7 2097152
131431.8 2098816
131431.8 2097152
131431.8 2097872
131431.8 2097152
131431.8 2097872
131431.9 2097152
131431.9 2099776
131431.9 2097152
131431.9 2099776
131431.9 2097152
131432.0 2116096
131432.0 2097152
131432.0 2116096
131432.0 2097152
131432.1 2100672
131432.1 2097152
131432.1 2100672
131432.1 2097152
131432.1 2103104
131432.2 2097152
131432.2 2103104
131432.2 2097152
131432.2 2098688
131432.2 2097152
131432.3 2098688
131432.3 2097152
131432.3 2098592
131432.3 2097152
131432.3 2098592
131432.4 2097152
131432.4 10829824
131435.9 2097152
131436.0 10829824
131439.5 2097152
131439.6 4683776
131440.6 2097152
131440.7 4683776
131441.7 2097152
131441.8 2800640
131442.0 2097152
131442.1 2800640
131442.4 2097152
131442.4 2291200
131442.5 2097152
131442.7 2291200
131442.8 2097152
131442.9 2146560
131442.9 2097152
131443.0 2146560
131443.0 2097152
131443.1 2106368
131443.1 2097152
131443.1 2106368
131443.2 2097152
131443.2 2099456
131443.2 2097152
131443.3 2099456
131443.3 2097152
131443.3 2099456
131443.4 2097152
131443.4 2099456
131443.5 2097152
131443.5 2112640
131443.6 2097152
131443.6 2112640
131443.7 2097152
131443.7 2101952
131443.7 2097152
131443.8 2101952
131443.8 2097152
131443.8 2098560
131443.9 2097152
131443.9 2098560
131443.9 2097152
131444.0 2097744
131444.0 2097152
131444.0 2097744
131444.1 2097152
131444.1 2097440
131444.2 2097152
131444.2 2097440
131444.2 2097152
131444.3 2100096
131444.3 2097152
131444.3 2100096
131444.4 2097152
131444.4 2144768
131444.4 2097152
131444.5 2144768
131444.5 2097152
131444.6 2109824
131444.6 2097152
131444.6 2109824
131444.7 2097152
131444.7 2101376
131444.8 2097152
131444.8 2101376
131444.8 2097152
131444.9 2098720
131444.9 2097152
131444.9 2098720
131445.0 2097152
131445.0 2099264
131445.0 2097152
131445.1 2099264
131445.1 2097152
131445.1 2108288
131445.2 2097152
131445.2 2108288
131445.3 2097152
131445.3 2101248
131445.3 2097152
131445.4 2101248
131445.4 2097152
131445.4 2098336
131445.6 2097152
131445.6 2098336
131445.7 2097152
131445.7 2254848
131445.9 2097152
131446.0 2254848
131446.2 2097152
131446.4 2139392
131446.5 2097152
131446.5 2139392
131446.6 2097152
131446.6 2103936
131446.7 2097152
131446.7 2103936
131446.7 2097152
131446.8 2111488
131446.8 2097152
131446.8 2111488
131446.9 2097152
131446.9 2101568
131446.9 2097152
131447.0 2101568
131447.0 2097152
131447.1 2098592
131447.1 2097152
131447.2 2098592
131447.2 2097152
131447.2 2097696
131447.2 2097152
131447.3 2097696
131447.3 2097152
131447.3 2099904
131447.3 2097152
131447.4 2099904
131447.4 2097152
131447.4 2133760
131447.5 2097152
131447.5 2133760
131447.6 2097152
131447.6 2107136
131447.6 2097152
131447.7 2107136
131447.7 2097152
131447.7 2101120
131447.7 2097152
131447.8 2101120
131447.8 2097152
131447.8 2098592
131447.8 2097152
131447.9 2098592
131447.9 2097152
131447.9 2105472
131447.9 2097152
131448.0 2105472
131448.0 2097152
131448.0 2099776
131448.0 2097152
131448.1 2099776
131448.1 2097152
131448.1 2686976
131448.7 2097152
131448.8 2686976
131449.4 2097152
131449.4 2250240
131449.6 2097152
131449.6 2250240
131449.8 2097152
131449.8 2136832
131449.9 2097152
131449.9 2136832
131449.9 2097152
131450.0 2108544
131450.0 2097152
131450.0 2108544
131450.0 2097152
131450.1 2100736
131450.2 2097152
131450.2 2100736
131450.2 2097152
131450.3 2099264
131450.3 2097152
131450.3 2099264
131450.4 2097152
131450.4 2105600
131450.4 2097152
131450.5 2105600
131450.5 2097152
131450.5 2100096
131450.6 2097152
131450.6 2100096
131450.6 2097152
131450.7 2098240
131450.8 2097152
131450.8 2098240
131450.9 2097152
131450.9 2134016
131451.0 2097152
131451.0 2134016
131451.1 2097152
131451.1 2107136
131451.2 2097152
131451.2 2107136
131451.3 2097152
131451.4 2100864
131451.4 2097152
131451.4 2100864
131451.5 2097152
131451.5 2098848
131451.5 2097152
131451.6 2098848
131451.6 2097152
131451.6 2097728
131451.6 2097152
131451.7 2097728
131451.7 2097152
131451.8 2105600
131451.8 2097152
131451.8 2105600
131451.9 2097152
131451.9 2100224
131451.9 2097152
131452.0 2100224
131452.0 2097152
131452.0 2098240
131452.1 2097152
131452.1 2098240
131452.1 2097152
131452.2 2238976
131452.3 2097152
131452.3 2238976
131452.4 2097152
131452.4 2126336
131452.5 2097152
131452.5 2126336
131452.6 2097152
131452.6 2103552
131452.7 2097152
131452.7 2103552
131452.7 2097152
131452.8 2099520
131452.8 2097152
131452.9 2099520
131452.9 2097152
131452.9 2105344
131453.0 2097152
131453.0 2105344
131453.0 2097152
131453.1 2100096
131453.1 2097152
131453.2 2100096
131453.2 2097152
131453.2 2138880
131453.3 2097152
131453.3 2138880
131453.4 2097152
131453.4 2111488
131453.5 2097152
131453.5 2111488
131453.5 2097152
131453.6 2099968
131453.6 2097152
131453.7 2099968
131453.7 2097152
131453.7 2098272
131453.8 2097152
131453.8 2098272
131453.8 2097152
131453.9 2101504
131453.9 2097152
131453.9 2101504
131454.0 2097152
131454.0 2098912
131454.0 2097152
131454.1 2098912
131454.1 2097152
131454.2 2097728
131454.2 2097152
131454.2 2097728
131454.3 2097152
131454.3 2103680
131454.3 2097152
131454.4 2103680
131454.4 2097152
131454.4 3876864
131455.2 2097152
131455.3 3876864
131456.0 2097152
131456.1 2576384
131456.3 2097152
131456.4 2576384
131456.6 2097152
131456.6 2217984
131456.7 2097152
131456.7 2217984
131456.8 2097152
131456.9 2131712
131456.9 2097152
131456.9 2131712
131457.0 2097152
131457.0 2103808
131457.1 2097152
131457.1 2103808
131457.2 2097152
131457.2 2107776
131457.3 2097152
131457.3 2107776
131457.3 2097152
131457.4 2100608
131457.4 2097152
131457.4 2100608
131457.5 2097152
131457.5 2098336
131457.5 2097152
131457.6 2098336
131457.6 2097152
131457.6 2123008
131457.7 2097152
131457.7 2123008
131457.8 2097152
131457.8 2102528
131457.9 2097152
131457.9 2102528
131457.9 2097152
131458.0 2104704
131458.0 2097152
131458.0 2104704
131458.1 2097152
131458.1 2099712
131458.2 2097152
131458.2 2099712
131458.2 2097152
131458.3 2215936
131458.4 2097152
131458.5 2215936
131458.6 2097152
131458.6 2119680
131458.7 2097152
131458.7 2119680
131458.7 2097152
131458.8 2103296
131458.8 2097152
131458.8 2103296
131458.8 2097152
131459.0 2102272
131459.0 2097152
131459.0 2102272
131459.1 2097152
131459.1 2134016
131459.1 2097152
131459.2 2134016
131459.2 2097152
131459.3 2107904
131459.3 2097152
131459.3 2107904
131459.4 2097152
131459.4 2099264
131459.4 2097152
131459.4 2099264
131459.5 2097152
131459.5 2100416
131459.5 2097152
131459.5 2100416
131459.6 2097152
131459.6 2098400
131459.6 2097152
131459.6 2098400
131459.6 2097152
131459.7 2104832
131459.7 2097152
131459.7 2104832
131459.8 2097152
131459.8 2099264
131459.8 2097152
131459.8 2099264
131459.9 2097152
131460.0 2507776
131460.2 2097152
131460.2 2507776
131460.4 2097152
131460.4 2204160
131460.5 2097152
131460.6 2204160
131460.6 2097152
131460.7 2132480
131460.7 2097152
131460.8 2132480
131460.8 2097152
131460.8 2105600
131460.9 2097152
131460.9 2105600
131461.0 2097152
131461.0 2099840
131461.0 2097152
131461.1 2099840
131461.1 2097152
131461.1 2106368
131461.2 2097152
131461.2 2106368
131461.3 2097152
131461.3 2100224
131461.3 2097152
131461.4 2100224
131461.4 2097152
131461.4 2115328
131461.5 2097152
131461.5 2115328
131461.6 2097152
131461.6 2101120
131461.7 2097152
131461.7 2101120
131461.7 2097152
131461.8 2102272
131461.8 2097152
131461.8 2102272
131461.9 2097152
131461.9 2195456
131462.0 2097152
131462.0 2195456
131462.1 2097152
131462.1 2119936
131462.2 2097152
131462.2 2119936
131462.3 2097152
131462.3 2102656
131462.3 2097152
131462.4 2102656
131462.4 2097152
131462.4 2103040
131462.5 2097152
131462.5 2103040
131462.5 2097152
131462.6 2123520
131462.6 2097152
131462.7 2123520
131462.7 2097152
131462.7 2103552
131462.8 2097152
131462.8 2103552
131462.9 2097152
131462.9 2103936
131462.9 2097152
131463.0 2103936
131463.0 2097152
131463.1 2099840
131463.1 2097152
131463.1 2099840
131463.2 2097152
131463.2 67108864
131871.8 2097152
131871.9 67108864
132354.3 2097152
132354.6 67108864
132546.0 2097152
132546.1 67108864
132671.3 2097152
132671.5 34873344
132700.6 2097152
132700.8 34873344
132731.0 2097152
132731.0 10067968
132738.4 2097152
132738.6 10067968
132746.1 2097152
132746.4 3708928
132748.1 2097152
132748.3 3708928
132750.0 2097152
132750.2 2549760
132750.4 2097152
132750.6 2549760
132751.1 2097152
132751.1 2203648
132751.2 2097152
132751.3 2203648
132751.5 2097152
132751.6 2137088
132751.6 2097152
132751.7 2137088
132751.8 2097152
132751.8 2106880
132751.8 2097152
132751.9 2106880
132751.9 2097152
132752.0 2099520
132752.0 2097152
132752.1 2099520
132752.1 2097152
132752.1 2099648
132752.2 2097152
132752.2 2099648
132752.3 2097152
132752.4 2107392
132752.4 2097152
132752.5 2107392
132752.5 2097152
132752.5 2100352
132752.6 2097152
132752.6 2100352
132752.6 2097152
132752.6 2110464
132752.7 2097152
132752.7 2110464
132752.8 2097152
132752.8 2101120
132752.8 2097152
132752.9 2101120
132752.9 2097152
132752.9 2099840
132753.0 2097152
132753.0 2099840
132753.0 2097152
132753.0 2216960
132753.2 2097152
132753.2 2216960
132753.4 2097152
132753.4 2128128
132753.5 2097152
132753.5 2128128
132753.6 2097152
132753.6 2104704
132753.6 2097152
132753.7 2104704
132753.7 2097152
132753.8 2105088
132753.8 2097152
132753.9 2105088
132753.9 2097152
132753.9 2099712
132754.0 2097152
132754.0 2099712
132754.1 2097152
132754.1 2126080
132754.1 2097152
132754.2 2126080
132754.2 2097152
132754.3 2103296
132754.3 2097152
132754.4 2103296
132754.4 2097152
132754.4 2105472
132754.5 2097152
132754.6 2105472
132754.6 2097152
132754.6 2099456
132754.7 2097152
132754.7 2099456
132754.7 2097152
132754.8 2450432
132755.1 2097152
132755.2 2450432
132755.5 2097152
132755.6 2196992
132755.7 2097152
132755.7 2196992
132755.8 2097152
132755.9 2120960
132755.9 2097152
132756.0 2120960
132756.0 2097152
132756.0 2103424
132756.1 2097152
132756.1 2103424
132756.1 2097152
132756.2 2102784
132756.2 2097152
132756.3 2102784
132756.3 2097152
132756.3 2123264
132756.4 2097152
132756.4 2123264
132756.4 2097152
132756.5 2103168
132756.5 2097152
132756.5 2103168
132756.6 2097152
132756.6 2104192
132756.6 2097152
132756.7 2104192
132756.7 2097152
132756.8 2099264
132756.8 2097152
132756.8 2099264
132756.9 2097152
132756.9 2173952
132757.0 2097152
132757.0 2173952
132757.2 2097152
132757.2 2112256
132757.2 2097152
132757.3 2112256
132757.3 2097152
132757.3 2100992
132757.4 2097152
132757.4 2100992
132757.5 2097152
132757.5 2100864
132757.5 2097152
132757.6 2100864
132757.6 2097152
132757.6 2120448
132757.7 2097152
132758.0 2120448
132758.1 2097152
132758.1 2099968
132758.1 2097152
132758.2 2099968
132758.2 2097152
132758.2 2105984
132758.3 2097152
132758.3 2105984
132758.3 2097152
132758.4 2100224
132758.4 2097152
132758.5 2100224
132758.5 2097152
132758.6 4470784
132760.8 2097152
132760.9 4470784
132763.1 2097152
132763.1 2737152
132763.7 2097152
132763.7 2737152
132764.3 2097152
132764.4 2283008
132764.6 2097152
132764.6 2283008
132764.8 2097152
132764.8 2146816
132764.8 2097152
132764.9 2146816
132764.9 2097152
132765.0 2109184
132765.0 2097152
132765.0 2109184
132765.0 2097152
132765.1 2099584
132765.2 2097152
132765.2 2099584
132765.2 2097152
132765.2 2100736
132765.3 2097152
132765.3 2100736
132765.3 2097152
132765.3 2098336
132765.4 2097152
132765.4 2098336
132765.4 2097152
132765.4 2109952
132765.5 2097152
132765.5 2109952
132765.5 2097152
132765.5 2102208
132765.6 2097152
132765.6 2102208
132765.6 2097152
132765.6 2098304
132765.7 2097152
132765.7 2098304
132765.7 2097152
132765.7 2098528
132765.7 2097152
132765.8 2098528
132765.8 2097152
132765.8 2097776
132765.8 2097152
132765.9 2097776
132765.9 2097152
132765.9 2140416
132766.0 2097152
132766.0 2140416
132766.0 2097152
132766.1 2114304
132766.1 2097152
132766.1 2114304
132766.2 2097152
132766.2 2101632
132766.2 2097152
132766.2 2101632
132766.2 2097152
132766.4 2098528
132766.5 2097152
132766.5 2098528
132766.5 2097152
132766.6 2101248
132766.6 2097152
132766.6 2101248
132766.7 2097152
132766.7 2098368
132766.7 2097152
132766.7 2098368
132766.8 2097152
132766.8 2101632
132766.8 2097152
132766.9 2101632
132766.9 2097152
132766.9 2231296
132767.1 2097152
132767.2 2231296
132767.2 2097152
132767.3 2143488
132767.3 2097152
132767.4 2143488
132767.4 2097152
132767.4 2109184
132767.5 2097152
132767.5 2109184
132767.5 2097152
132767.5 2099584
132767.6 2097152
132767.6 2099584
132767.6 2097152
132767.7 2100736
132767.7 2097152
132767.7 2100736
132767.7 2097152
132767.8 2098400
132767.8 2097152
132767.8 2098400
132767.9 2097152
132767.9 2108288
132767.9 2097152
132767.9 2108288
132768.0 2097152
132768.0 2100928
132768.0 2097152
132768.1 2100928
132768.1 2097152
132768.1 2098656
132768.2 2097152
132768.2 2098656
132768.2 2097152
132768.2 2117888
132768.3 2097152
132768.3 2117888
132768.3 2097152
132768.4 2101888
132768.4 2097152
132768.4 2101888
132768.5 2097152
132768.5 2102784
132768.5 2097152
132768.5 2102784
132768.6 2097152
132768.6 2643968
132768.9 2097152
132768.9 2643968
132769.2 2097152
132769.2 2228736
132769.3 2097152
132769.3 2228736
132769.4 2097152
132769.4 2119680
132769.5 2097152
132769.5 2119680
132769.5 2097152
132769.6 2102272
132769.6 2097152
132769.6 2102272
132769.6 2097152
132769.7 2103296
132769.7 2097152
132769.7 2103296
132769.8 2097152
132769.8 2140416
132769.9 2097152
132769.9 2140416
132769.9 2097152
132770.0 2109312
132770.0 2097152
132770.0 2109312
132770.0 2097152
132770.1 2101696
132770.2 2097152
132770.3 2101696
132770.3 2097152
132770.3 2098400
132770.4 2097152
132770.4 2098400
132770.5 2097152
132770.7 2106624
132770.8 2097152
132770.9 2106624
132770.9 2097152
132770.9 2100032
132771.0 2097152
132771.0 2100032
132771.0 2097152
132771.1 2238976
132771.2 2097152
132771.2 2238976
132771.3 2097152
132771.3 2127872
132771.4 2097152
132771.4 2127872
132771.4 2097152
132771.4 2105856
132771.5 2097152
132771.5 2105856
132771.5 2097152
132771.6 2100608
132771.6 2097152
132771.6 2100608
132771.6 2097152
132771.7 2098240
132771.7 2097152
132771.8 2098240
132771.8 2097152
132771.8 2103808
132771.8 2097152
132771.9 2103808
132771.9 2097152
132771.9 2137344
132772.0 2097152
132772.0 2137344
132772.0 2097152
132772.1 2107008
132772.1 2097152
132772.1 2107008
132772.2 2097152
132772.2 2100416
132772.2 2097152
132772.2 2100416
132772.3 2097152
132772.3 2107392
132772.3 2097152
132772.4 2107392
132772.4 2097152
132772.4 2099584
132772.5 2097152
132772.5 2099584
132772.5 2097152
132772.6 2099840
132772.6 2097152
132772.7 2099840
132772.7 2097152
132772.7 10514432
132780.5 2097152
132780.6 10514432
132788.5 2097152
132788.6 4110336
132790.7 2097152
132790.7 4110336
132793.9 2097152
132794.0 2494464
132794.6 2097152
132794.7 2494464
132795.4 2097152
132795.5 2191360
132795.7 2097152
132795.8 2191360
132796.0 2097152
132796.0 2123776
132796.3 2097152
132796.4 2123776
132796.5 2097152
132796.5 2104448
132796.6 2097152
132796.6 2104448
132796.7 2097152
132796.7 2099712
132796.8 2097152
132796.8 2099712
132796.9 2097152
132796.9 2103168
132797.0 2097152
132797.1 2103168
132797.2 2097152
132797.3 2099520
132797.4 2097152
132797.4 2099520
132797.5 2097152
132797.5 2117632
132797.6 2097152
132797.6 2117632
132797.7 2097152
132797.7 2100864
132797.8 2097152
132797.8 2100864
132797.9 2097152
132797.9 2103680
132797.9 2097152
132798.0 2103680
132798.0 2097152
132798.1 2099648
132798.1 2097152
132798.2 2099648
132798.2 2097152
132798.3 2201600
132798.5 2097152
132798.5 2201600
132798.7 2097152
132798.8 2125568
132798.8 2097152
132798.9 2125568
132798.9 2097152
132799.0 2105472
132799.0 2097152
132799.1 2105472
132799.1 2097152
132799.2 2100288
132799.2 2097152
132799.2 2100288
132799.3 2097152
132799.3 2103040
132799.4 2097152
132799.4 2103040
132799.5 2097152
132799.5 2099328
132799.6 2097152
132799.6 2099328
132799.7 2097152
132799.7 2120960
132799.8 2097152
132799.9 2120960
132800.0 2097152
132800.0 2103168
132800.1 2097152
132800.1 2103168
132800.2 2097152
132800.2 2103040
132800.3 2097152
132800.3 2103040
132800.4 2097152
132800.4 2706432
132801.4 2097152
132801.4 2706432
132802.3 2097152
132802.4 2288128
132802.7 2097152
132802.7 2288128
132802.9 2097152
132802.9 2145024
132803.0 2097152
132803.0 2145024
132803.1 2097152
132803.2 2105344
132803.2 2097152
132803.3 2105344
132803.3 2097152
132803.3 2099328
132803.4 2097152
132803.4 2099328
132803.4 2097152
132803.4 2112896
132803.5 2097152
132803.5 2112896
132803.5 2097152
132803.6 2102336
132803.6 2097152
132803.6 2102336
132803.7 2097152
132803.7 2098400
132803.7 2097152
132803.7 2098400
132803.8 2097152
132803.8 2098496
132803.8 2097152
132803.9 2098496
132803.9 2097152
132803.9 2097680
132803.9 2097152
132804.0 2097680
132804.0 2097152
132804.0 2099840
132804.1 2097152
132804.1 2099840
132804.1 2097152
132804.2 2144768
132804.2 2097152
132804.3 2144768
132804.4 2097152
132804.4 2110720
132804.4 2097152
132804.5 2110720
132804.5 2097152
132804.5 2100544
132804.6 2097152
132804.6 2100544
132804.6 2097152
132804.6 2098592
132804.7 2097152
132804.7 2098592
132804.7 2097152
132804.7 2097680
132804.8 2097152
132804.8 2097680
132804.8 2097152
132804.9 2100544
132804.9 2097152
132804.9 2100544
132804.9 2097152
132805.0 2107392
132805.0 2097152
132805.0 2107392
132805.1 2097152
132805.1 2099968
132805.1 2097152
132805.2 2099968
132805.2 2097152
132805.2 2098208
132805.2 2097152
132805.3 2098208
132805.3 2097152
132805.3 2099456
132805.4 2097152
132805.4 2099456
132805.4 2097152
132805.4 2210816
132805.5 2097152
132805.6 2210816
132805.6 2097152
132805.7 2134272
132805.7 2097152
132805.7 2134272
132805.8 2097152
132805.8 2109568
132805.9 2097152
132805.9 2109568
132805.9 2097152
132806.0 2099328
132806.0 2097152
132806.0 2099328
132806.0 2097152
132806.1 2101184
132806.1 2097152
132806.1 2101184
132806.2 2097152
132806.2 2098816
132806.2 2097152
132806.2 2098816
132806.3 2097152
132806.3 2103296
132806.3 2097152
132806.4 2103296
132806.4 2097152
132806.4 2116864
132806.5 2097152
132806.5 2116864
132806.5 2097152
132806.6 2104448
132806.6 2097152
132806.6 2104448
132806.6 2097152
132806.7 2099712
132806.7 2097152
132806.7 2099712
132806.8 2097152
132806.8 4292608
132807.7 2097152
132807.8 4292608
132808.7 2097152
132808.8 2689024
132809.1 2097152
132809.1 2689024
132809.4 2097152
132809.4 2216448
132809.5 2097152
132809.6 2216448
132809.7 2097152
132809.7 2120960
132809.8 2097152
132809.8 2120960
132809.9 2097152
132809.9 2102272
132809.9 2097152
132810.0 2102272
132810.0 2097152
132810.0 2103936
132810.1 2097152
132810.1 2103936
132810.2 2097152
132810.2 2132992
132810.3 2097152
132810.3 2132992
132810.4 2097152
132810.4 2102656
132810.4 2097152
132810.5 2102656
132810.5 2097152
132810.5 2109568
132810.6 2097152
132810.6 2109568
132810.7 2097152
132810.7 2100672
132810.7 2097152
132810.7 2100672
132810.8 2097152
132810.8 2098336
132810.9 2097152
132810.9 2098336
132810.9 2097152
132811.0 2099840
132811.0 2097152
132811.1 2099840
132811.1 2097152
132811.1 2098208
132811.2 2097152
132811.2 2098208
132811.3 2097152
132811.3 2273792
132811.5 2097152
132811.5 2273792
132811.6 2097152
132811.7 2151424
132811.7 2097152
132811.8 2151424
132811.8 2097152
132811.8 2113664
132811.9 2097152
132811.9 2113664
132811.9 2097152
132812.0 2101376
132812.0 2097152
132812.0 2101376
132812.1 2097152
132812.1 2098304
132812.1 2097152
132812.2 2098304
132812.2 2097152
132812.2 2101184
132812.3 2097152
132812.3 2101184
132812.3 2097152
132812.3 2098848
132812.4 2097152
132812.4 2098848
132812.4 2097152
132812.5 2107776
132812.5 2097152
132812.5 2107776
132812.6 2097152
132812.6 2100608
132812.6 2097152
132812.6 2100608
132812.7 2097152
132812.7 2098368
132812.7 2097152
132812.8 2098368
132812.8 2097152
132812.9 2131200
132812.9 2097152
132812.9 2131200
132813.0 2097152
132813.0 2105600
132813.0 2097152
132813.1 2105600
132813.1 2097152
132813.1 2099712
132813.2 2097152
132813.2 2099712
132813.2 2097152
132813.3 2105728
132813.3 2097152
132813.3 2105728
132813.4 2097152
132813.4 2099328
132813.4 2097152
132813.4 2099328
132813.5 2097152
132813.5 2099264
132813.5 2097152
132813.6 2099264
132813.6 2097152
132813.6 2603008
132813.9 2097152
132813.9 2603008
132814.2 2097152
132814.2 2206208
132814.3 2097152
132814.3 2206208
132814.4 2097152
132814.4 2125056
132814.4 2097152
132814.5 2125056
132814.5 2097152
132814.5 2105600
132814.6 2097152
132814.6 2105600
132814.6 2097152
132814.6 2099840
132814.7 2097152
132814.7 2099840
132814.7 2097152
132814.8 2102656
132814.8 2097152
132814.8 2102656
132814.9 2097152
132814.9 2123776
132814.9 2097152
132815.0 2123776
132815.0 2097152
132815.0 2102656
132815.1 2097152
132815.1 2102656
132815.1 2097152
132815.1 2099456
132815.2 2097152
132815.2 2099456
132815.3 2097152
132815.3 2104960
132815.3 2097152
132815.3 2104960
132815.4 2097152
132815.4 2099840
132815.4 2097152
132815.5 2099840
132815.5 2097152
132815.5 2241024
132815.6 2097152
132815.6 2241024
132815.7 2097152
132815.8 2133504
132815.8 2097152
132815.9 2133504
132815.9 2097152
132816.0 2109568
132816.0 2097152
132816.1 2109568
132816.1 2097152
132816.1 2100224
132816.2 2097152
132816.2 2100224
132816.2 2097152
132816.2 2098272
132816.3 2097152
132816.3 2098272
132816.3 2097152
132816.4 2100288
132816.4 2097152
132816.4 2100288
132816.4 2097152
132816.5 2102912
132816.5 2097152
132816.5 2102912
132816.6 2097152
132816.6 2099328
132816.6 2097152
132816.6 2099328
132816.7 2097152
132816.7 2132736
132816.8 2097152
132816.8 2132736
132816.9 2097152
132816.9 2105216
132816.9 2097152
132816.9 2105216
132817.0 2097152
132817.0 2100096
132817.0 2097152
132817.0 2100096
132817.1 2097152
132817.1 2106880
132817.2 2097152
132817.2 2106880
132817.2 2097152
132817.3 2099904
132817.3 2097152
132817.3 2099904
132817.3 2097152
132817.4 2099264
132817.4 2097152
132817.4 2099264
132817.4 2097152
132817.5 35291136
132865.1 2097152
132865.2 35291136
132910.5 2097152
132910.6 10285056
132921.7 2097152
132921.8 10285056
132933.4 2097152
132933.5 3780608
132935.8 2097152
132935.8 3780608
132938.1 2097152
132938.2 2507776
132938.8 2097152
132938.8 2507776
132939.4 2097152
132939.5 2208256
132939.7 2097152
132939.7 2208256
132939.8 2097152
132939.8 2125824
132939.9 2097152
132939.9 2125824
132939.9 2097152
132940.0 2104960
132940.0 2097152
132940.1 2104960
132940.2 2097152
132940.3 2099584
132940.3 2097152
132940.3 2099584
132940.4 2097152
132940.4 2103680
132940.4 2097152
132940.4 2103680
132940.5 2097152
132940.5 2099456
132940.5 2097152
132940.6 2099456
132940.6 2097152
132940.6 2124032
132940.7 2097152
132940.7 2124032
132940.7 2097152
132940.8 2103680
132940.8 2097152
132940.8 2103680
132940.9 2097152
132940.9 2104064
132940.9 2097152
132940.9 2104064
132941.0 2097152
132941.2 2191360
132941.3 2097152
132941.3 2191360
132941.4 2097152
132941.4 2116352
132941.4 2097152
132941.5 2116352
132941.5 2097152
132941.5 2104832
132941.6 2097152
132941.6 2104832
132941.6 2097152
132941.6 2100288
132941.7 2097152
132941.7 2100288
132941.7 2097152
132941.8 2099072
132941.8 2097152
132941.8 2099072
132941.8 2097152
132941.9 2125056
132941.9 2097152
132942.0 2125056
132942.1 2097152
132942.1 2105600
132942.2 2097152
132942.3 2105600
132942.3 2097152
132942.4 2099392
132942.4 2097152
132942.4 2099392
132942.5 2097152
132942.5 2102656
132942.5 2097152
132942.5 2102656
132942.6 2097152
132942.6 2099392
132942.6 2097152
132942.6 2099392
132942.7 2097152
132942.7 2528256
132942.9 2097152
132943.0 2528256
132943.2 2097152
132943.2 2194944
132943.3 2097152
132943.3 2194944
132943.4 2097152
132943.4 2129920
132943.5 2097152
132943.5 2129920
132943.5 2097152
132943.6 2103680
132943.6 2097152
132943.6 2103680
132943.7 2097152
132943.7 2107008
132943.7 2097152
132943.8 2107008
132943.8 2097152
132943.8 2100416
132943.9 2097152
132943.9 2100416
132943.9 2097152
132944.0 2113280
132944.0 2097152
132944.0 2113280
132944.0 2097152
132944.1 2098816
132944.1 2097152
132944.2 2098816
132944.2 2097152
132944.2 2103552
132944.2 2097152
132944.3 2103552
132944.3 2097152
132944.3 2099328
132944.4 2097152
132944.4 2099328
132944.4 2097152
132944.5 2214912
132944.7 2097152
132944.7 2214912
132944.9 2097152
132944.9 2122752
132945.0 2097152
132945.0 2122752
132945.0 2097152
132945.1 2102528
132945.1 2097152
132945.1 2102528
132945.2 2097152
132945.2 2099264
132945.2 2097152
132945.2 2099264
132945.3 2097152
132945.3 2104576
132945.3 2097152
132945.3 2104576
132945.4 2097152
132945.4 2099456
132945.4 2097152
132945.4 2099456
132945.5 2097152
132945.5 2130432
132945.6 2097152
132945.6 2130432
132945.7 2097152
132945.7 2102272
132945.7 2097152
132945.7 2102272
132945.8 2097152
132945.8 2108672
132945.8 2097152
132945.9 2108672
132945.9 2097152
132945.9 2100480
132946.0 2097152
132946.0 2100480
132946.0 2097152
132946.0 2098208
132946.0 2097152
132946.1 2098208
132946.2 2097152
132946.3 2099584
132946.4 2097152
132946.4 2099584
132946.6 2097152
132946.7 4507648
132950.2 2097152
132950.3 4507648
132953.9 2097152
132954.0 2745344
132955.0 2097152
132955.1 2745344
132955.9 2097152
132956.0 2276864
132956.2 2097152
132956.4 2276864
132956.6 2097152
132956.6 2145536
132956.7 2097152
132956.8 2145536
132956.9 2097152
132956.9 2113920
132957.0 2097152
132957.1 2113920
132957.1 2097152
132957.1 2102848
132957.2 2097152
132957.2 2102848
132957.2 2097152
132957.2 2098240
132957.2 2097152
132957.3 2098240
132957.3 2097152
132957.3 2098912
132957.3 2097152
132957.4 2098912
132957.4 2097152
132957.4 2099840
132957.5 2097152
132957.5 2099840
132957.6 2097152
132957.6 2104576
132957.7 2097152
132957.7 2104576
132957.7 2097152
132957.7 2099456
132957.8 2097152
132957.8 2099456
132957.8 2097152
132957.8 2138624
132957.9 2097152
132957.9 2138624
132958.0 2097152
132958.0 2111616
132958.0 2097152
132958.0 2111616
132958.1 2097152
132958.1 2100032
132958.1 2097152
132958.2 2100032
132958.2 2097152
132958.2 2101504
132958.2 2097152
132958.3 2101504
132958.3 2097152
132958.3 2098624
132958.3 2097152
132958.4 2098624
132958.4 2097152
132958.4 2097712
132958.4 2097152
132958.5 2097712
132958.5 2097152
132958.5 2103424
132958.5 2097152
132958.6 2103424
132958.6 2097152
132958.6 2241536
132958.7 2097152
132958.8 2241536
132958.9 2097152
132958.9 2136064
132959.0 2097152
132959.0 2136064
132959.1 2097152
132959.1 2108800
132959.2 2097152
132959.2 2108800
132959.2 2097152
132959.3 2099968
132959.3 2097152
132959.3 2099968
132959.4 2097152
132959.4 2100160
132959.4 2097152
132959.4 2100160
132959.5 2097152
132959.5 2098368
132959.5 2097152
132959.5 2098368
132959.6 2097152
132959.6 2104960
132959.6 2097152
132959.6 2104960
132959.7 2097152
132959.7 2099264
132959.7 2097152
132959.7 2099264
132959.8 2097152
132959.8 2130432
132959.8 2097152
132959.9 2130432
132959.9 2097152
132959.9 2104960
132960.0 2097152
132960.0 2104960
132960.0 2097152
132960.1 2099584
132960.1 2097152
132960.1 2099584
132960.2 2097152
132960.2 2105984
132960.2 2097152
132960.3 2105984
132960.3 2097152
132960.3 2100096
132960.3 2097152
132960.4 2100096
132960.4 2097152
132960.4 2654208
132960.7 2097152
132960.7 2654208
132961.0 2097152
132961.0 2227200
132961.1 2097152
132961.1 2227200
132961.2 2097152
132961.2 2139904
132961.3 2097152
132961.3 2139904
132961.4 2097152
132961.4 2111616
132961.4 2097152
132961.4 2111616
132961.5 2097152
132961.5 2102400
132961.5 2097152
132961.5 2102400
132961.6 2097152
132961.6 2098688
132961.6 2097152
132961.6 2098688
132961.7 2097152
132961.7 2098240
132961.7 2097152
132961.7 2098240
132961.8 2097152
132961.8 2104064
132961.8 2097152
132961.8 2104064
132961.9 2097152
132961.9 2099264
132961.9 2097152
132961.9 2099264
132962.0 2097152
132962.0 2119424
132962.0 2097152
132962.0 2119424
132962.1 2097152
132962.1 2103168
132962.2 2097152
132962.2 2103168
132962.2 2097152
132962.2 2102272
132962.3 2097152
132962.3 2102272
132962.3 2097152
132962.4 2245632
132962.5 2097152
132962.5 2245632
132962.6 2097152
132962.6 2139136
132962.7 2097152
132962.7 2139136
132962.7 2097152
132962.8 2107264
132962.8 2097152
132962.8 2107264
132962.9 2097152
132962.9 2100480
132962.9 2097152
132962.9 2100480
132963.0 2097152
132963.0 2098240
132963.0 2097152
132963.0 2098240
132963.1 2097152
132963.1 2108032
132963.1 2097152
132963.1 2108032
132963.2 2097152
132963.2 2099840
132963.2 2097152
132963.3 2099840
132963.3 2097152
132963.3 2099904
132963.3 2097152
132963.4 2099904
132963.4 2097152
132963.4 2129408
132963.5 2097152
132963.5 2129408
132963.5 2097152
132963.6 2103296
132963.6 2097152
132963.6 2103296
132963.6 2097152
132963.7 2107136
132963.7 2097152
132963.7 2107136
132963.8 2097152
132963.8 2100288
132963.8 2097152
132963.8 2100288
132963.9 2097152
132964.0 10506240
132971.6 2097152
132971.7 10506240
132979.8 2097152
132980.2 3762176
132982.0 2097152
132982.1 3762176
132983.7 2097152
132983.7 2539520
132984.3 2097152
132984.3 2539520
132985.0 2097152
132985.3 2218496
132985.5 2097152
132985.5 2218496
132985.7 2097152
132985.7 2139136
132985.8 2097152
132985.8 2139136
132985.9 2097152
132985.9 2106752
132986.0 2097152
132986.0 2106752
132986.1 2097152
132986.1 2099392
132986.2 2097152
132986.2 2099392
132986.3 2097152
132986.3 2099712
132986.4 2097152
132986.4 2099712
132986.4 2097152
132986.5 2108544
132986.5 2097152
132986.6 2108544
132986.6 2097152
132986.6 2099520
132986.7 2097152
132986.7 2099520
132986.7 2097152
132986.8 2100480
132986.8 2097152
132986.8 2100480
132986.9 2097152
132986.9 2115840
132987.0 2097152
132987.0 2115840
132987.0 2097152
132987.1 2102272
132987.1 2097152
132987.2 2102272
132987.2 2097152
132987.2 2101376
132987.3 2097152
132987.3 2101376
132987.3 2097152
132987.3 2196992
132987.4 2097152
132987.4 2196992
132987.5 2097152
132987.5 2120192
132987.6 2097152
132987.6 2120192
132987.6 2097152
132987.7 2101504
132987.7 2097152
132987.7 2101504
132987.7 2097152
132987.8 2104320
132987.9 2097152
132988.2 2104320
132988.2 2097152
132988.3 2124032
132988.3 2097152
132988.3 2124032
132988.4 2097152
132988.5 2102016
132988.5 2097152
132988.5 2102016
132988.6 2097152
132988.6 2105728
132988.6 2097152
132988.7 2105728
132988.7 2097152
132988.7 2099968
132988.7 2097152
132988.8 2099968
132988.8 2097152
132988.8 2098400
132988.9 2097152
132988.9 2098400
132988.9 2097152
132988.9 2487296
132989.1 2097152
132989.2 2487296
132989.4 2097152
132989.4 2191360
132989.5 2097152
132989.5 2191360
132989.6 2097152
132989.7 2118656
132989.8 2097152
132989.8 2118656
132989.9 2097152
132989.9 2101376
132989.9 2097152
132990.0 2101376
132990.1 2097152
132990.2 2103680
132990.3 2097152
132990.4 2103680
132990.6 2097152
132990.7 2122752
132991.0 2097152
132991.1 2122752
132991.2 2097152
132991.2 2102784
132991.2 2097152
132991.3 2102784
132991.3 2097152
132991.4 2104320
132991.4 2097152
132991.4 2104320
132991.5 2097152
132991.5 2198016
132991.6 2097152
132991.7 2198016
132991.8 2097152
132991.8 2119936
132991.9 2097152
132991.9 2119936
132991.9 2097152
132992.0 2105728
132992.0 2097152
132992.0 2105728
132992.1 2097152
132992.1 2099776
132992.1 2097152
132992.1 2099776
132992.2 2097152
132992.2 2099968
132992.2 2097152
132992.3 2099968
132992.3 2097152
132992.3 2124800
132992.4 2097152
132992.4 2124800
132992.4 2097152
132992.5 2104832
132992.5 2097152
132992.5 2104832
132992.6 2097152
132992.6 2099456
132992.6 2097152
132992.7 2099456
132992.7 2097152
132992.7 2103296
132992.7 2097152
132992.8 2103296
132992.9 2097152
132992.9 4636672
132994.1 2097152
132994.1 4636672
132995.3 2097152
132995.4 2860032
132995.7 2097152
132995.8 2860032
132996.1 2097152
132996.2 2254336
132996.3 2097152
132996.3 2254336
132996.4 2097152
132996.4 2128128
132996.5 2097152
132996.5 2128128
132996.6 2097152
132996.6 2103168
132996.6 2097152
132996.7 2103168
132996.7 2097152
132996.7 2106624
132996.7 2097152
132996.8 2106624
132996.8 2097152
132996.8 2100160
132996.9 2097152
132996.9 2100160
132996.9 2097152
132997.0 2144768
132997.0 2097152
132997.0 2144768
132997.1 2097152
132997.1 2112000
132997.2 2097152
132997.2 2112000
132997.2 2097152
132997.2 2101824
132997.3 2097152
132997.3 2101824
132997.3 2097152
132997.4 2098528
132997.4 2097152
132997.4 2098528
132997.4 2097152
132997.5 2097760
132997.5 2097152
132997.5 2097760
132997.6 2097152
132997.6 2099904
132997.6 2097152
132997.6 2099904
132997.7 2097152
132997.7 2098240
132997.7 2097152
132997.8 2098240
132997.8 2097152
132997.8 2106112
132997.8 2097152
132997.9 2106112
132997.9 2097152
132997.9 2099648
132998.0 2097152
132998.0 2099648
132998.0 2097152
132998.1 2321408
132998.2 2097152
132998.2 2321408
132998.4 2097152
132998.4 2153216
132998.5 2097152
132998.5 2153216
132998.5 2097152
132998.6 2104704
132998.6 2097152
132998.6 2104704
132998.7 2097152
132998.7 2099392
132998.7 2097152
132998.8 2099392
132998.8 2097152
132998.8 2117632
132998.9 2097152
132998.9 2117632
132998.9 2097152
132999.0 2104128
132999.0 2097152
132999.0 2104128
132999.0 2097152
132999.3 2099680
132999.3 2097152
132999.3 2099680
132999.3 2097152
132999.4 2097952
132999.4 2097152
132999.4 2097952
132999.5 2097152
132999.5 2100416
132999.5 2097152
132999.6 2100416
132999.6 2097152
132999.7 2153216
132999.8 2097152
132999.8 2153216
132999.9 2097152
132999.9 2114048
132999.9 2097152
133000.0 2114048
133000.0 2097152
133000.0 2102208
133000.1 2097152
133000.1 2102208
133000.1 2097152
133000.2 2098304
133000.2 2097152
133000.2 2098304
133000.3 2097152
133000.3 2098528
133000.3 2097152
133000.3 2098528
133000.4 2097152
133000.4 2100544
133000.4 2097152
133000.5 2100544
133000.5 2097152
133000.5 2098240
133000.5 2097152
133000.6 2098240
133000.6 2097152
133000.7 2108288
133000.7 2097152
133000.7 2108288
133000.8 2097152
133000.8 2100928
133000.8 2097152
133000.9 2100928
133000.9 2097152
133001.0 2604032
133001.4 2097152
133001.5 2604032
133002.1 2097152
133002.1 2179584
133002.3 2097152
133002.4 2179584
133002.5 2097152
133002.6 2114816
133002.6 2097152
133002.7 2114816
133002.7 2097152
133002.8 2102528
133002.8 2097152
133002.9 2102528
133002.9 2097152
133003.0 2100608
133003.0 2097152
133003.1 2100608
133003.1 2097152
133003.2 2120704
133003.2 2097152
133003.3 2120704
133003.4 2097152
133003.4 2102784
133003.5 2097152
133003.6 2102784
133003.6 2097152
133003.6 2099328
133003.7 2097152
133003.7 2099328
133003.7 2097152
133003.7 2103296
133003.8 2097152
133003.8 2103296
133003.8 2097152
133003.9 2268160
133004.0 2097152
133004.0 2268160
133004.1 2097152
133004.1 2124544
133004.2 2097152
133004.2 2124544
133004.3 2097152
133004.3 2105344
133004.4 2097152
133004.4 2105344
133004.5 2097152
133004.6 2099840
133004.6 2097152
133004.6 2099840
133004.7 2097152
133004.7 2102656
133004.7 2097152
133004.8 2102656
133004.8 2097152
133004.8 2155264
133004.9 2097152
133004.9 2155264
133004.9 2097152
133005.0 2109568
133005.0 2097152
133005.0 2109568
133005.1 2097152
133005.1 2101120
133005.1 2097152
133005.2 2101120
133005.2 2097152
133005.2 2098496
133005.2 2097152
133005.3 2098496
133005.3 2097152
133005.3 2099392
133005.4 2097152
133005.4 2099392
133005.4 2097152
133005.4 2113792
133005.5 2097152
133005.5 2113792
133005.5 2097152
133005.6 2102080
133005.6 2097152
133005.6 2102080
133005.7 2097152
133005.7 2098912
133005.7 2097152
133005.8 2098912
133005.8 2097152
133005.8 2097712
133005.9 2097152
133005.9 2097712
133005.9 2097152
133006.0 2100544
133006.0 2097152
133006.1 2100544
133006.1 2097152
133006.2 67108864
133066.2 2097152
133066.3 67108864
133126.2 2097152
133126.3 33054720
133140.9 2097152
133141.0 33054720
133159.4 2097152
133159.5 10563584
133167.2 2097152
133167.2 10563584
133174.9 2097152
133175.0 3727360
133176.5 2097152
133176.6 3727360
133178.1 2097152
133178.2 2500608
133178.6 2097152
133178.6 2500608
133179.1 2097152
133179.1 2234368
133179.2 2097152
133179.3 2234368
133179.4 2097152
133179.4 2129152
133179.5 2097152
133179.5 2129152
133179.7 2097152
133179.7 2106880
133179.9 2097152
133180.0 2106880
133180.0 2097152
133180.1 2100288
133180.2 2097152
133180.2 2100288
133180.3 2097152
133180.3 2098528
133180.4 2097152
133180.4 2098528
133180.5 2097152
133180.5 2097712
133180.6 2097152
133180.6 2097712
133180.7 2097152
133180.7 2103424
133180.8 2097152
133180.8 2103424
133180.9 2097152
133180.9 2099392
133180.9 2097152
133181.0 2099392
133181.1 2097152
133181.1 2133760
133181.2 2097152
133181.2 2133760
133181.3 2097152
133181.4 2107264
133181.4 2097152
133181.4 2107264
133181.5 2097152
133181.6 2101696
133181.6 2097152
133181.6 2101696
133181.7 2097152
133181.8 2098592
133181.8 2097152
133181.8 2098592
133181.9 2097152
133181.9 2097760
133182.0 2097152
133182.0 2097760
133182.1 2097152
133182.1 2105344
133182.2 2097152
133182.2 2105344
133182.3 2097152
133182.3 2100416
133182.4 2097152
133182.4 2100416
133182.5 2097152
133182.5 2161664
133182.6 2097152
133182.7 2161664
133182.7 2097152
133182.8 2115584
133182.9 2097152
133182.9 2115584
133182.9 2097152
133183.0 2102272
133183.1 2097152
133183.1 2102272
133183.2 2097152
133183.2 2101248
133183.3 2097152
133183.3 2101248
133183.7 2097152
133183.8 2110976
133183.8 2097152
133183.9 2110976
133183.9 2097152
133184.0 2100864
133184.0 2097152
133184.1 2100864
133184.1 2097152
133184.1 2100352
133184.2 2097152
133184.2 2100352
133184.2 2097152
133184.2 2508800
133184.7 2097152
133184.7 2508800
133185.1 2097152
133185.2 2217984
133185.4 2097152
133185.4 2217984
133185.6 2097152
133185.6 2120960
133185.6 2097152
133185.7 2120960
133185.7 2097152
133185.7 2101888
133185.8 2097152
133185.8 2101888
133185.8 2097152
133185.9 2104320
133185.9 2097152
133185.9 2104320
133185.9 2097152
133186.0 2100032
133186.0 2097152
133186.0 2100032
133186.0 2097152
133186.1 2133760
133186.2 2097152
133186.2 2133760
133186.3 2097152
133186.3 2106240
133186.3 2097152
133186.3 2106240
133186.4 2097152
133186.4 2099520
133186.4 2097152
133186.5 2099520
133186.5 2097152
133186.5 2099328
133186.5 2097152
133186.6 2099328
133186.6 2097152
133186.6 2106368
133186.6 2097152
133186.7 2106368
133186.7 2097152
133186.7 2100352
133186.8 2097152
133186.9 2100352
133186.9 2097152
133186.9 2098272
133187.0 2097152
133187.0 2098272
133187.0 2097152
133187.1 2182144
133187.2 2097152
133187.2 2182144
133187.4 2097152
133187.4 2121728
133187.5 2097152
133187.5 2121728
133187.6 2097152
133187.6 2102400
133187.7 2097152
133187.7 2102400
133187.7 2097152
133187.8 2104192
133187.8 2097152
133187.9 2104192
133187.9 2097152
133188.0 2099392
133188.0 2097152
133188.0 2099392
133188.1 2097152
133188.1 2115072
133188.2 2097152
133188.2 2115072
133188.2 2097152
133188.2 2102400
133188.3 2097152
133188.3 2102400
133188.3 2097152
133188.3 2100864
133188.4 2097152
133188.4 2100864
133188.4 2097152
133188.5 4700160
133191.0 2097152
133191.0 4700160
133193.5 2097152
133193.5 2743296
133194.1 2097152
133194.1 2743296
133194.8 2097152
133194.9 2262016
133195.1 2097152
133195.3 2262016
133195.5 2097152
133195.6 2124800
133195.6 2097152
133195.7 2124800
133195.7 2097152
133195.8 2103296
133195.8 2097152
133195.9 2103296
133195.9 2097152
133195.9 2104832
133196.0 2097152
133196.0 2104832
133196.0 2097152
133196.0 2099712
133196.1 2097152
133196.1 2099712
133196.2 2097152
133196.2 2098272
133196.2 2097152
133196.3 2098272
133196.3 2097152
133196.4 2151936
133196.5 2097152
133196.5 2151936
133196.6 2097152
133196.6 2109056
133196.6 2097152
133196.7 2109056
133196.8 2097152
133196.8 2099520
133196.8 2097152
133196.8 2099520
133196.9 2097152
133196.9 2100736
133196.9 2097152
133197.0 2100736
133197.0 2097152
133197.0 2112640
133197.1 2097152
133197.1 2112640
133197.1 2097152
133197.2 2101696
133197.2 2097152
133197.2 2101696
133197.2 2097152
133197.3 2098688
133197.3 2097152
133197.3 2098688
133197.4 2097152
133197.4 2100352
133197.5 2097152
133197.5 2100352
133197.5 2097152
133197.6 2098208
133197.6 2097152
133197.6 2098208
133197.6 2097152
133197.7 2255360
133197.8 2097152
133197.8 2255360
133197.9 2097152
133197.9 2139904
133198.0 2097152
133198.0 2139904
133198.0 2097152
133198.1 2106752
133198.1 2097152
133198.1 2106752
133198.2 2097152
133198.2 2099904
133198.2 2097152
133198.3 2099904
133198.3 2097152
133198.3 2108928
133198.4 2097152
133198.4 2108928
133198.4 2097152
133198.5 2100608
133198.5 2097152
133198.5 2100608
133198.5 2097152
133198.6 2098304
133198.6 2097152
133198.6 2098304
133198.7 2097152
133198.7 2099584
133198.7 2097152
133198.7 2099584
133198.8 2097152
133198.8 2133504
133198.8 2097152
133198.9 2133504
133198.9 2097152
133198.9 2104832
133199.0 2097152
133199.0 2104832
133199.0 2097152
133199.1 2099264
133199.1 2097152
133199.1 2099264
133199.2 2097152
133199.2 2107648
133199.3 2097152
133199.3 2107648
133199.3 2097152
133199.4 2099840
133199.4 2097152
133199.4 2099840
133199.4 2097152
133199.5 2099712
133199.5 2097152
133199.5 2099712
133199.6 2097152
133199.6 2752512
133199.9 2097152
133200.0 2752512
133200.6 2097152
133200.7 2265088
133200.9 2097152
133201.0 2265088
133201.3 2097152
133201.4 2134272
133201.5 2097152
133201.5 2134272
133201.6 2097152
133201.6 2106752
133201.6 2097152
133201.6 2106752
133201.7 2097152
133201.7 2100224
133201.7 2097152
133201.8 2100224
133201.8 2097152
133201.8 2098272
133201.9 2097152
133201.9 2098272
133201.9 2097152
133201.9 2097680
133202.0 2097152
133202.0 2097680
133202.0 2097152
133202.1 2106112
133202.1 2097152
133202.1 2106112
133202.3 2097152
133202.4 2100352
133202.4 2097152
133202.5 2100352
133202.5 2097152
133202.5 2144000
133202.6 2097152
133202.6 2144000
133202.7 2097152
133202.8 2110336
133202.8 2097152
133202.8 2110336
133202.9 2097152
133202.9 2102464
133203.0 2097152
133203.0 2102464
133203.0 2097152
133203.1 2099328
133203.1 2097152
133203.1 2099328
133203.2 2097152
133203.2 2097808
133203.2 2097152
133203.3 2097808
133203.3 2097152
133203.4 2107392
133203.5 2097152
133203.5 2107392
133203.5 2097152
133203.6 2100480
133203.6 2097152
133203.6 2100480
133203.7 2097152
133203.7 2256896
133203.8 2097152
133203.8 2256896
133203.9 2097152
133204.0 2150144
133204.0 2097152
133204.1 2150144
133204.1 2097152
133204.2 2109696
133204.2 2097152
133204.2 2109696
133204.3 2097152
133204.3 2101568
133204.4 2097152
133204.4 2101568
133204.4 2097152
133204.5 2098592
133204.6 2097152
133204.6 2098592
133204.6 2097152
133204.7 2097792
133204.7 2097152
133204.8 2097792
133204.8 2097152
133204.8 2097424
133204.9 2097152
133204.9 2097424
133205.0 2097152
133205.0 2111104
133205.1 2097152
133205.1 2111104
133205.2 2097152
133205.2 2100224
133205.2 2097152
133205.3 2100224
133205.3 2097152
133205.4 2101056
133205.4 2097152
133205.4 2101056
133205.5 2097152
133205.5 2098688
133205.6 2097152
133205.6 2098688
133205.7 2097152
133205.7 2124032
133205.8 2097152
133205.9 2124032
133206.0 2097152
133206.0 2104832
133206.1 2097152
133206.1 2104832
133206.2 2097152
133206.2 2099904
133206.2 2097152
133206.3 2099904
133206.3 2097152
133206.4 2102912
133206.4 2097152
133206.5 2102912
133206.5 2097152
133206.6 9109504
133209.7 2097152
133209.8 9109504
133212.9 2097152
133213.0 4020224
133213.8 2097152
133213.9 4020224
133214.7 2097152
133214.8 2695168
133215.1 2097152
133215.1 2695168
133215.8 2097152
133215.8 2228736
133216.0 2097152
133216.0 2228736
133216.2 2097152
133216.2 2131968
133216.3 2097152
133216.3 2131968
133216.4 2097152
133216.4 2109824
133216.5 2097152
133216.7 2109824
133216.7 2097152
133216.7 2102080
133216.8 2097152
133216.8 2102080
133216.8 2097152
133216.9 2098304
133216.9 2097152
133217.0 2098304
133217.1 2097152
133217.2 2098464
133217.2 2097152
133217.2 2098464
133217.2 2097152
133217.3 2101888
133217.3 2097152
133217.3 2101888
133217.3 2097152
133217.4 2128128
133217.4 2097152
133217.4 2128128
133217.5 2097152
133217.5 2102912
133217.5 2097152
133217.5 2102912
133217.6 2097152
133217.6 2106880
133217.6 2097152
133217.6 2106880
133217.7 2097152
133217.7 2100288
133217.7 2097152
133217.7 2100288
133217.8 2097152
133217.8 2264576
133217.9 2097152
133217.9 2264576
133218.0 2097152
133218.1 2139392
133218.1 2097152
133218.1 2139392
133218.3 2097152
133218.3 2107904
133218.4 2097152
133218.4 2107904
133218.5 2097152
133218.5 2100608
133218.6 2097152
133218.6 2100608
133218.6 2097152
133218.7 2098304
133218.7 2097152
133218.7 2098304
133218.7 2097152
133218.8 2107520
133218.8 2097152
133218.8 2107520
133218.9 2097152
133218.9 2099840
133218.9 2097152
133218.9 2099840
133219.0 2097152
133219.0 2099648
133219.0 2097152
133219.0 2099648
133219.1 2097152
133219.1 2138624
133219.1 2097152
133219.2 2138624
133219.2 2097152
133219.2 2105856
133219.3 2097152
133219.3 2105856
133219.4 2097152
133219.4 2099648
133219.4 2097152
133219.4 2099648
133219.5 2097152
133219.5 2109184
133219.5 2097152
133219.5 2109184
133219.6 2097152
133219.6 2100992
133219.6 2097152
133219.6 2100992
133219.7 2097152
133219.7 2098272
133219.7 2097152
133219.7 2098272
133219.8 2097152
133219.8 2099328
133219.8 2097152
133219.8 2099328
133219.9 2097152
133219.9 2460672
133220.1 2097152
133220.1 2460672
133220.3 2097152
133220.3 2193920
133220.4 2097152
133220.4 2193920
133220.5 2097152
133220.5 2122240
133220.6 2097152
133220.6 2122240
133220.6 2097152
133220.6 2103680
133220.7 2097152
133220.7 2103680
133220.7 2097152
133220.7 2099520
133220.8 2097152
133220.8 2099520
133220.8 2097152
133220.8 2103168
133220.9 2097152
133220.9 2103168
133220.9 2097152
133220.9 2120448
133221.0 2097152
133221.0 2120448
133221.0 2097152
133221.1 2103040
133221.1 2097152
133221.2 2103040
133221.2 2097152
133221.2 2099328
133221.2 2097152
133221.3 2099328
133221.3 2097152
133221.3 2102912
133221.3 2097152
133221.4 2102912
133221.4 2097152
133221.4 2182144
133221.5 2097152
133221.5 2182144
133221.6 2097152
133221.6 2118144
133221.6 2097152
133221.7 2118144
133221.7 2097152
133221.7 2102528
133221.8 2097152
133221.8 2102528
133221.8 2097152
133221.9 2102272
133221.9 2097152
133221.9 2102272
133221.9 2097152
133222.0 2118656
133222.0 2097152
133222.0 2118656
133222.1 2097152
133222.1 2103808
133222.1 2097152
133222.2 2103808
133222.2 2097152
133222.2 2099456
133222.2 2097152
133222.3 2099456
133222.3 2097152
133222.3 2101248
133222.3 2097152
133222.4 2101248
133222.4 2097152
133222.4 3680256
133223.1 2097152
133223.2 3680256
133223.9 2097152
133223.9 2469888
133224.1 2097152
133224.1 2469888
133224.3 2097152
133224.4 2198528
133224.5 2097152
133224.5 2198528
133224.6 2097152
133224.6 2122496
133224.7 2097152
133224.7 2122496
133224.7 2097152
133224.8 2102912
133224.8 2097152
133224.8 2102912
133224.8 2097152
133224.9 2104064
133224.9 2097152
133225.0 2104064
133225.1 2097152
133225.2 2099264
133225.2 2097152
133225.2 2099264
133225.3 2097152
133225.5 2122496
133225.5 2097152
133225.6 2122496
133225.6 2097152
133225.6 2107136
133225.7 2097152
133225.7 2107136
133225.8 2097152
133225.8 2101120
133225.8 2097152
133225.9 2101120
133225.9 2097152
133226.0 2098432
133226.0 2097152
133226.0 2098432
133226.1 2097152
133226.1 2099840
133226.1 2097152
133226.2 2099840
133226.2 2097152
133226.2 2182144
133226.3 2097152
133226.4 2182144
133226.4 2097152
133226.5 2112000
133226.5 2097152
133226.5 2112000
133226.6 2097152
133226.6 2099968
133226.7 2097152
133226.7 2099968
133226.7 2097152
133226.8 2101760
133226.8 2097152
133226.8 2101760
133226.9 2097152
133226.9 2124800
133226.9 2097152
133227.0 2124800
133227.0 2097152
133227.0 2101504
133227.1 2097152
133227.1 2101504
133227.2 2097152
133227.2 2106624
133227.2 2097152
133227.3 2106624
133227.3 2097152
133227.3 2100160
133227.4 2097152
133227.4 2100160
133227.4 2097152
133227.5 2098208
133227.5 2097152
133227.5 2098208
133227.6 2097152
133227.6 2515968
133227.8 2097152
133227.9 2515968
133228.1 2097152
133228.1 2232832
133228.2 2097152
133228.2 2232832
133228.3 2097152
133228.4 2131968
133228.4 2097152
133228.5 2131968
133228.5 2097152
133228.5 2108288
133228.6 2097152
133228.6 2108288
133228.7 2097152
133228.7 2099968
133228.7 2097152
133228.7 2099968
133228.8 2097152
133228.8 2098208
133228.8 2097152
133228.9 2098208
133228.9 2097152
133228.9 2099904
133229.0 2097152
133229.0 2099904
133229.0 2097152
133229.1 2103424
133229.2 2097152
133229.3 2103424
133229.5 2097152
133229.6 2130176
133229.8 2097152
133229.8 2130176
133229.9 2097152
133229.9 2105216
133230.0 2097152
133230.0 2105216
133230.1 2097152
133230.1 2099520
133230.2 2097152
133230.2 2099520
133230.3 2097152
133230.3 2105600
133230.4 2097152
133230.5 2105600
133230.6 2097152
133230.6 2099264
133230.7 2097152
133230.7 2099264
133230.7 2097152
133230.7 2099264
133230.8 2097152
133230.8 2099264
133230.8 2097152
133230.8 2170880
133230.9 2097152
133230.9 2170880
133231.0 2097152
133231.0 2114304
133231.1 2097152
133231.1 2114304
133231.2 2097152
133231.3 2099840
133231.3 2097152
133231.4 2099840
133231.4 2097152
133231.5 2103040
133231.5 2097152
133231.6 2103040
133231.6 2097152
133231.6 2116864
133231.7 2097152
133231.7 2116864
133231.8 2097152
133231.8 2102784
133231.9 2097152
133231.9 2102784
133232.0 2097152
133232.0 2101376
133232.1 2097152
133232.1 2101376
133232.2 2097152
133232.2 33406976
133277.2 2097152
133277.3 33406976
133323.5 2097152
133323.6 10334208
133336.5 2097152
133336.6 10334208
133349.3 2097152
133349.4 4276224
133352.9 2097152
133352.9 4276224
133356.3 2097152
133356.4 2569216
133357.2 2097152
133357.2 2569216
133358.0 2097152
133358.0 2238976
133358.6 2097152
133358.6 2238976
133358.9 2097152
133359.1 2139392
133359.2 2097152
133359.3 2139392
133359.3 2097152
133359.4 2104832
133359.4 2097152
133359.5 2104832
133359.5 2097152
133359.5 2099904
133359.6 2097152
133359.6 2099904
133359.6 2097152
133359.7 2110592
133359.7 2097152
133359.8 2110592
133359.9 2097152
133359.9 2100608
133360.0 2097152
133360.0 2100608
133360.1 2097152
133360.1 2098464
133360.1 2097152
133360.2 2098464
133360.2 2097152
133360.2 2097808
133360.3 2097152
133360.3 2097808
133360.3 2097152
133360.4 2100416
133360.4 2097152
133360.5 2100416
133360.5 2097152
133360.5 2125824
133360.6 2097152
133360.7 2125824
133360.7 2097152
133360.7 2106368
133360.8 2097152
133360.8 2106368
133360.9 2097152
133360.9 2100096
133361.0 2097152
133361.0 2100096
133361.0 2097152
133361.1 2102272
133361.2 2097152
133361.2 2102272
133361.2 2097152
133361.4 2191360
133361.6 2097152
133361.6 2191360
133361.8 2097152
133361.8 2121728
133361.9 2097152
133361.9 2121728
133362.1 2097152
133362.2 2100864
133362.3 2097152
133362.3 2100864
133362.3 2097152
133362.4 2105728
133362.4 2097152
133362.5 2105728
133362.5 2097152
133362.6 2099712
133362.6 2097152
133362.6 2099712
133362.7 2097152
133362.7 2119680
133362.8 2097152
133362.8 2119680
133362.9 2097152
133363.0 2101376
133363.0 2097152
133363.1 2101376
133363.1 2097152
133363.2 2104192
133363.2 2097152
133363.2 2104192
133363.3 2097152
133363.3 2099584
133363.4 2097152
133363.4 2099584
133363.4 2097152
133363.5 2714624
133364.1 2097152
133364.2 2714624
133364.8 2097152
133364.8 2236416
133365.0 2097152
133365.1 2236416
133365.2 2097152
133365.3 2140672
133365.3 2097152
133365.4 2140672
133365.5 2097152
133365.5 2105728
133365.6 2097152
133365.6 2105728
133365.6 2097152
133365.7 2099968
133365.7 2097152
133365.8 2099968
133365.8 2097152
133365.8 2110336
133365.9 2097152
133365.9 2110336
133366.0 2097152
133366.0 2101056
133366.1 2097152
133366.1 2101056
133366.1 2097152
133366.2 2098624
133366.2 2097152
133366.3 2098624
133366.3 2097152
133366.3 2099840
133366.4 2097152
133366.4 2099840
133366.5 2097152
133366.5 2123264
133366.6 2097152
133366.6 2123264
133366.7 2097152
133366.7 2103040
133366.8 2097152
133366.9 2103040
133366.9 2097152
133367.0 2104320
133367.0 2097152
133367.1 2104320
133367.1 2097152
133367.1 2266624
133367.3 2097152
133367.3 2266624
133367.5 2097152
133367.6 2141184
133367.6 2097152
133367.6 2141184
133367.7 2097152
133367.7 2106624
133367.8 2097152
133367.8 2106624
133367.8 2097152
133367.8 2099904
133367.9 2097152
133367.9 2099904
133367.9 2097152
133368.0 2109696
133368.0 2097152
133368.0 2109696
133368.1 2097152
133368.2 2101888
133368.2 2097152
133368.3 2101888
133368.4 2097152
133368.4 2098496
133368.4 2097152
133368.5 2098496
133368.5 2097152
133368.6 2137856
133368.6 2097152
133368.7 2137856
133368.7 2097152
133368.8 2111360
133368.8 2097152
133368.8 2111360
133368.9 2097152
133368.9 2101056
133369.0 2097152
133369.0 2101056
133369.0 2097152
133369.1 2098272
133369.1 2097152
133369.2 2098272
133369.2 2097152
133369.2 2100352
133369.3 2097152
133369.3 2100352
133369.3 2097152
133369.4 2098336
133369.4 2097152
133369.5 2098336
133369.5 2097152
133369.5 2103296
133369.6 2097152
133369.6 2103296
133369.6 2097152
133369.7 4036608
133370.6 2097152
133370.6 4036608
133371.5 2097152
133371.5 2596864
133371.7 2097152
133371.8 2596864
133372.0 2097152
133372.0 2206720
133372.1 2097152
133372.2 2206720
133372.3 2097152
133372.3 2128896
133372.3 2097152
133372.4 2128896
133372.4 2097152
133372.4 2104448
133372.5 2097152
133372.5 2104448
133372.5 2097152
133372.6 2099456
133372.6 2097152
133372.6 2099456
133372.7 2097152
133372.7 2105728
133372.8 2097152
133372.8 2105728
133372.8 2097152
133372.9 2099968
133372.9 2097152
133372.9 2099968
133373.0 2097152
133373.0 2120192
133373.0 2097152
133373.1 2120192
133373.1 2097152
133373.2 2102784
133373.2 2097152
133373.2 2102784
133373.3 2097152
133373.3 2103040
133373.3 2097152
133373.4 2103040
133373.4 2097152
133373.4 2237440
133373.5 2097152
133373.6 2237440
133373.7 2097152
133373.7 2123776
133373.7 2097152
133373.8 2123776
133373.8 2097152
133373.9 2103296
133373.9 2097152
133373.9 2103296
133374.0 2097152
133374.0 2099392
133374.0 2097152
133374.1 2099392
133374.1 2097152
133374.2 2104320
133374.2 2097152
133374.2 2104320
133374.3 2097152
133374.3 2099264
133374.3 2097152
133374.4 2099264
133374.5 2097152
133374.5 2140672
133374.6 2097152
133374.6 2140672
133374.7 2097152
133374.7 2106752
133374.7 2097152
133374.8 2106752
133374.8 2097152
133374.9 2099712
133374.9 2097152
133374.9 2099712
133375.0 2097152
133375.0 2099392
133375.0 2097152
133375.1 2099392
133375.2 2097152
133375.4 2109312
133375.5 2097152
133375.5 2109312
133375.6 2097152
133375.6 2100160
133375.6 2097152
133375.7 2100160
133375.7 2097152
133375.8 2100224
133375.8 2097152
133375.8 2100224
133375.9 2097152
133375.9 2567168
133376.4 2097152
133376.5 2567168
133376.9 2097152
133377.0 2198016
133377.1 2097152
133377.1 2198016
133377.3 2097152
133377.3 2130944
133377.3 2097152
133377.4 2130944
133377.4 2097152
133377.4 2104960
133377.5 2097152
133377.5 2104960
133377.5 2097152
133377.5 2106240
133377.6 2097152
133377.6 2106240
133377.6 2097152
133377.7 2099712
133377.7 2097152
133377.7 2099712
133377.7 2097152
133377.8 2113792
133377.8 2097152
133377.8 2113792
133377.9 2097152
133377.9 2101888
133377.9 2097152
133378.0 2101888
133378.0 2097152
133378.0 2100736
133378.0 2097152
133378.1 2100736
133378.1 2097152
133378.1 2231296
133378.3 2097152
133378.3 2231296
133378.5 2097152
133378.5 2125568
133378.5 2097152
133378.6 2125568
133378.6 2097152
133378.6 2104448
133378.7 2097152
133378.7 2104448
133378.7 2097152
133378.7 2099840
133378.8 2097152
133378.8 2099840
133378.8 2097152
133378.8 2104064
133378.9 2097152
133378.9 2104064
133378.9 2097152
133379.0 2135808
133379.0 2097152
133379.0 2135808
133379.2 2097152
133379.3 2108800
133379.4 2097152
133379.4 2108800
133379.4 2097152
133379.5 2100416
133379.5 2097152
133379.5 2100416
133379.6 2097152
133379.6 2098368
133379.7 2097152
133379.7 2098368
133379.7 2097152
133379.8 2099712
133379.8 2097152
133379.9 2099712
133379.9 2097152
133379.9 2104832
133380.0 2097152
133380.0 2104832
133380.1 2097152
133380.1 2099712
133380.1 2097152
133380.2 2099712
133380.2 2097152
133380.3 9515008
133387.2 2097152
133387.3 9515008
133394.4 2097152
133394.5 3768320
133397.2 2097152
133397.3 3768320
133400.3 2097152
133400.4 2487296
133401.2 2097152
133401.2 2487296
133401.9 2097152
133401.9 2214400
133402.1 2097152
133402.2 2214400
133402.3 2097152
133402.4 2120192
133402.4 2097152
133402.5 2120192
133402.5 2097152
133402.6 2102656
133402.6 2097152
133402.7 2102656
133402.8 2097152
133402.9 2103168
133402.9 2097152
133402.9 2103168
133403.0 2097152
133403.0 2099328
133403.0 2097152
133403.1 2099328
133403.1 2097152
133403.2 2132736
133403.3 2097152
133403.4 2132736
133403.5 2097152
133403.5 2106240
133403.6 2097152
133403.7 2106240
133403.7 2097152
133403.8 2099712
133403.8 2097152
133403.9 2099712
133403.9 2097152
133404.0 2105856
133404.1 2097152
133404.1 2105856
133404.2 2097152
133404.2 2100288
133404.3 2097152
133404.3 2100288
133404.4 2097152
133404.4 2174976
133404.6 2097152
133404.6 2174976
133404.8 2097152
133404.9 2117632
133404.9 2097152
133405.0 2117632
133405.0 2097152
133405.1 2103680
133405.1 2097152
133405.2 2103680
133405.2 2097152
133405.3 2100864
133405.3 2097152
133405.4 2100864
133405.4 2097152
133405.5 2115584
133405.5 2097152
133405.6 2115584
133405.6 2097152
133405.7 2101376
133405.7 2097152
133405.8 2101376
133405.8 2097152
133405.9 2102144
133406.0 2097152
133406.0 2102144
133406.1 2097152
133406.1 2542592
133406.6 2097152
133406.6 2542592
133407.1 2097152
133407.1 2224640
133407.7 2097152
133407.8 2224640
133408.0 2097152
133408.0 2120192
133408.1 2097152
133408.2 2120192
133408.3 2097152
133408.3 2102400
133408.3 2097152
133408.4 2102400
133408.4 2097152
133408.4 2099392
133408.5 2097152
133408.5 2099392
133408.5 2097152
133408.6 2103424
133408.6 2097152
133408.6 2103424
133408.7 2097152
133408.7 2099328
133408.8 2097152
133408.8 2099328
133408.8 2097152
133408.9 2137856
133409.0 2097152
133409.0 2137856
133409.1 2097152
133409.1 2107520
133409.2 2097152
133409.2 2107520
133409.3 2097152
133409.3 2100288
133409.3 2097152
133409.4 2100288
133409.4 2097152
133409.4 2107136
133409.4 2097152
133409.5 2107136
133409.5 2097152
133409.6 2100928
133409.6 2097152
133409.6 2100928
133409.7 2097152
133409.7 2098240
133409.7 2097152
133409.7 2098240
133409.8 2097152
133409.8 2192384
133409.9 2097152
133409.9 2192384
133410.0 2097152
133410.1 2121984
133410.1 2097152
133410.2 2121984
133410.2 2097152
133410.2 2102528
133410.3 2097152
133410.3 2102528
133410.4 2097152
133410.4 2104192
133410.4 2097152
133410.4 2104192
133410.5 2097152
133410.5 2119936
133410.6 2097152
133410.7 2119936
133410.7 2097152
133410.8 2101632
133410.8 2097152
133410.9 2101632
133410.9 2097152
133410.9 2104064
133411.0 2097152
133411.0 2104064
133411.1 2097152
133411.1 2099968
133411.1 2097152
133411.2 2099968
133411.2 2097152
133411.2 4134912
133413.2 2097152
133413.2 4134912
133415.1 2097152
133415.1 2545664
133415.6 2097152
133415.6 2545664
133416.0 2097152
133416.1 2234368
133416.3 2097152
133416.4 2234368
133416.5 2097152
133416.5 2137600
133416.6 2097152
133416.6 2137600
133416.7 2097152
133416.7 2106496
133416.7 2097152
133416.8 2106496
133416.8 2097152
133416.8 2100352
133416.9 2097152
133416.9 2100352
133416.9 2097152
133417.0 2108032
133417.1 2097152
133417.1 2108032
133417.1 2097152
133417.2 2100096
133417.2 2097152
133417.2 2100096
133417.3 2097152
133417.3 2099648
133417.3 2097152
133417.3 2099648
133417.4 2097152
133417.4 2125312
133417.4 2097152
133417.5 2125312
133417.5 2097152
133417.5 2102784
133417.6 2097152
133417.6 2102784
133417.6 2097152
133417.7 2105600
133417.7 2097152
133417.7 2105600
133417.8 2097152
133417.8 2099584
133417.8 2097152
133417.8 2099584
133417.9 2097152
133417.9 2184192
133418.0 2097152
133418.0 2184192
133418.1 2097152
133418.2 2120192
133418.2 2097152
133418.2 2120192
133418.3 2097152
133418.3 2104448
133418.3 2097152
133418.4 2104448
133418.4 2097152
133419.1 2101376
133419.2 2097152
133419.2 2101376
133419.3 2097152
133419.3 2117632
133419.3 2097152
133419.3 2117632
133419.4 2097152
133419.4 2101376
133419.4 2097152
133419.5 2101376
133419.5 2097152
133419.5 2103168
133419.6 2097152
133419.6 2103168
133419.6 2097152
133419.7 2667520
133420.2 2097152
133420.2 2667520
133420.5 2097152
133420.6 2212352
133420.7 2097152
133420.7 2212352
133420.8 2097152
133420.8 2123264
133420.8 2097152
133420.9 2123264
133420.9 2097152
133420.9 2102400
133421.0 2097152
133421.0 2102400
133421.0 2097152
133421.1 2104960
133421.1 2097152
133421.1 2104960
133421.2 2097152
133421.2 2099904
133421.2 2097152
133421.3 2099904
133421.3 2097152
133421.3 2128640
133421.4 2097152
133421.4 2128640
133421.4 2097152
133421.5 2103936
133421.5 2097152
133421.5 2103936
133421.6 2097152
133421.6 2106112
133421.6 2097152
133421.7 2106112
133421.7 2097152
133421.7 2099264
133421.7 2097152
133421.8 2099264
133421.8 2097152
133421.8 2099520
133421.9 2097152
133421.9 2099520
133421.9 2097152
133421.9 2267136
133422.1 2097152
133422.1 2267136
133422.2 2097152
133422.2 2140672
133422.3 2097152
133422.3 2140672
133422.4 2097152
133422.4 2108032
133422.4 2097152
133422.5 2108032
133422.5 2097152
133422.5 2100288
133422.6 2097152
133422.6 2100288
133422.6 2097152
133422.6 2098528
133422.7 2097152
133422.7 2098528
133422.7 2097152
133422.8 2099456
133422.8 2097152
133422.8 2099456
133422.8 2097152
133422.9 2108032
133422.9 2097152
133422.9 2108032
133423.0 2097152
133423.0 2100864
133423.0 2097152
133423.1 2100864
133423.2 2097152
133423.2 2138624
133423.2 2097152
133423.3 2138624
133423.3 2097152
133423.4 2103680
133423.4 2097152
133423.4 2103680
133423.4 2097152
133423.5 2111360
133423.5 2097152
133423.5 2111360
133423.6 2097152
133423.6 2101056
133423.6 2097152
133423.7 2101056
133423.7 2097152
133423.7 2098720
133423.7 2097152
133423.8 2098720
133423.8 2097152
133423.8 2100352
133423.9 2097152
133423.9 2100352
133423.9 2097152
133423.9 67108864
135439.7 2097152
135439.8 67108864
137283.0 2097152
137283.2 67108864
137832.0 2097152
137832.1 67108864
138383.2 2097152
138383.4 67108864
138528.4 2097152
138528.6 67108864
138673.3 2097152
138673.6 42688512
138711.2 2097152
138711.4 42688512
138747.8 2097152
138748.0 11128832
138756.3 2097152
138756.4 11128832
138764.4 2097152
138764.7 4567040
138766.9 2097152
138766.9 4567040
138769.3 2097152
138769.4 2635776
138770.0 2097152
138770.0 2635776
138770.6 2097152
138770.6 2238464
138770.8 2097152
138770.9 2238464
138771.0 2097152
138771.1 2126592
138771.1 2097152
138771.2 2126592
138771.3 2097152
138771.4 2104704
138771.4 2097152
138771.5 2104704
138771.5 2097152
138771.6 2104320
138771.6 2097152
138771.7 2104320
138771.7 2097152
138771.8 2138368
138771.8 2097152
138771.9 2138368
138772.0 2097152
138772.0 2107136
138772.1 2097152
138772.1 2107136
138772.2 2097152
138772.2 2100032
138772.3 2097152
138772.3 2100032
138772.3 2097152
138772.4 2099264
138772.4 2097152
138772.5 2099264
138772.5 2097152
138772.6 2107776
138772.6 2097152
138772.7 2107776
138772.8 2097152
138773.0 2100672
138773.1 2097152
138773.1 2100672
138773.2 2097152
138773.3 2098432
138773.3 2097152
138773.3 2098432
138773.4 2097152
138773.4 2225152
138773.6 2097152
138773.7 2225152
138773.9 2097152
138773.9 2129152
138774.0 2097152
138774.0 2129152
138774.2 2097152
138774.2 2101888
138774.3 2097152
138774.3 2101888
138774.4 2097152
138774.4 2108416
138774.5 2097152
138774.5 2108416
138774.5 2097152
138774.6 2101312
138774.6 2097152
138774.7 2101312
138774.7 2097152
138774.8 2098432
138774.8 2097152
138774.8 2098432
138774.9 2097152
138774.9 2129152
138775.0 2097152
138775.0 2129152
138775.1 2097152
138775.1 2105728
138775.2 2097152
138775.2 2105728
138775.3 2097152
138775.3 2099520
138775.4 2097152
138775.4 2099520
138775.5 2097152
138775.6 2104576
138775.6 2097152
138775.7 2104576
138775.8 2097152
138775.9 2099776
138775.9 2097152
138775.9 2099776
138776.0 2097152
138776.0 2098304
138776.1 2097152
138776.2 2098304
138776.2 2097152
138776.3 2793472
138776.9 2097152
138776.9 2793472
138778.1 2097152
138778.2 2281472
138778.5 2097152
138778.6 2281472
138778.8 2097152
138778.8 2130432
138778.9 2097152
138778.9 2130432
138779.0 2097152
138779.0 2102272
138779.1 2097152
138779.1 2102272
138779.1 2097152
138779.2 2108672
138779.2 2097152
138779.3 2108672
138779.3 2097152
138779.4 2099264
138779.4 2097152
138779.4 2099264
138779.5 2097152
138779.5 2100800
138779.6 2097152
138779.6 2100800
138779.6 2097152
138779.6 2098336
138779.7 2097152
138779.7 2098336
138779.7 2097152
138779.7 2156032
138779.8 2097152
138779.8 2156032
138779.9 2097152
138779.9 2112128
138779.9 2097152
138779.9 2112128
138780.0 2097152
138780.0 2100800
138780.0 2097152
138780.0 2100800
138780.1 2097152
138780.1 2098304
138780.1 2097152
138780.1 2098304
138780.2 2097152
138780.2 2100992
138780.2 2097152
138780.2 2100992
138780.3 2097152
138780.3 2098304
138780.3 2097152
138780.3 2098304
138780.4 2097152
138780.4 2111616
138780.4 2097152
138780.5 2111616
138780.5 2097152
138780.5 2102464
138780.5 2097152
138780.6 2102464
138780.6 2097152
138780.6 2099232
138780.6 2097152
138780.7 2099232
138780.7 2097152
138780.7 2097696
138780.8 2097152
138780.8 2097696
138780.8 2097152
138780.9 2260992
138781.2 2097152
138781.2 2260992
138781.4 2097152
138781.6 2138624
138781.7 2097152
138781.7 2138624
138781.8 2097152
138781.8 2109952
138781.9 2097152
138781.9 2109952
138782.0 2097152
138782.0 2099584
138782.0 2097152
138782.1 2099584
138782.1 2097152
138782.2 2101120
138782.2 2097152
138782.2 2101120
138782.3 2097152
138782.3 2098368
138782.3 2097152
138782.4 2098368
138782.4 2097152
138782.5 2105088
138782.5 2097152
138782.5 2105088
138782.6 2097152
138782.6 2099520
138782.7 2097152
138782.7 2099520
138782.7 2097152
138782.8 2137600
138782.8 2097152
138782.9 2137600
138783.0 2097152
138783.0 2111616
138783.0 2097152
138783.1 2111616
138783.1 2097152
138783.2 2100992
138783.2 2097152
138783.2 2100992
138783.3 2097152
138783.3 2098624
138783.4 2097152
138783.4 2098624
138783.4 2097152
138783.5 2100544
138783.5 2097152
138783.6 2100544
138783.6 2097152
138783.6 2098304
138783.7 2097152
138783.7 2098304
138783.8 2097152
138783.8 2097696
138783.8 2097152
138783.9 2097696
138783.9 2097152
138784.0 2102912
138784.0 2097152
138784.1 2102912
138784.2 2097152
138784.2 4143104
138785.3 2097152
138785.3 4143104
138786.3 2097152
138786.4 2591744
138786.6 2097152
138786.6 2591744
138786.9 2097152
138786.9 2219520
138787.0 2097152
138787.0 2219520
138787.1 2097152
138787.1 2135552
138787.2 2097152
138787.2 2135552
138787.3 2097152
138787.3 2105728
138787.3 2097152
138787.4 2105728
138787.4 2097152
138787.4 2100032
138787.4 2097152
138787.5 2100032
138787.5 2097152
138787.5 2098240
138787.5 2097152
138787.6 2098240
138787.6 2097152
138787.6 2107776
138787.7 2097152
138787.7 2107776
138787.7 2097152
138787.7 2100480
138787.8 2097152
138787.8 2100480
138787.9 2097152
138787.9 2119936
138788.0 2097152
138788.0 2119936
138788.0 2097152
138788.1 2103936
138788.1 2097152
138788.1 2103936
138788.2 2097152
138788.2 2100288
138788.2 2097152
138788.2 2100288
138788.3 2097152
138788.3 2101760
138788.3 2097152
138788.4 2101760
138788.4 2097152
138788.4 2222080
138788.5 2097152
138788.5 2222080
138788.6 2097152
138788.7 2134272
138788.7 2097152
138788.7 2134272
138788.8 2097152
138788.8 2101248
138788.8 2097152
138788.9 2101248
138788.9 2097152
138788.9 2111616
138789.0 2097152
138789.0 2111616
138789.0 2097152
138789.1 2102016
138789.1 2097152
138789.1 2102016
138789.2 2097152
138789.2 2098944
138789.2 2097152
138789.3 2098944
138789.3 2097152
138789.3 2097712
138789.4 2097152
138789.4 2097712
138789.4 2097152
138789.5 2099520
138789.5 2097152
138789.5 2099520
138789.6 2097152
138789.6 2122496
138789.6 2097152
138789.7 2122496
138789.7 2097152
138789.7 2103168
138789.8 2097152
138789.8 2103168
138789.9 2097152
138790.0 2103808
138790.0 2097152
138790.0 2103808
138790.0 2097152
138790.1 2099328
138790.1 2097152
138790.1 2099328
138790.2 2097152
138790.2 2625536
138790.4 2097152
138790.5 2625536
138790.7 2097152
138790.8 2221056
138790.9 2097152
138790.9 2221056
138791.0 2097152
138791.1 2125568
138791.1 2097152
138791.1 2125568
138791.2 2097152
138791.2 2105216
138791.2 2097152
138791.2 2105216
138791.3 2097152
138791.3 2099904
138791.3 2097152
138791.4 2099904
138791.4 2097152
138791.4 2103296
138791.4 2097152
138791.5 2103296
138791.5 2097152
138791.6 2099776
138791.6 2097152
138791.6 2099776
138791.7 2097152
138791.7 2130688
138791.7 2097152
138791.8 2130688
138791.8 2097152
138791.8 2110336
138791.8 2097152
138791.9 2110336
138791.9 2097152
138791.9 2100544
138792.0 2097152
138792.0 2100544
138792.0 2097152
138792.0 2098208
138792.1 2097152
138792.1 2098208
138792.1 2097152
138792.2 2100352
138792.2 2097152
138792.2 2100352
138792.2 2097152
138792.3 2100736
138792.3 2097152
138792.3 2100736
138792.3 2097152
138792.4 2237440
138792.5 2097152
138792.5 2237440
138792.6 2097152
138792.6 2134272
138792.7 2097152
138792.7 2134272
138792.7 2097152
138792.7 2106240
138792.8 2097152
138792.8 2106240
138792.8 2097152
138793.0 2099648
138793.1 2097152
138793.1 2099648
138793.2 2097152
138793.2 2106624
138793.2 2097152
138793.3 2106624
138793.3 2097152
138793.3 2099904
138793.4 2097152
138793.4 2099904
138793.4 2097152
138793.4 2130176
138793.5 2097152
138793.5 2130176
138793.6 2097152
138793.6 2104832
138793.7 2097152
138793.7 2104832
138793.7 2097152
138793.7 2099328
138793.8 2097152
138793.8 2099328
138793.8 2097152
138793.8 2105984
138793.9 2097152
138793.9 2105984
138793.9 2097152
138794.0 2099712
138794.0 2097152
138794.0 2099712
138794.0 2097152
138794.1 13361152
138804.5 2097152
138804.6 13361152
138815.0 2097152
138815.0 4972544
138817.8 2097152
138817.8 4972544
138820.5 2097152
138820.5 2833408
138821.2 2097152
138821.2 2833408
138821.9 2097152
138821.9 2282496
138822.1 2097152
138822.1 2282496
138822.3 2097152
138822.4 2144256
138822.5 2097152
138822.5 2144256
138822.6 2097152
138822.9 2104448
138823.0 2097152
138823.0 2104448
138823.0 2097152
138823.1 2099712
138823.1 2097152
138823.1 2099712
138823.2 2097152
138823.2 2113408
138823.2 2097152
138823.3 2113408
138823.3 2097152
138823.4 2099648
138823.4 2097152
138823.4 2099648
138823.5 2097152
138823.5 2102784
138823.5 2097152
138823.6 2102784
138823.6 2097152
138823.6 2099072
138823.6 2097152
138823.7 2099072
138823.7 2097152
138823.7 2097888
138823.8 2097152
138823.8 2097888
138823.8 2097152
138823.9 2142720
138823.9 2097152
138823.9 2142720
138824.0 2097152
138824.0 2102912
138824.0 2097152
138824.1 2102912
138824.1 2097152
138824.1 2099264
138824.2 2097152
138824.2 2099264
138824.2 2097152
138824.3 2114176
138824.3 2097152
138824.3 2114176
138824.4 2097152
138824.4 2101376
138824.4 2097152
138824.4 2101376
138824.5 2097152
138824.5 2098208
138824.5 2097152
138824.6 2098208
138824.6 2097152
138824.7 2098208
138824.7 2097152
138824.7 2098208
138824.7 2097152
138824.8 2101440
138824.8 2097152
138824.8 2101440
138824.9 2097152
138824.9 2098208
138824.9 2097152
138824.9 2098208
138825.0 2097152
138825.0 2098240
138825.0 2097152
138825.0 2098240
138825.1 2097152
138825.1 2279936
138825.2 2097152
138825.4 2279936
138825.5 2097152
138825.5 2146560
138825.6 2097152
138825.6 2146560
138825.7 2097152
138825.7 2107520
138825.8 2097152
138825.8 2107520
138825.8 2097152
138825.9 2100352
138825.9 2097152
138825.9 2100352
138825.9 2097152
138826.0 2111488
138826.0 2097152
138826.0 2111488
138826.1 2097152
138826.1 2100416
138826.1 2097152
138826.1 2100416
138826.2 2097152
138826.2 2101056
138826.2 2097152
138826.2 2101056
138826.3 2097152
138826.3 2098560
138826.3 2097152
138826.3 2098560
138826.4 2097152
138826.4 2139136
138826.4 2097152
138826.5 2139136
138826.5 2097152
138826.5 2110464
138826.6 2097152
138826.6 2110464
138826.6 2097152
138826.7 2100672
138826.7 2097152
138826.7 2100672
138826.7 2097152
138826.8 2098656
138826.8 2097152
138826.8 2098656
138826.8 2097152
138826.9 2100288
138826.9 2097152
138826.9 2100288
138826.9 2097152
138827.0 2104832
138827.0 2097152
138827.0 2104832
138827.0 2097152
138827.1 2099264
138827.1 2097152
138827.1 2099264
138827.1 2097152
138827.2 2798592
138827.8 2097152
138827.9 2798592
138828.5 2097152
138828.6 2254848
138828.8 2097152
138828.9 2254848
138829.1 2097152
138829.1 2140416
138829.2 2097152
138829.2 2140416
138829.3 2097152
138829.4 2108032
138829.4 2097152
138829.4 2108032
138829.4 2097152
138829.5 2099840
138829.5 2097152
138829.6 2099840
138829.6 2097152
138829.6 2099904
138829.7 2097152
138829.7 2099904
138829.7 2097152
138829.7 2107904
138829.8 2097152
138829.8 2107904
138829.9 2097152
138829.9 2100608
138829.9 2097152
138829.9 2100608
138830.0 2097152
138830.0 2132736
138830.1 2097152
138830.1 2132736
138830.2 2097152
138830.2 2107392
138830.3 2097152
138830.3 2107392
138830.3 2097152
138830.4 2100544
138830.4 2097152
138830.4 2100544
138830.5 2097152
138830.5 2104704
138830.5 2097152
138830.6 2104704
138830.6 2097152
138830.6 2099456
138830.7 2097152
138830.7 2099456
138830.7 2097152
138830.8 2290176
138831.1 2097152
138831.1 2290176
138831.8 2097152
138831.8 2140160
138831.9 2097152
138831.9 2140160
138832.0 2097152
138832.0 2106752
138832.1 2097152
138832.1 2106752
138832.2 2097152
138832.2 2100352
138832.2 2097152
138832.2 2100352
138832.3 2097152
138832.3 2109056
138832.4 2097152
138832.4 2109056
138832.4 2097152
138832.5 2099520
138832.5 2097152
138832.5 2099520
138832.6 2097152
138832.6 2100736
138832.6 2097152
138832.6 2100736
138832.7 2097152
138832.7 2098208
138832.7 2097152
138832.8 2098208
138832.8 2097152
138832.8 2150656
138832.9 2097152
138833.0 2150656
138833.1 2097152
138833.1 2112640
138833.2 2097152
138833.2 2112640
138833.2 2097152
138833.3 2101632
138833.3 2097152
138833.3 2101632
138833.4 2097152
138833.4 2098592
138833.4 2097152
138833.4 2098592
138833.5 2097152
138833.5 2097744
138833.5 2097152
138833.5 2097744
138833.6 2097152
138833.6 2100416
138833.6 2097152
138833.7 2100416
138833.7 2097152
138833.7 2108416
138833.7 2097152
138833.8 2108416
138833.8 2097152
138833.9 2100736
138833.9 2097152
138833.9 2100736
138833.9 2097152
138834.0 2098592
138834.0 2097152
138834.0 2098592
138834.1 2097152
138834.1 4853760
138838.4 2097152
138838.5 4853760
138842.6 2097152
138842.6 2839552
138843.7 2097152
138843.7 2839552
138844.8 2097152
138844.8 2273792
138845.1 2097152
138845.1 2273792
138845.3 2097152
138845.4 2151680
138845.4 2097152
138845.5 2151680
138845.5 2097152
138845.5 2109696
138845.6 2097152
138845.6 2109696
138845.7 2097152
138845.7 2102272
138845.7 2097152
138845.7 2102272
138845.8 2097152
138845.8 2098848
138845.8 2097152
138845.9 2098848
138845.9 2097152
138845.9 2111872
138846.0 2097152
138846.0 2111872
138846.0 2097152
138846.0 2100352
138846.1 2097152
138846.1 2100352
138846.1 2097152
138846.2 2101312
138846.2 2097152
138846.2 2101312
138846.2 2097152
138846.3 2098240
138846.3 2097152
138846.3 2098240
138846.4 2097152
138846.4 2130944
138846.4 2097152
138846.5 2130944
138846.5 2097152
138846.6 2102400
138846.6 2097152
138846.6 2102400
138846.6 2097152
138846.7 2108800
138846.7 2097152
138846.7 2108800
138846.8 2097152
138846.8 2099264
138846.8 2097152
138846.8 2099264
138846.9 2097152
138846.9 2100864
138846.9 2097152
138847.0 2100864
138847.0 2097152
138847.0 2098272
138847.0 2097152
138847.1 2098272
138847.1 2097152
138847.1 2291712
138847.4 2097152
138847.4 2291712
138847.7 2097152
138847.7 2138624
138847.8 2097152
138847.8 2138624
138848.0 2097152
138848.0 2109568
138848.1 2097152
138848.1 2109568
138848.1 2097152
138848.2 2099264
138848.2 2097152
138848.2 2099264
138848.3 2097152
138848.3 2101248
138848.4 2097152
138848.4 2101248
138848.4 2097152
138848.5 2098240
138848.5 2097152
138848.5 2098240
138848.6 2097152
138848.6 2105472
138848.6 2097152
138848.7 2105472
138848.7 2097152
138848.7 2100160
138848.7 2097152
138848.8 2100160
138848.8 2097152
138848.9 2152960
138849.0 2097152
138849.0 2152960
138849.1 2097152
138849.1 2111744
138849.2 2097152
138849.2 2111744
138849.2 2097152
138849.3 2100800
138849.3 2097152
138849.3 2100800
138849.4 2097152
138849.4 2098432
138849.4 2097152
138849.5 2098432
138849.5 2097152
138849.5 2100800
138849.6 2097152
138849.6 2100800
138849.6 2097152
138849.7 2098272
138849.7 2097152
138849.7 2098272
138849.8 2097152
138849.8 2110464
138849.9 2097152
138849.9 2110464
138849.9 2097152
138850.0 2101824
138850.0 2097152
138850.0 2101824
138850.1 2097152
138850.1 2098528
138850.1 2097152
138850.2 2098528
138850.2 2097152
138850.3 2733056
138850.6 2097152
138850.7 2733056
138851.0 2097152
138851.0 2255872
138851.2 2097152
138851.2 2255872
138851.3 2097152
138851.3 2131456
138851.4 2097152
138851.4 2131456
138851.5 2097152
138851.5 2108288
138851.5 2097152
138851.6 2108288
138851.6 2097152
138851.6 2100160
138851.7 2097152
138851.7 2100160
138851.7 2097152
138851.8 2099712
138851.8 2097152
138851.9 2099712
138851.9 2097152
138852.0 2103168
138852.0 2097152
138852.0 2103168
138852.1 2097152
138852.1 2142208
138852.2 2097152
138852.2 2142208
138852.3 2097152
138852.3 2104320
138852.3 2097152
138852.4 2104320
138852.4 2097152
138852.5 2100288
138852.5 2097152
138852.5 2100288
138852.6 2097152
138852.6 2112512
138852.7 2097152
138852.7 2112512
138852.7 2097152
138852.8 2100224
138852.8 2097152
138852.8 2100224
138852.9 2097152
138852.9 2098304
138853.0 2097152
138853.0 2098304
138853.0 2097152
138853.1 2101760
138853.1 2097152
138853.1 2101760
138853.2 2097152
138853.2 2098560
138853.2 2097152
138853.3 2098560
138853.3 2097152
138853.3 2256384
138853.5 2097152
138853.5 2256384
138853.6 2097152
138853.6 2135296
138853.7 2097152
138853.7 2135296
138853.8 2097152
138853.8 2108416
138853.9 2097152
138853.9 2108416
138853.9 2097152
138854.0 2100160
138854.0 2097152
138854.0 2100160
138854.1 2097152
138854.1 2098304
138854.1 2097152
138854.2 2098304
138854.2 2097152
138854.2 2099776
138854.3 2097152
138854.3 2099776
138854.3 2097152
138854.4 2104960
138854.4 2097152
138854.4 2104960
138854.5 2097152
138854.6 2099520
138854.6 2097152
138854.6 2099520
138854.7 2097152
138854.7 2138624
138854.8 2097152
138854.8 2138624
138854.8 2097152
138854.9 2107008
138854.9 2097152
138854.9 2107008
138855.0 2097152
138855.0 2100096
138855.0 2097152
138855.1 2100096
138855.1 2097152
138855.2 2108032
138855.3 2097152
138855.3 2108032
138855.4 2097152
138855.4 2100736
138855.4 2097152
138855.5 2100736
138855.5 2097152
138855.6 2098432
138855.6 2097152
138855.6 2098432
138855.7 2097152
138855.7 2097696
138855.8 2097152
138855.8 2097696
138855.9 2097152
138855.9 37601280
138872.3 2097152
138872.4 37601280
138886.0 2097152
138886.0 10502144
138888.9 2097152
138888.9 10502144
138891.7 2097152
138891.8 4046848
138892.5 2097152
138892.5 4046848
138893.1 2097152
138893.1 2546688
138893.3 2097152
138893.3 2546688
138893.5 2097152
138893.5 2225664
138893.6 2097152
138893.6 2225664
138893.7 2097152
138893.7 2128640
138893.7 2097152
138893.8 2128640
138893.8 2097152
138893.8 2103424
138893.8 2097152
138893.9 2103424
138893.9 2097152
138893.9 2099520
138893.9 2097152
138894.0 2099520
138894.0 2097152
138894.0 2106624
138894.0 2097152
138894.0 2106624
138894.1 2097152
138894.1 2099456
138894.1 2097152
138894.1 2099456
138894.2 2097152
138894.2 2099584
138894.2 2097152
138894.2 2099584
138894.2 2097152
138894.3 2129920
138894.3 2097152
138894.3 2129920
138894.3 2097152
138894.4 2107008
138894.4 2097152
138894.4 2107008
138894.4 2097152
138894.5 2099648
138894.5 2097152
138894.5 2099648
138894.5 2097152
138894.5 2099584
138894.6 2097152
138894.6 2099584
138894.6 2097152
138894.6 2103680
138894.7 2097152
138894.7 2103680
138894.7 2097152
138894.7 2193408
138894.8 2097152
138894.8 2193408
138894.9 2097152
138894.9 2118656
138894.9 2097152
138894.9 2118656
138895.0 2097152
138895.0 2100736
138895.0 2097152
138895.0 2100736
138895.1 2097152
138895.1 2104320
138895.1 2097152
138895.1 2104320
138895.2 2097152
138895.2 2099264
138895.2 2097152
138895.2 2099264
138895.2 2097152
138895.3 2123776
138895.3 2097152
138895.3 2123776
138895.3 2097152
138895.4 2104960
138895.4 2097152
138895.4 2104960
138895.4 2097152
138895.5 2099520
138895.5 2097152
138895.5 2099520
138895.5 2097152
138895.5 2102656
138895.6 2097152
138895.6 2102656
138895.6 2097152
138895.6 2622464
138895.8 2097152
138895.9 2622464
138896.1 2097152
138896.1 2244096
138896.1 2097152
138896.2 2244096
138896.2 2097152
138896.3 2141696
138896.3 2097152
138896.3 2141696
138896.4 2097152
138896.4 2104576
138896.4 2097152
138896.5 2104576
138896.5 2097152
138896.6 2112000
138896.6 2097152
138896.6 2112000
138896.6 2097152
138896.7 2101248
138896.7 2097152
138896.7 2101248
138896.7 2097152
138896.7 2098400
138896.8 2097152
138896.8 2098400
138896.8 2097152
138896.8 2100480
138896.9 2097152
138897.0 2100480
138897.0 2097152
138897.0 2098432
138897.0 2097152
138897.0 2098432
138897.1 2097152
138897.1 2126080
138897.2 2097152
138897.3 2126080
138897.3 2097152
138897.3 2101376
138897.3 2097152
138897.3 2101376
138897.4 2097152
138897.4 2107392
138897.4 2097152
138897.4 2107392
138897.4 2097152
138897.5 2101440
138897.5 2097152
138897.5 2101440
138897.5 2097152
138897.6 2098336
138897.6 2097152
138897.6 2098336
138897.6 2097152
138897.7 2212864
138897.8 2097152
138897.8 2212864
138897.9 2097152
138898.0 2125312
138898.0 2097152
138898.0 2125312
138898.1 2097152
138898.1 2103424
138898.1 2097152
138898.1 2103424
138898.2 2097152
138898.2 2104960
138898.2 2097152
138898.2 2104960
138898.2 2097152
138898.3 2099520
138898.3 2097152
138898.3 2099520
138898.3 2097152
138898.3 2126848
138898.4 2097152
138898.4 2126848
138898.4 2097152
138898.4 2105856
138898.5 2097152
138898.5 2105856
138898.5 2097152
138898.5 2100032
138898.5 2097152
138898.5 2100032
138898.6 2097152
138898.6 2103296
138898.6 2097152
138898.6 2103296
138898.7 2097152
138898.7 2099456
138898.7 2097152
138898.7 2099456
138898.7 2097152
138898.8 4349952
138900.6 2097152
138900.6 4349952
138902.3 2097152
138902.3 2672640
138902.9 2097152
138903.0 2672640
138903.5 2097152
138903.5 2245120
138903.6 2097152
138903.7 2245120
138903.8 2097152
138903.9 2129920
138903.9 2097152
138904.0 2129920
138904.0 2097152
138904.1 2107648
138904.1 2097152
138904.1 2107648
138904.2 2097152
138904.2 2100480
138904.3 2097152
138904.3 2100480
138904.3 2097152
138904.4 2098304
138904.4 2097152
138904.4 2098304
138904.5 2097152
138904.5 2097696
138904.5 2097152
138904.6 2097696
138904.6 2097152
138904.6 2103040
138904.7 2097152
138904.7 2103040
138904.8 2097152
138904.8 2138368
138904.9 2097152
138905.0 2138368
138905.0 2097152
138905.1 2107520
138905.1 2097152
138905.1 2107520
138905.2 2097152
138905.2 2101120
138905.3 2097152
138905.3 2101120
138905.3 2097152
138905.4 2098464
138905.4 2097152
138905.4 2098464
138905.5 2097152
138905.5 2097712
138905.5 2097152
138905.6 2097712
138905.6 2097152
138905.6 2107392
138905.7 2097152
138905.7 2107392
138905.7 2097152
138905.8 2100544
138905.8 2097152
138905.8 2100544
138905.9 2097152
138905.9 2236928
138906.1 2097152
138906.1 2236928
138906.3 2097152
138906.3 2119680
138906.4 2097152
138906.4 2119680
138906.5 2097152
138906.6 2103936
138906.7 2097152
138906.7 2103936
138906.8 2097152
138906.9 2099392
138906.9 2097152
138907.0 2099392
138907.0 2097152
138907.0 2101632
138907.1 2097152
138907.2 2101632
138907.2 2097152
138907.3 2144512
138907.4 2097152
138907.4 2144512
138907.6 2097152
138907.6 2100864
138907.6 2097152
138907.7 2100864
138907.7 2097152
138907.8 2117120
138907.8 2097152
138907.9 2117120
138907.9 2097152
138908.0 2100288
138908.0 2097152
138908.1 2100288
138908.1 2097152
138908.2 2104000
138908.2 2097152
138908.3 2104000
138908.3 2097152
138908.4 2098752
138908.4 2097152
138908.5 2098752
138908.5 2097152
138908.5 2097696
138908.6 2097152
138908.6 2097696
138908.7 2097152
138908.7 2098976
138908.8 2097152
138908.8 2098976
138908.8 2097152
138908.9 2648064
138909.8 2097152
138909.9 2648064
138910.8 2097152
138910.8 2225664
138911.0 2097152
138911.1 2225664
138911.3 2097152
138911.3 2127872
138911.4 2097152
138911.4 2127872
138911.5 2097152
138911.5 2105344
138911.6 2097152
138911.6 2105344
138911.6 2097152
138911.7 2099328
138911.7 2097152
138911.8 2099328
138911.8 2097152
138911.8 2104320
138911.9 2097152
138911.9 2104320
138911.9 2097152
138912.0 2099264
138912.0 2097152
138912.1 2099264
138912.1 2097152
138912.1 2130688
138912.2 2097152
138912.2 2130688
138912.3 2097152
138912.3 2104960
138912.4 2097152
138912.4 2104960
138912.4 2097152
138912.5 2099520
138912.5 2097152
138912.5 2099520
138912.6 2097152
138912.6 2106112
138912.7 2097152
138912.7 2106112
138912.7 2097152
138912.8 2099776
138912.8 2097152
138912.8 2099776
138912.8 2097152
138912.9 2098368
138912.9 2097152
138912.9 2098368
138913.0 2097152
138913.0 2244096
138913.2 2097152
138913.2 2244096
138913.4 2097152
138913.4 2142976
138913.5 2097152
138913.5 2142976
138913.6 2097152
138913.6 2108160
138913.7 2097152
138913.7 2108160
138913.8 2097152
138913.8 2100288
138913.8 2097152
138913.9 2100288
138913.9 2097152
138913.9 2098336
138914.0 2097152
138914.0 2098336
138914.0 2097152
138914.1 2099520
138914.2 2097152
138914.2 2099520
138914.3 2097152
138914.3 2109056
138914.4 2097152
138914.4 2109056
138914.4 2097152
138914.5 2100160
138914.5 2097152
138914.5 2100160
138914.6 2097152
138914.6 2098400
138914.6 2097152
138914.7 2098400
138914.7 2097152
138914.8 2100096
138914.8 2097152
138914.8 2100096
138914.9 2097152
138914.9 2124800
138915.0 2097152
138915.0 2124800
138915.1 2097152
138915.1 2107904
138915.2 2097152
138915.2 2107904
138915.2 2097152
138915.3 2100416
138915.3 2097152
138915.3 2100416
138915.4 2097152
138915.4 2099264
138915.5 2097152
138915.5 2099264
138915.5 2097152
138915.6 2100224
138915.6 2097152
138915.7 2100224
138915.7 2097152
138915.7 11444224
138924.8 2097152
138924.8 11444224
138932.5 2097152
138932.6 4413440
138935.2 2097152
138935.3 4413440
138937.1 2097152
138937.1 2491392
138937.5 2097152
138937.5 2491392
138937.8 2097152
138937.9 2193408
138938.0 2097152
138938.0 2193408
138938.1 2097152
138938.1 2118144
138938.2 2097152
138938.2 2118144
138938.3 2097152
138938.3 2102528
138938.4 2097152
138938.4 2102528
138938.5 2097152
138938.5 2102272
138938.6 2097152
138938.6 2102272
138938.6 2097152
138938.7 2124288
138938.8 2097152
138938.8 2124288
138938.9 2097152
138938.9 2104832
138939.0 2097152
138939.0 2104832
138939.0 2097152
138939.1 2099264
138939.1 2097152
138939.2 2099264
138939.2 2097152
138939.3 2103040
138939.3 2097152
138939.3 2103040
138939.4 2097152
138939.4 2198016
138939.6 2097152
138939.7 2198016
138939.8 2097152
138939.9 2121984
138940.0 2097152
138940.0 2121984
138940.1 2097152
138940.1 2102400
138940.2 2097152
138940.2 2102400
138940.3 2097152
138940.3 2104320
138940.4 2097152
138940.4 2104320
138940.4 2097152
138940.5 2122752
138940.6 2097152
138940.6 2122752
138940.7 2097152
138940.7 2104960
138940.8 2097152
138940.8 2104960
138940.9 2097152
138940.9 2100096
138941.0 2097152
138941.0 2100096
138941.1 2097152
138941.1 2102144
138941.2 2097152
138941.2 2102144
138941.3 2097152
138941.3 2861056
138942.5 2097152
138942.6 2861056
138943.7 2097152
138943.8 2264576
138944.1 2097152
138944.2 2264576
138944.5 2097152
138944.5 2131712
138944.6 2097152
138944.7 2131712
138944.8 2097152
138944.8 2104192
138944.9 2097152
138944.9 2104192
138944.9 2097152
138945.0 2107392
138945.0 2097152
138945.1 2107392
138945.1 2097152
138945.2 2099456
138945.2 2097152
138945.3 2099456
138945.3 2097152
138945.4 2099968
138945.4 2097152
138945.5 2099968
138945.5 2097152
138945.6 2146304
138945.7 2097152
138945.7 2146304
138945.8 2097152
138945.9 2114304
138945.9 2097152
138946.0 2114304
138946.0 2097152
138946.1 2099776
138946.1 2097152
138946.2 2099776
138946.2 2097152
138946.2 2103104
138946.3 2097152
138946.3 2103104
138946.4 2097152
138946.4 2098336
138946.5 2097152
138946.5 2098336
138946.5 2097152
138946.6 2098944
138946.7 2097152
138946.7 2098944
138946.8 2097152
138946.8 2097776
138946.9 2097152
138946.9 2097776
138947.0 2097152
138947.0 2104576
138947.1 2097152
138947.1 2104576
138947.2 2097152
138947.2 2099456
138947.3 2097152
138947.3 2099456
138947.3 2097152
138947.4 2311680
138947.7 2097152
138947.8 2311680
138948.2 2097152
138948.2 2135552
138948.4 2097152
138948.4 2135552
138948.5 2097152
138948.5 2105984
138948.6 2097152
138948.7 2105984
138948.7 2097152
138948.8 2100480
138948.8 2097152
138948.9 2100480
138948.9 2097152
138949.0 2098528
138949.0 2097152
138949.0 2098528
138949.1 2097152
138949.1 2097712
138949.2 2097152
138949.2 2097712
138949.2 2097152
138949.3 2107520
138949.4 2097152
138949.4 2107520
138949.5 2097152
138949.5 2099520
138949.5 2097152
138949.6 2099520
138949.6 2097152
138949.7 2099968
138949.7 2097152
138949.8 2099968
138949.8 2097152
138949.9 2166016
138950.0 2097152
138950.0 2166016
138950.2 2097152
138950.2 2121600
138950.3 2097152
138950.3 2121600
138950.4 2097152
138950.5 2102912
138950.5 2097152
138950.5 2102912
138950.6 2097152
138950.6 2099008
138950.7 2097152
138950.7 2099008
138950.8 2097152
138950.8 2097744
138950.8 2097152
138950.9 2097744
138950.9 2097152
138951.0 2103616
138951.0 2097152
138951.1 2103616
138951.1 2097152
138951.2 2099232
138951.2 2097152
138951.2 2099232
138951.3 2097152
138951.3 2097712
138951.4 2097152
138951.4 2097712
138951.4 2097152
138951.5 2098304
138951.5 2097152
138951.6 2098304
138951.6 2097152
138951.7 2107136
138951.7 2097152
138951.8 2107136
138951.8 2097152
138951.9 2100544
138951.9 2097152
138952.0 2100544
138952.0 2097152
138952.1 2098656
138952.1 2097152
138952.1 2098656
138952.2 2097152
138952.2 4454400
138956.0 2097152
138956.1 4454400
138959.5 2097152
138959.6 2681856
138960.6 2097152
138960.6 2681856
138961.6 2097152
138961.6 2250240
138961.9 2097152
138962.0 2250240
138962.3 2097152
138962.3 2140416
138962.4 2097152
138962.5 2140416
138962.6 2097152
138962.6 2107520
138962.7 2097152
138962.7 2107520
138962.8 2097152
138962.8 2100928
138962.9 2097152
138962.9 2100928
138963.0 2097152
138963.0 2098272
138963.1 2097152
138963.1 2098272
138963.2 2097152
138963.2 2108416
138963.3 2097152
138963.4 2108416
138963.4 2097152
138963.5 2099456
138963.5 2097152
138963.6 2099456
138963.6 2097152
138963.7 2100480
138963.7 2097152
138963.8 2100480
138963.9 2097152
138963.9 2098400
138964.1 2097152
138964.1 2098400
138964.2 2097152
138964.2 2130432
138964.3 2097152
138964.3 2130432
138964.4 2097152
138964.4 2109312
138964.5 2097152
138964.5 2109312
138964.5 2097152
138964.6 2099840
138964.6 2097152
138964.6 2099840
138964.6 2097152
138964.7 2100544
138964.7 2097152
138964.7 2100544
138964.8 2097152
138964.8 2101632
138964.8 2097152
138964.8 2101632
138964.9 2097152
138964.9 2236416
138965.2 2097152
138965.2 2236416
138965.4 2097152
138965.5 2124032
138965.5 2097152
138965.6 2124032
138965.6 2097152
138965.7 2103680
138965.7 2097152
138965.8 2103680
138965.8 2097152
138965.8 2104064
138965.9 2097152
138965.9 2104064
138965.9 2097152
138966.0 2139904
138966.1 2097152
138966.1 2139904
138966.2 2097152
138966.2 2106112
138966.2 2097152
138966.3 2106112
138966.3 2097152
138966.3 2100480
138966.3 2097152
138966.4 2100480
138966.4 2097152
138966.4 2098208
138966.4 2097152
138966.5 2098208
138966.5 2097152
138966.5 2109568
138966.6 2097152
138966.6 2109568
138966.6 2097152
138966.7 2101824
138966.7 2097152
138966.7 2101824
138966.8 2097152
138966.8 2098432
138966.8 2097152
138966.9 2098432
138966.9 2097152
138966.9 2098208
138967.0 2097152
138967.0 2098208
138967.0 2097152
138967.0 2691072
138968.0 2097152
138968.0 2691072
138968.9 2097152
138968.9 2215424
138969.1 2097152
138969.2 2215424
138969.4 2097152
138969.5 2129920
138969.6 2097152
138969.6 2129920
138969.7 2097152
138969.7 2107776
138969.7 2097152
138969.7 2107776
138969.8 2097152
138969.8 2099840
138969.8 2097152
138969.9 2099840
138969.9 2097152
138969.9 2099776
138970.0 2097152
138970.0 2099776
138970.0 2097152
138970.0 2102912
138970.1 2097152
138970.1 2102912
138970.1 2097152
138970.2 2123520
138970.2 2097152
138970.3 2123520
138970.3 2097152
138970.3 2103552
138970.4 2097152
138970.4 2103552
138970.4 2097152
138970.5 2099584
138970.5 2097152
138970.5 2099584
138970.5 2097152
138970.6 2103936
138970.6 2097152
138970.6 2103936
138970.6 2097152
138970.7 2275840
138971.0 2097152
138971.0 2275840
138971.4 2097152
138971.4 2136320
138971.5 2097152
138971.5 2136320
138971.6 2097152
138971.6 2103552
138971.6 2097152
138971.7 2103552
138971.7 2097152
138971.8 2110336
138971.8 2097152
138971.8 2110336
138971.9 2097152
138971.9 2099712
138971.9 2097152
138971.9 2099712
138972.0 2097152
138972.1 2101184
138972.1 2097152
138972.1 2101184
138972.2 2097152
138972.2 2098368
138972.2 2097152
138972.3 2098368
138972.3 2097152
138972.3 2147328
138972.4 2097152
138972.4 2147328
138972.5 2097152
138972.5 2106496
138972.5 2097152
138972.6 2106496
138972.6 2097152
138972.6 2100224
138972.7 2097152
138972.7 2100224
138972.8 2097152
138972.8 2112896
138972.8 2097152
138972.9 2112896
138972.9 2097152
138972.9 2100800
138973.0 2097152
138973.0 2100800
138973.0 2097152
138973.1 2101376
138973.1 2097152
138973.2 2101376
138973.2 2097152
138973.3 2099104
138973.3 2097152
138973.3 2099104
138973.4 2097152
138973.4 2097824
138973.4 2097152
138973.5 2097824
138973.5 2097152
138973.5 2097448
138973.6 2097152
138973.6 2097448
138973.6 2097152
138973.7 2097288
138973.7 2097152
138973.7 2097288
138973.7 2097152
138973.8 67108864
139022.8 2097152
139022.8 67108864
139150.1 2097152
139150.3 36749312
139189.0 2097152
139189.0 36749312
139221.2 2097152
139221.3 10584064
139229.4 2097152
139229.7 10584064
139237.9 2097152
139238.2 4313088
139241.2 2097152
139241.8 4313088
139242.9 2097152
139243.1 2703360
139244.2 2097152
139244.3 2703360
139245.4 2097152
139245.5 2267136
139245.8 2097152
139245.9 2267136
139246.5 2097152
139246.6 2134272
139246.7 2097152
139246.8 2134272
139247.1 2097152
139247.2 2111488
139247.3 2097152
139247.3 2111488
139247.4 2097152
139247.6 2101440
139247.6 2097152
139247.7 2101440
139247.7 2097152
139247.8 2098240
139247.8 2097152
139247.9 2098240
139248.0 2097152
139248.0 2098208
139248.1 2097152
139248.2 2098208
139248.2 2097152
139248.2 2100032
139248.3 2097152
139248.3 2100032
139248.4 2097152
139248.5 2101376
139248.7 2097152
139248.8 2101376
139248.8 2097152
139248.9 2145024
139249.1 2097152
139250.6 2145024
139250.7 2097152
139250.8 2111104
139250.8 2097152
139250.8 2111104
139250.9 2097152
139250.9 2100224
139251.0 2097152
139251.0 2100224
139251.0 2097152
139251.0 2101056
139251.1 2097152
139251.1 2101056
139251.1 2097152
139251.1 2098592
139251.2 2097152
139251.2 2098592
139251.2 2097152
139251.2 2107136
139251.3 2097152
139251.3 2107136
139251.3 2097152
139251.4 2099456
139251.4 2097152
139251.4 2099456
139251.4 2097152
139251.5 2099840
139251.5 2097152
139251.5 2099840
139251.5 2097152
139251.6 2230272
139251.7 2097152
139251.8 2230272
139251.9 2097152
139251.9 2142720
139252.0 2097152
139252.0 2142720
139252.1 2097152
139252.1 2108160
139252.2 2097152
139252.2 2108160
139252.2 2097152
139252.2 2099264
139252.3 2097152
139252.3 2099264
139252.3 2097152
139252.3 2100544
139252.4 2097152
139252.4 2100544
139252.4 2097152
139252.4 2098400
139252.5 2097152
139252.5 2098400
139252.5 2097152
139252.5 2097680
139252.6 2097152
139252.6 2097680
139252.6 2097152
139252.6 2108928
139252.7 2097152
139252.7 2108928
139252.7 2097152
139252.8 2099776
139252.8 2097152
139252.8 2099776
139252.8 2097152
139252.9 2100416
139252.9 2097152
139252.9 2100416
139253.0 2097152
139253.0 2098208
139253.0 2097152
139253.0 2098208
139253.1 2097152
139253.1 2118144
139253.2 2097152
139253.3 2118144
139253.4 2097152
139253.5 2103680
139253.5 2097152
139253.6 2103680
139253.7 2097152
139253.7 2099520
139253.7 2097152
139253.8 2099520
139253.8 2097152
139253.8 2101120
139253.9 2097152
139253.9 2101120
139253.9 2097152
139254.0 2598912
139254.3 2097152
139254.4 2598912
139254.7 2097152
139254.8 2235904
139254.9 2097152
139254.9 2235904
139255.2 2097152
139255.2 2134528
139255.3 2097152
139255.7 2134528
139255.8 2097152
139255.8 2105344
139255.8 2097152
139255.9 2105344
139255.9 2097152
139256.0 2099520
139256.0 2097152
139256.0 2099520
139256.1 2097152
139256.1 2107648
139256.2 2097152
139256.2 2107648
139256.2 2097152
139256.3 2101312
139256.3 2097152
139256.5 2101312
139256.5 2097152
139256.6 2098560
139256.6 2097152
139256.6 2098560
139256.6 2097152
139256.7 2129152
139256.7 2097152
139256.8 2129152
139256.8 2097152
139256.9 2104576
139256.9 2097152
139256.9 2104576
139256.9 2097152
139257.0 2099776
139257.0 2097152
139257.0 2099776
139257.1 2097152
139257.1 2105728
139257.1 2097152
139257.2 2105728
139257.2 2097152
139257.3 2100096
139257.3 2097152
139257.3 2100096
139257.4 2097152
139257.4 2209280
139257.6 2097152
139257.6 2209280
139257.7 2097152
139257.7 2128640
139257.8 2097152
139257.8 2128640
139257.9 2097152
139257.9 2105856
139257.9 2097152
139258.0 2105856
139258.0 2097152
139258.0 2099520
139258.0 2097152
139258.1 2099520
139258.1 2097152
139258.1 2104192
139258.2 2097152
139258.2 2104192
139258.2 2097152
139258.2 2099520
139258.3 2097152
139258.3 2099520
139258.3 2097152
139258.3 2121728
139258.4 2097152
139258.4 2121728
139258.4 2097152
139258.5 2104448
139258.5 2097152
139258.5 2104448
139258.5 2097152
139258.6 2099520
139258.6 2097152
139258.6 2099520
139258.7 2097152
139258.7 2102144
139258.8 2097152
139258.8 2102144
139258.9 2097152
139258.9 4124672
139261.1 2097152
139261.2 4124672
139263.3 2097152
139263.4 2655232
139264.0 2097152
139264.1 2655232
139264.6 2097152
139264.7 2218496
139264.8 2097152
139264.8 2218496
139264.9 2097152
139264.9 2129152
139265.0 2097152
139265.1 2129152
139265.2 2097152
139265.3 2102528
139265.3 2097152
139265.4 2102528
139265.4 2097152
139265.5 2107776
139265.5 2097152
139265.6 2107776
139265.6 2097152
139265.6 2099648
139265.7 2097152
139265.7 2099648
139265.7 2097152
139265.8 2099968
139265.8 2097152
139265.8 2099968
139265.9 2097152
139265.9 2125824
139266.0 2097152
139266.0 2125824
139266.2 2097152
139266.2 2103936
139266.3 2097152
139266.3 2103936
139266.4 2097152
139266.4 2104704
139266.5 2097152
139266.5 2104704
139266.5 2097152
139266.6 2099712
139266.6 2097152
139266.7 2099712
139266.7 2097152
139266.7 2254848
139266.9 2097152
139267.0 2254848
139267.3 2097152
139267.3 2144000
139267.4 2097152
139267.4 2144000
139267.5 2097152
139267.5 2105600
139267.6 2097152
139267.6 2105600
139267.7 2097152
139267.7 2099584
139267.8 2097152
139267.8 2099584
139267.9 2097152
139267.9 2112128
139268.0 2097152
139268.1 2112128
139268.1 2097152
139268.2 2100352
139268.2 2097152
139268.3 2100352
139268.3 2097152
139268.4 2101440
139268.4 2097152
139268.4 2101440
139268.4 2097152
139268.5 2098816
139268.5 2097152
139268.5 2098816
139268.5 2097152
139268.6 2097712
139268.6 2097152
139268.6 2097712
139268.6 2097152
139268.6 2129152
139268.7 2097152
139268.7 2129152
139268.8 2097152
139268.9 2102144
139268.9 2097152
139268.9 2102144
139269.0 2097152
139269.0 2108160
139269.0 2097152
139269.0 2108160
139269.1 2097152
139269.1 2101632
139269.2 2097152
139269.2 2101632
139269.3 2097152
139269.3 2098432
139269.4 2097152
139269.4 2098432
139269.4 2097152
139269.5 2552832
139269.8 2097152
139269.8 2552832
139270.1 2097152
139270.1 2177024
139270.2 2097152
139270.3 2177024
139270.4 2097152
139270.4 2112000
139270.5 2097152
139270.5 2112000
139270.6 2097152
139270.6 2101120
139270.7 2097152
139270.7 2101120
139270.8 2097152
139270.8 2100608
139270.8 2097152
139270.9 2100608
139270.9 2097152
139271.0 2122240
139271.0 2097152
139271.1 2122240
139271.2 2097152
139271.2 2102144
139271.3 2097152
139271.3 2102144
139271.3 2097152
139271.4 2104704
139271.4 2097152
139271.4 2104704
139271.5 2097152
139271.5 2099328
139271.5 2097152
139271.6 2099328
139271.6 2097152
139271.6 2245120
139271.7 2097152
139271.8 2245120
139271.9 2097152
139271.9 2143232
139271.9 2097152
139272.0 2143232
139272.0 2097152
139272.1 2104448
139272.1 2097152
139272.1 2104448
139272.1 2097152
139272.2 2099712
139272.2 2097152
139272.2 2099712
139272.3 2097152
139272.3 2112896
139272.3 2097152
139272.4 2112896
139272.4 2097152
139272.4 2103104
139272.5 2097152
139272.5 2103104
139272.5 2097152
139272.5 2098592
139272.6 2097152
139272.6 2098592
139272.6 2097152
139272.7 2098688
139272.7 2097152
139272.7 2098688
139272.7 2097152
139272.8 2125056
139272.8 2097152
139272.8 2125056
139272.9 2097152
139272.9 2105088
139273.0 2097152
139273.0 2105088
139273.0 2097152
139273.0 2099648
139273.1 2097152
139273.1 2099648
139273.1 2097152
139273.2 2103168
139273.2 2097152
139273.2 2103168
139273.3 2097152
139273.3 10936320
139277.4 2097152
139277.4 10936320
139281.4 2097152
139281.6 4255744
139282.6 2097152
139282.7 4255744
139283.8 2097152
139283.9 2564096
139284.1 2097152
139284.3 2564096
139284.5 2097152
139284.6 2221056
139284.8 2097152
139284.9 2221056
139285.1 2097152
139285.1 2132992
139285.2 2097152
139285.2 2132992
139285.3 2097152
139285.3 2108928
139285.4 2097152
139285.4 2108928
139285.5 2097152
139285.5 2100672
139285.5 2097152
139285.6 2100672
139285.6 2097152
139285.7 2099520
139285.7 2097152
139285.7 2099520
139285.8 2097152
139285.8 2103296
139285.8 2097152
139285.9 2103296
139285.9 2097152
139286.0 2123264
139286.0 2097152
139286.0 2123264
139286.1 2097152
139286.1 2101760
139286.3 2097152
139286.3 2101760
139286.3 2097152
139286.3 2105600
139286.4 2097152
139286.4 2105600
139286.4 2097152
139286.4 2099968
139286.5 2097152
139286.5 2099968
139286.5 2097152
139286.5 2206720
139286.6 2097152
139286.6 2206720
139286.7 2097152
139286.8 2129152
139286.8 2097152
139286.8 2129152
139286.9 2097152
139286.9 2104320
139286.9 2097152
139286.9 2104320
139286.9 2097152
139287.0 2105984
139287.0 2097152
139287.0 2105984
139287.1 2097152
139287.1 2099264
139287.1 2097152
139287.1 2099264
139287.2 2097152
139287.2 2099456
139287.2 2097152
139287.2 2099456
139287.3 2097152
139287.3 2119936
139287.3 2097152
139287.3 2119936
139287.4 2097152
139287.4 2105216
139287.4 2097152
139287.4 2105216
139287.5 2097152
139287.5 2099712
139287.5 2097152
139287.5 2099712
139287.6 2097152
139287.6 2100480
139287.6 2097152
139287.7 2100480
139287.7 2097152
139287.7 2709504
139288.1 2097152
139288.1 2709504
139288.4 2097152
139288.4 2238976
139288.6 2097152
139288.6 2238976
139288.8 2097152
139288.8 2134016
139288.9 2097152
139288.9 2134016
139288.9 2097152
139288.9 2106368
139289.0 2097152
139289.0 2106368
139289.0 2097152
139289.1 2099584
139289.1 2097152
139289.1 2099584
139289.1 2097152
139289.2 2099328
139289.2 2097152
139289.2 2099328
139289.2 2097152
139289.3 2106368
139289.3 2097152
139289.3 2106368
139289.3 2097152
139289.4 2100096
139289.4 2097152
139289.4 2100096
139289.5 2097152
139289.5 2098208
139289.5 2097152
139289.5 2098208
139289.6 2097152
139289.6 2131200
139289.6 2097152
139289.6 2131200
139289.7 2097152
139289.7 2108288
139289.7 2097152
139289.8 2108288
139289.8 2097152
139289.8 2099840
139289.8 2097152
139289.9 2099840
139289.9 2097152
139289.9 2100032
139289.9 2097152
139290.0 2100032
139290.0 2097152
139290.1 2103040
139290.1 2097152
139290.1 2103040
139290.2 2097152
139290.2 2261504
139290.3 2097152
139290.3 2261504
139290.4 2097152
139290.4 2143232
139290.5 2097152
139290.5 2143232
139290.6 2097152
139290.6 2110464
139290.8 2097152
139290.8 2110464
139290.8 2097152
139290.9 2100096
139290.9 2097152
139290.9 2100096
139291.0 2097152
139291.0 2100864
139291.1 2097152
139291.1 2100864
139291.2 2097152
139291.4 2098208
139291.4 2097152
139291.4 2098208
139291.7 2097152
139291.8 2106880
139291.9 2097152
139291.9 2106880
139292.0 2097152
139292.0 2100992
139292.1 2097152
139292.1 2100992
139292.2 2097152
139292.2 2098752
139292.3 2097152
139292.3 2098752
139292.3 2097152
139292.4 2133248
139292.5 2097152
139292.5 2133248
139292.6 2097152
139292.6 2107520
139292.7 2097152
139292.7 2107520
139292.8 2097152
139292.8 2099968
139292.9 2097152
139292.9 2099968
139293.0 2097152
139293.0 2099520
139293.1 2097152
139293.1 2099520
139293.2 2097152
139293.2 2104832
139293.2 2097152
139293.3 2104832
139293.3 2097152
139293.4 2099648
139293.5 2097152
139293.5 2099648
139293.5 2097152
139293.5 4358144
139294.6 2097152
139294.7 4358144
139297.1 2097152
139297.3 2664448
139297.7 2097152
139298.3 2664448
139298.6 2097152
139298.6 2247680
139298.7 2097152
139298.8 2247680
139299.0 2097152
139299.1 2135040
139299.3 2097152
139299.3 2135040
139299.4 2097152
139299.5 2104320
139299.5 2097152
139299.6 2104320
139299.7 2097152
139299.8 2108928
139299.8 2097152
139299.9 2108928
139299.9 2097152
139299.9 2100032
139299.9 2097152
139300.0 2100032
139300.0 2097152
139300.0 2098208
139300.1 2097152
139300.1 2098208
139300.1 2097152
139300.2 2100160
139300.2 2097152
139300.2 2100160
139300.3 2097152
139300.3 2134528
139300.3 2097152
139300.4 2134528
139300.4 2097152
139300.4 2104448
139300.5 2097152
139300.5 2104448
139300.5 2097152
139300.6 2099584
139300.6 2097152
139300.6 2099584
139300.6 2097152
139300.7 2108544
139300.7 2097152
139300.7 2108544
139300.8 2097152
139300.8 2100672
139300.8 2097152
139300.8 2100672
139300.9 2097152
139300.9 2098368
139300.9 2097152
139301.0 2098368
139301.0 2097152
139301.0 2099328
139301.0 2097152
139301.1 2099328
139301.1 2097152
139301.1 2230272
139301.2 2097152
139301.2 2230272
139301.3 2097152
139301.4 2131456
139301.4 2097152
139301.4 2131456
139301.5 2097152
139301.5 2103296
139301.5 2097152
139301.6 2103296
139301.6 2097152
139301.7 2099328
139301.7 2097152
139301.7 2099328
139301.8 2097152
139301.8 2108160
139301.8 2097152
139301.9 2108160
139301.9 2097152
139301.9 2100928
139301.9 2097152
139302.0 2100928
139302.0 2097152
139302.0 2129408
139302.1 2097152
139302.1 2129408
139302.2 2097152
139302.2 2103808
139302.2 2097152
139302.2 2103808
139302.3 2097152
139302.3 2106624
139302.3 2097152
139302.4 2106624
139302.4 2097152
139302.4 2100288
139302.5 2097152
139302.5 2100288
139302.5 2097152
139302.6 2660352
139302.8 2097152
139302.9 2660352
139303.2 2097152
139303.2 2252288
139303.3 2097152
139303.4 2252288
139303.6 2097152
139303.6 2136320
139303.7 2097152
139303.7 2136320
139303.8 2097152
139303.8 2108288
139303.9 2097152
139303.9 2108288
139303.9 2097152
139304.0 2101056
139304.0 2097152
139304.0 2101056
139304.1 2097152
139304.1 2098432
139304.1 2097152
139304.2 2098432
139304.2 2097152
139304.2 2105600
139304.3 2097152
139304.3 2105600
139304.3 2097152
139304.3 2099712
139304.4 2097152
139304.4 2099712
139304.4 2097152
139304.4 2135552
139304.5 2097152
139304.5 2135552
139304.6 2097152
139304.6 2105216
139304.7 2097152
139304.7 2105216
139304.7 2097152
139304.7 2099328
139304.8 2097152
139304.8 2099328
139304.8 2097152
139304.9 2108288
139304.9 2097152
139304.9 2108288
139305.0 2097152
139305.0 2099776
139305.0 2097152
139305.0 2099776
139305.1 2097152
139305.1 2100096
139305.1 2097152
139305.1 2100096
139305.2 2097152
139305.2 2223616
139305.3 2097152
139305.4 2223616
139305.5 2097152
139305.6 2135552
139305.6 2097152
139305.6 2135552
139305.7 2097152
139305.7 2105216
139305.8 2097152
139305.8 2105216
139305.8 2097152
139305.8 2100416
139305.9 2097152
139305.9 2100416
139305.9 2097152
139306.0 2098336
139306.0 2097152
139306.0 2098336
139306.0 2097152
139306.1 2108288
139306.1 2097152
139306.1 2108288
139306.2 2097152
139306.2 2100864
139306.2 2097152
139306.2 2100864
139306.3 2097152
139306.3 2098400
139306.3 2097152
139306.3 2098400
139306.4 2097152
139306.4 2121984
139306.5 2097152
139306.5 2121984
139306.6 2097152
139306.6 2102272
139306.7 2097152
139306.7 2102272
139306.7 2097152
139306.8 2104448
139306.8 2097152
139306.8 2104448
139306.9 2097152
139306.9 35053568
139341.5 2097152
139341.5 35053568
139372.5 2097152
139372.5 9588736
139379.5 2097152
139379.6 9588736
139386.7 2097152
139386.8 3796992
139387.6 2097152
139387.7 3796992
139388.6 2097152
139388.7 2581504
139389.2 2097152
139389.4 2581504
139390.0 2097152
139390.1 2246144
139390.8 2097152
139390.9 2246144
139391.1 2097152
139391.1 2136832
139391.2 2097152
139391.3 2136832
139391.4 2097152
139391.5 2110208
139391.7 2097152
139391.8 2110208
139391.8 2097152
139391.9 2101120
139391.9 2097152
139391.9 2101120
139392.0 2097152
139392.0 2098304
139392.0 2097152
139392.1 2098304
139392.1 2097152
139392.1 2099712
139392.2 2097152
139392.2 2099712
139392.2 2097152
139392.3 2103936
139392.3 2097152
139392.3 2103936
139392.3 2097152
139392.4 2131968
139392.4 2097152
139392.5 2131968
139392.5 2097152
139392.6 2105856
139392.6 2097152
139392.6 2105856
139392.7 2097152
139392.7 2099584
139392.7 2097152
139392.7 2099584
139394.1 2097152
139394.2 2105856
139394.3 2097152
139394.3 2105856
139394.3 2097152
139394.4 2099648
139394.6 2097152
139394.6 2099648
139394.6 2097152
139394.7 2190336
139394.9 2097152
139394.9 2190336
139395.1 2097152
139395.1 2112512
139395.2 2097152
139395.3 2112512
139395.3 2097152
139395.4 2100224
139395.4 2097152
139395.4 2100224
139395.5 2097152
139395.5 2101760
139395.6 2097152
139395.6 2101760
139395.6 2097152
139395.7 2128384
139395.7 2097152
139395.8 2128384
139395.9 2097152
139395.9 2104192
139395.9 2097152
139396.0 2104192
139396.0 2097152
139396.0 2099328
139396.1 2097152
139396.1 2099328
139396.2 2097152
139396.2 2105728
139396.2 2097152
139396.2 2105728
139396.3 2097152
139396.3 2100416
139396.3 2097152
139396.4 2100416
139396.4 2097152
139396.4 2462720
139396.6 2097152
139396.6 2462720
139396.8 2097152
139396.9 2160640
139396.9 2097152
139396.9 2160640
139397.0 2097152
139397.0 2117888
139397.1 2097152
139397.1 2117888
139397.2 2097152
139397.2 2102272
139397.2 2097152
139397.2 2102272
139397.3 2097152
139397.3 2102400
139397.3 2097152
139397.3 2102400
139397.4 2097152
139397.4 2108160
139397.4 2097152
139397.5 2108160
139397.5 2097152
139397.5 2100608
139397.5 2097152
139397.6 2100608
139397.6 2097152
139397.6 2099200
139397.6 2097152
139397.7 2099200
139397.7 2097152
139397.7 2216448
139397.9 2097152
139397.9 2216448
139398.1 2097152
139398.2 2127616
139398.2 2097152
139398.3 2127616
139398.3 2097152
139398.3 2102272
139398.4 2097152
139398.4 2102272
139398.4 2097152
139398.5 2107264
139398.5 2097152
139398.5 2107264
139398.6 2097152
139398.6 2100480
139399.5 2097152
139399.6 2100480
139399.6 2097152
139399.6 2126336
139399.7 2097152
139399.7 2126336
139399.8 2097152
139399.8 2104192
139399.9 2097152
139399.9 2104192
139400.0 2097152
139400.0 2099584
139400.0 2097152
139400.0 2099584
139400.1 2097152
139400.2 2104704
139400.2 2097152
139400.3 2104704
139400.3 2097152
139400.4 4143104
139401.2 2097152
139401.3 4143104
139402.2 2097152
139403.2 2628608
139403.4 2097152
139403.5 2628608
139403.7 2097152
139403.8 2211328
139403.9 2097152
139403.9 2211328
139404.0 2097152
139404.0 2126848
139404.0 2097152
139404.1 2126848
139404.1 2097152
139404.2 2104960
139404.2 2097152
139404.2 2104960
139404.3 2097152
139404.3 2100352
139404.3 2097152
139404.4 2100352
139404.4 2097152
139404.4 2098560
139404.4 2097152
139404.5 2098560
139404.5 2097152
139404.5 2104192
139404.6 2097152
139404.6 2104192
139404.6 2097152
139404.7 2099456
139404.7 2097152
139404.7 2099456
139404.7 2097152
139404.8 2124544
139404.9 2097152
139405.0 2124544
139405.0 2097152
139405.1 2102272
139405.1 2097152
139405.1 2102272
139405.1 2097152
139405.2 2105728
139405.2 2097152
139405.2 2105728
139405.2 2097152
139405.3 2099328
139405.3 2097152
139405.3 2099328
139405.3 2097152
139405.4 2099264
139405.4 2097152
139405.4 2099264
139405.4 2097152
139405.5 2248704
139405.6 2097152
139405.6 2248704
139406.0 2097152
139406.0 2120448
139406.1 2097152
139406.1 2120448
139406.1 2097152
139406.2 2101248
139406.2 2097152
139406.2 2101248
139406.3 2097152
139406.3 2104704
139406.4 2097152
139406.4 2104704
139406.5 2097152
139406.5 2149632
139406.6 2097152
139406.7 2149632
139406.8 2097152
139406.8 2104064
139406.9 2097152
139406.9 2104064
139407.0 2097152
139407.0 2116480
139407.2 2097152
139407.2 2116480
139407.3 2097152
139407.4 2099712
139407.4 2097152
139407.4 2099712
139407.6 2097152
139407.7 2104256
139407.7 2097152
139407.8 2104256
139407.8 2097152
139407.9 2098688
139407.9 2097152
139407.9 2098688
139408.0 2097152
139408.0 2099168
139408.0 2097152
139408.0 2099168
139408.1 2097152
139408.1 2097888
139408.1 2097152
139408.2 2097888
139408.2 2097152
139408.2 2097464
139408.3 2097152
139408.3 2097464
139408.4 2097152
139408.5 2097284
139408.5 2097152
139408.5 2097284
139408.6 2097152
139408.6 2588672
139408.9 2097152
139409.0 2588672
139409.2 2097152
139409.4 2231808
139409.6 2097152
139409.6 2231808
139409.8 2097152
139409.8 2134528
139409.9 2097152
139410.0 2134528
139410.1 2097152
139410.4 2105728
139410.4 2097152
139410.5 2105728
139410.6 2097152
139410.6 2099968
139410.6 2097152
139410.7 2099968
139410.7 2097152
139410.8 2107264
139410.8 2097152
139410.9 2107264
139411.0 2097152
139411.0 2100992
139411.2 2097152
139411.3 2100992
139411.4 2097152
139411.5 2098240
139411.6 2097152
139411.8 2098240
139411.8 2097152
139411.9 2127104
139412.0 2097152
139412.0 2127104
139412.1 2097152
139412.2 2104960
139412.3 2097152
139412.3 2104960
139412.4 2097152
139412.4 2104320
139412.5 2097152
139412.6 2104320
139412.6 2097152
139412.7 2208256
139412.8 2097152
139412.9 2208256
139413.1 2097152
139413.1 2120704
139413.2 2097152
139413.3 2120704
139413.3 2097152
139413.4 2101248
139413.4 2097152
139413.4 2101248
139413.5 2097152
139413.5 2104832
139413.5 2097152
139413.5 2104832
139413.6 2097152
139413.6 2099328
139413.6 2097152
139413.7 2099328
139413.7 2097152
139413.7 2129152
139413.8 2097152
139413.8 2129152
139413.8 2097152
139413.9 2104832
139413.9 2097152
139413.9 2104832
139414.0 2097152
139414.0 2099584
139414.0 2097152
139414.0 2099584
139414.1 2097152
139414.1 2105472
139414.1 2097152
139414.2 2105472
139414.2 2097152
139414.2 2099904
139414.2 2097152
139414.3 2099904
139414.3 2097152
139414.3 11083776
139424.2 2097152
139424.9 11083776
139429.7 2097152
139429.7 4448256
139430.8 2097152
139430.8 4448256
139431.9 2097152
139431.9 2770944
139432.3 2097152
139432.3 2770944
139433.0 2097152
139433.0 2266624
139433.2 2097152
139433.3 2266624
139433.4 2097152
139433.5 2139648
139433.5 2097152
139433.5 2139648
139433.6 2097152
139433.6 2106496
139433.7 2097152
139433.7 2106496
139433.7 2097152
139433.8 2099776
139433.8 2097152
139433.8 2099776
139433.8 2097152
139433.9 2098208
139433.9 2097152
139433.9 2098208
139433.9 2097152
139433.9 2109056
139434.0 2097152
139434.0 2109056
139434.1 2097152
139434.1 2099328
139434.1 2097152
139434.1 2099328
139434.2 2097152
139434.2 2100928
139434.2 2097152
139434.2 2100928
139434.3 2097152
139434.3 2098304
139434.3 2097152
139434.3 2098304
139434.4 2097152
139434.4 2139392
139434.4 2097152
139434.5 2139392
139434.5 2097152
139434.6 2104448
139434.7 2097152
139434.7 2104448
139434.8 2097152
139434.8 2099840
139434.8 2097152
139434.9 2099840
139434.9 2097152
139434.9 2110976
139435.0 2097152
139435.0 2110976
139435.0 2097152
139435.1 2102912
139435.1 2097152
139435.1 2102912
139435.2 2097152
139435.2 2098208
139435.2 2097152
139435.3 2098208
139435.3 2097152
139435.3 2098976
139435.4 2097152
139435.4 2098976
139435.4 2097152
139435.4 2097840
139435.5 2097152
139435.5 2097840
139435.5 2097152
139435.6 2264576
139435.7 2097152
139435.8 2264576
139436.0 2097152
139436.0 2134016
139436.0 2097152
139436.1 2134016
139436.2 2097152
139436.2 2108288
139436.3 2097152
139436.3 2108288
139436.4 2097152
139436.4 2100992
139436.5 2097152
139436.5 2100992
139436.5 2097152
139436.6 2098400
139436.6 2097152
139436.6 2098400
139436.7 2097152
139436.7 2104448
139436.7 2097152
139436.8 2104448
139436.8 2097152
139436.9 2099456
139436.9 2097152
139436.9 2099456
139437.0 2097152
139437.0 2144000
139437.2 2097152
139437.2 2144000
139437.3 2097152
139437.4 2109056
139437.4 2097152
139437.4 2109056
139437.5 2097152
139437.5 2101440
139437.6 2097152
139437.6 2101440
139437.7 2097152
139437.7 2098304
139437.8 2097152
139437.8 2098304
139437.9 2097152
139437.9 2108672
139438.0 2097152
139438.0 2108672
139438.1 2097152
139438.1 2101824
139438.1 2097152
139438.2 2101824
139438.2 2097152
139438.3 2098880
139438.3 2097152
139438.3 2098880
139438.4 2097152
139438.4 2097856
139438.5 2097152
139438.5 2097856
139438.5 2097152
139438.6 2598912
139439.1 2097152
139439.2 2598912
139439.7 2097152
139439.7 2248704
139440.1 2097152
139440.2 2248704
139441.8 2097152
139441.9 2136064
139442.0 2097152
139442.1 2136064
139442.2 2097152
139442.2 2110208
139442.2 2097152
139442.3 2110208
139442.3 2097152
139442.4 2099776
139442.4 2097152
139442.4 2099776
139442.5 2097152
139442.5 2101056
139442.6 2097152
139442.6 2101056
139442.6 2097152
139442.7 2098720
139442.7 2097152
139442.8 2098720
139442.8 2097152
139442.8 2103552
139442.9 2097152
139442.9 2103552
139442.9 2097152
139443.0 2134016
139443.1 2097152
139443.1 2134016
139443.2 2097152
139443.2 2106496
139443.2 2097152
139443.3 2106496
139443.3 2097152
139443.4 2100736
139443.4 2097152
139443.4 2100736
139443.5 2097152
139443.5 2098240
139443.5 2097152
139443.6 2098240
139443.6 2097152
139443.7 2106240
139443.7 2097152
139443.7 2106240
139443.8 2097152
139443.8 2099712
139443.9 2097152
139443.9 2099712
139443.9 2097152
139444.0 2196480
139444.1 2097152
139444.1 2196480
139444.3 2097152
139444.3 2122752
139444.3 2097152
139444.4 2122752
139444.4 2097152
139444.5 2104064
139444.5 2097152
139444.5 2104064
139444.6 2097152
139444.6 2099584
139444.7 2097152
139444.7 2099584
139444.7 2097152
139444.8 2103040
139444.8 2097152
139444.9 2103040
139444.9 2097152
139444.9 2121216
139445.0 2097152
139445.0 2121216
139445.1 2097152
139445.1 2103808
139445.2 2097152
139445.2 2103808
139445.2 2097152
139445.3 2102528
139445.3 2097152
139445.4 2102528
139445.4 2097152
139445.4 4239360
139447.5 2097152
139447.5 4239360
139450.0 2097152
139450.0 2737152
139450.7 2097152
139450.8 2737152
139451.4 2097152
139451.5 2248704
139451.7 2097152
139451.7 2248704
139451.9 2097152
139451.9 2135808
139452.0 2097152
139452.1 2135808
139452.2 2097152
139452.3 2108800
139452.4 2097152
139452.4 2108800
139452.5 2097152
139452.5 2100032
139452.5 2097152
139452.6 2100032
139452.6 2097152
139452.7 2100096
139452.7 2097152
139452.8 2100096
139452.8 2097152
139452.8 2104832
139452.9 2097152
139452.9 2104832
139453.0 2097152
139453.0 2100352
139453.1 2097152
139453.1 2100352
139453.2 2097152
139453.2 2134272
139453.3 2097152
139453.3 2134272
139453.4 2097152
139453.4 2103168
139453.5 2097152
139453.5 2103168
139453.6 2097152
139453.6 2109696
139453.7 2097152
139453.7 2109696
139453.9 2097152
139454.0 2099328
139454.0 2097152
139454.1 2099328
139454.1 2097152
139454.2 2101248
139454.2 2097152
139454.2 2101248
139454.4 2097152
139454.4 2098880
139454.5 2097152
139454.5 2098880
139454.5 2097152
139454.6 2097776
139454.6 2097152
139454.6 2097776
139454.7 2097152
139454.7 2097416
139454.8 2097152
139454.8 2097416
139454.8 2097152
139454.9 2265600
139455.0 2097152
139455.0 2265600
139455.1 2097152
139455.2 2140160
139455.2 2097152
139455.3 2140160
139455.3 2097152
139455.3 2106112
139455.4 2097152
139455.4 2106112
139455.5 2097152
139455.5 2100224
139455.6 2097152
139455.6 2100224
139455.6 2097152
139455.7 2109696
139455.7 2097152
139455.8 2109696
139455.8 2097152
139455.8 2101056
139455.9 2097152
139455.9 2101056
139455.9 2097152
139456.0 2098368
139456.0 2097152
139456.1 2098368
139456.1 2097152
139456.1 2099520
139456.2 2097152
139456.2 2099520
139456.2 2097152
139456.3 2138368
139456.3 2097152
139456.4 2138368
139456.4 2097152
139456.5 2106624
139456.5 2097152
139456.6 2106624
139456.6 2097152
139456.7 2100032
139456.7 2097152
139456.8 2100032
139456.8 2097152
139456.9 2108288
139456.9 2097152
139456.9 2108288
139457.0 2097152
139457.2 2099840
139457.3 2097152
139457.4 2099840
139457.5 2097152
139457.5 2100032
139457.5 2097152
139457.6 2100032
139457.6 2097152
139457.7 2528256
139458.1 2097152
139458.2 2528256
139458.6 2097152
139458.7 2200064
139458.8 2097152
139458.9 2200064
139459.0 2097152
139459.0 2122496
139459.1 2097152
139459.2 2122496
139459.2 2097152
139459.3 2104320
139459.3 2097152
139459.4 2104320
139459.5 2097152
139459.5 2099520
139459.6 2097152
139459.6 2099520
139459.7 2097152
139459.7 2102656
139459.8 2097152
139459.8 2102656
139459.8 2097152
139459.8 2123264
139459.9 2097152
139459.9 2123264
139460.0 2097152
139460.0 2101760
139460.0 2097152
139460.0 2101760
139460.1 2097152
139460.1 2105600
139460.1 2097152
139460.1 2105600
139460.2 2097152
139460.2 2099648
139460.2 2097152
139460.3 2099648
139460.3 2097152
139460.3 2209792
139460.4 2097152
139460.4 2209792
139460.6 2097152
139460.6 2125568
139460.7 2097152
139460.8 2125568
139460.8 2097152
139460.9 2105472
139460.9 2097152
139461.0 2105472
139461.2 2097152
139461.3 2099392
139461.3 2097152
139461.4 2099392
139461.4 2097152
139461.5 2103040
139461.6 2097152
139461.6 2103040
139461.7 2097152
139461.7 2125056
139461.8 2097152
139461.9 2125056
139461.9 2097152
139462.0 2100608
139462.0 2097152
139462.0 2100608
139462.1 2097152
139462.1 2107648
139462.2 2097152
139462.2 2107648
139462.3 2097152
139462.5 2100416
139462.5 2097152
139462.6 2100416
139462.6 2097152
139462.6 2098240
139462.7 2097152
139462.8 2098240
139462.9 2097152
139463.0 67108864
139965.2 2097152
139965.4 67108864
140462.1 2097152
140462.3 67108864
140597.7 2097152
140597.8 67108864
140782.2 2097152
140782.3 35504128
140822.1 2097152
140822.2 35504128
140870.0 2097152
140870.1 10293248
140880.3 2097152
140880.4 10293248
140891.1 2097152
140891.2 4231168
140894.0 2097152
140894.1 4231168
140897.1 2097152
140897.2 2597888
140897.9 2097152
140897.9 2597888
140898.6 2097152
140898.6 2222592
140898.8 2097152
140898.8 2222592
140899.0 2097152
140899.0 2127872
140899.1 2097152
140899.1 2127872
140899.2 2097152
140899.2 2106368
140899.3 2097152
140899.3 2106368
140899.3 2097152
140899.3 2099456
140899.4 2097152
140899.4 2099456
140899.4 2097152
140899.4 2099456
140899.5 2097152
140899.5 2099456
140899.5 2097152
140899.6 2103296
140899.6 2097152
140899.6 2103296
140899.6 2097152
140899.7 2099712
140899.7 2097152
140899.7 2099712
140899.7 2097152
140899.7 2129152
140899.8 2097152
140899.8 2129152
140899.9 2097152
140899.9 2103680
140899.9 2097152
140900.0 2103680
140900.0 2097152
140900.0 2106624
140900.1 2097152
140900.1 2106624
140900.1 2097152
140900.1 2100608
140900.2 2097152
140900.2 2100608
140900.2 2097152
140900.3 2222080
140900.4 2097152
140900.5 2222080
140900.6 2097152
140900.6 2128896
140900.7 2097152
140900.7 2128896
140900.8 2097152
140900.8 2103552
140900.9 2097152
140900.9 2103552
140900.9 2097152
140900.9 2099584
140901.0 2097152
140901.0 2099584
140901.0 2097152
140901.1 2106624
140901.1 2097152
140901.2 2106624
140901.2 2097152
140901.2 2099904
140901.3 2097152
140901.3 2099904
140901.3 2097152
140901.4 2127872
140901.4 2097152
140901.5 2127872
140901.5 2097152
140901.6 2108928
140901.6 2097152
140901.6 2108928
140901.7 2097152
140901.7 2100544
140901.7 2097152
140901.7 2100544
140901.8 2097152
140901.8 2098272
140901.8 2097152
140901.8 2098272
140901.9 2097152
140901.9 2099648
140901.9 2097152
140901.9 2099648
140901.9 2097152
140902.0 2100736
140902.0 2097152
140902.1 2100736
140902.1 2097152
140902.1 2663424
140902.9 2097152
140902.9 2663424
140903.7 2097152
140903.8 2247680
140904.0 2097152
140904.0 2247680
140904.2 2097152
140904.2 2124800
140904.3 2097152
140904.3 2124800
140904.4 2097152
140904.4 2100992
140904.4 2097152
140904.4 2100992
140904.4 2097152
140904.5 2107136
140904.5 2097152
140904.6 2107136
140904.6 2097152
140904.6 2099264
140904.6 2097152
140904.7 2099264
140904.7 2097152
140904.7 2100032
140904.7 2097152
140904.8 2100032
140904.8 2097152
140904.8 2098464
140904.8 2097152
140904.8 2098464
140904.9 2097152
140904.9 2144768
140905.0 2097152
140905.0 2144768
140905.0 2097152
140905.1 2108544
140905.1 2097152
140905.1 2108544
140905.2 2097152
140905.2 2099712
140905.2 2097152
140905.3 2099712
140905.3 2097152
140905.3 2100288
140905.3 2097152
140905.3 2100288
140905.4 2097152
140905.4 2109568
140905.4 2097152
140905.4 2109568
140905.5 2097152
140905.5 2102208
140905.5 2097152
140905.5 2102208
140905.6 2097152
140905.6 2098720
140905.6 2097152
140905.6 2098720
140905.6 2097152
140905.7 2097824
140905.7 2097152
140905.7 2097824
140905.7 2097152
140905.8 2097416
140905.8 2097152
140905.8 2097416
140905.8 2097152
140905.9 2229760
140906.0 2097152
140906.0 2229760
140906.2 2097152
140906.3 2137600
140906.3 2097152
140906.4 2137600
140906.4 2097152
140906.4 2105984
140906.5 2097152
140906.5 2105984
140906.5 2097152
140906.5 2099840
140906.5 2097152
140906.6 2099840
140906.6 2097152
140906.6 2108544
140906.7 2097152
140906.7 2108544
140906.7 2097152
140906.7 2099840
140906.8 2097152
140906.8 2099840
140906.8 2097152
140906.8 2100160
140906.9 2097152
140906.9 2100160
140906.9 2097152
140906.9 2123008
140907.0 2097152
140907.0 2123008
140907.0 2097152
140907.1 2104448
140907.1 2097152
140907.1 2104448
140907.1 2097152
140907.2 2099264
140907.2 2097152
140907.2 2099264
140907.3 2097152
140907.3 2102784
140907.3 2097152
140907.3 2102784
140907.4 2097152
140907.4 4061184
140910.0 2097152
140910.0 4061184
140912.4 2097152
140912.5 2531328
140913.1 2097152
140913.1 2531328
140913.6 2097152
140913.7 2184192
140913.8 2097152
140913.8 2184192
140913.9 2097152
140914.0 2122752
140914.0 2097152
140914.1 2122752
140914.1 2097152
140914.1 2102272
140914.2 2097152
140914.2 2102272
140914.2 2097152
140914.2 2104832
140914.3 2097152
140914.3 2104832
140914.3 2097152
140914.3 2099392
140914.4 2097152
140914.4 2099392
140914.4 2097152
140914.4 2115072
140914.5 2097152
140914.5 2115072
140914.5 2097152
140914.6 2102400
140914.6 2097152
140914.6 2102400
140914.6 2097152
140914.7 2100864
140914.7 2097152
140914.7 2100864
140914.7 2097152
140914.7 2227200
140914.9 2097152
140914.9 2227200
140915.1 2097152
140915.1 2129664
140915.2 2097152
140915.2 2129664
140915.3 2097152
140915.3 2105344
140915.3 2097152
140915.4 2105344
140915.4 2097152
140915.4 2099584
140915.5 2097152
140915.5 2099584
140915.5 2097152
140915.5 2105216
140915.6 2097152
140915.6 2105216
140915.7 2097152
140915.7 2099520
140915.7 2097152
140915.7 2099520
140915.8 2097152
140915.8 2129664
140915.9 2097152
140915.9 2129664
140916.0 2097152
140916.0 2105856
140916.0 2097152
140916.1 2105856
140916.1 2097152
140916.1 2099712
140916.2 2097152
140916.2 2099712
140916.2 2097152
140916.2 2104704
140916.3 2097152
140916.3 2104704
140916.3 2097152
140916.4 2099840
140916.4 2097152
140916.4 2099840
140916.4 2097152
140916.5 2644992
140917.1 2097152
140917.1 2644992
140917.8 2097152
140917.9 2244608
140918.1 2097152
140918.1 2244608
140918.3 2097152
140918.4 2138880
140918.4 2097152
140918.4 2138880
140918.5 2097152
140918.5 2107520
140918.6 2097152
140918.6 2107520
140918.6 2097152
140918.7 2100544
140918.7 2097152
140918.7 2100544
140918.7 2097152
140918.8 2098528
140918.8 2097152
140918.8 2098528
140918.8 2097152
140918.9 2107648
140919.0 2097152
140919.0 2107648
140919.0 2097152
140919.1 2099840
140919.1 2097152
140919.1 2099840
140919.1 2097152
140919.2 2099712
140919.2 2097152
140919.2 2099712
140919.2 2097152
140919.3 2129152
140919.3 2097152
140919.3 2129152
140919.4 2097152
140919.4 2105088
140919.4 2097152
140919.5 2105088
140919.5 2097152
140919.5 2099776
140919.6 2097152
140919.6 2099776
140919.6 2097152
140919.6 2105216
140919.7 2097152
140919.7 2105216
140919.7 2097152
140919.7 2099456
140919.7 2097152
140919.8 2099456
140919.8 2097152
140919.8 2223616
140920.0 2097152
140920.0 2223616
140920.2 2097152
140920.2 2138368
140920.3 2097152
140920.3 2138368
140920.4 2097152
140920.4 2108416
140920.5 2097152
140920.5 2108416
140920.5 2097152
140920.5 2099968
140920.6 2097152
140920.6 2099968
140920.6 2097152
140920.6 2099968
140920.7 2097152
140920.7 2099968
140920.7 2097152
140920.7 2098272
140920.8 2097152
140920.8 2098272
140920.8 2097152
140920.8 2106496
140920.9 2097152
140920.9 2106496
140920.9 2097152
140920.9 2099264
140921.0 2097152
140921.0 2099264
140921.0 2097152
140921.0 2099712
140921.1 2097152
140921.1 2099712
140921.1 2097152
140921.1 2119168
140921.2 2097152
140921.2 2119168
140921.3 2097152
140921.3 2105728
140921.3 2097152
140921.3 2105728
140921.4 2097152
140921.4 2099776
140921.4 2097152
140921.5 2099776
140921.5 2097152
140921.5 2099584
140921.5 2097152
140921.6 2099584
140921.6 2097152
140921.6 10604544
140933.9 2097152
140933.9 10604544
140944.7 2097152
140944.7 4435968
140947.7 2097152
140947.8 4435968
140950.7 2097152
140950.7 2620416
140951.4 2097152
140951.4 2620416
140952.1 2097152
140952.1 2208256
140952.3 2097152
140952.3 2208256
140952.5 2097152
140952.5 2128128
140952.6 2097152
140952.6 2128128
140952.7 2097152
140952.7 2107392
140952.7 2097152
140952.7 2107392
140952.8 2097152
140952.8 2099776
140952.8 2097152
140952.8 2099776
140952.9 2097152
140952.9 2099648
140952.9 2097152
140952.9 2099648
140953.0 2097152
140953.0 2102400
140953.0 2097152
140953.0 2102400
140953.1 2097152
140953.1 2121728
140953.2 2097152
140953.2 2121728
140953.2 2097152
140953.3 2101504
140953.3 2097152
140953.3 2101504
140953.3 2097152
140953.4 2105088
140953.4 2097152
140953.4 2105088
140953.4 2097152
140953.5 2099264
140953.5 2097152
140953.5 2099264
140953.5 2097152
140953.6 2247680
140953.7 2097152
140953.8 2247680
140954.0 2097152
140954.0 2138880
140954.1 2097152
140954.1 2138880
140954.2 2097152
140954.2 2109184
140954.3 2097152
140954.3 2109184
140954.3 2097152
140954.4 2100800
140954.4 2097152
140954.4 2100800
140954.4 2097152
140954.5 2098656
140954.5 2097152
140954.5 2098656
140954.5 2097152
140954.5 2097696
140954.6 2097152
140954.6 2097696
140954.6 2097152
140954.6 2099520
140954.7 2097152
140954.7 2099520
140954.7 2097152
140954.7 2105984
140954.7 2097152
140954.8 2105984
140954.8 2097152
140954.8 2099648
140954.8 2097152
140954.9 2099648
140954.9 2097152
140954.9 2130688
140955.0 2097152
140955.0 2130688
140955.1 2097152
140955.1 2104576
140955.1 2097152
140955.1 2104576
140955.2 2097152
140955.2 2100096
140955.2 2097152
140955.2 2100096
140955.2 2097152
140955.3 2098528
140955.3 2097152
140955.3 2098528
140955.4 2097152
140955.4 2106496
140955.4 2097152
140955.4 2106496
140955.5 2097152
140955.5 2099328
140955.5 2097152
140955.6 2099328
140955.6 2097152
140955.6 2099648
140955.6 2097152
140955.6 2099648
140955.7 2097152
140955.7 2743296
140956.4 2097152
140956.4 2743296
140957.2 2097152
140957.2 2240512
140957.4 2097152
140957.4 2240512
140957.6 2097152
140957.7 2138880
140957.7 2097152
140957.7 2138880
140957.8 2097152
140957.8 2108032
140957.9 2097152
140957.9 2108032
140957.9 2097152
140957.9 2101120
140958.0 2097152
140958.0 2101120
140958.0 2097152
140958.0 2098272
140958.0 2097152
140958.1 2098272
140958.1 2097152
140958.1 2107136
140958.2 2097152
140958.2 2107136
140958.2 2097152
140958.2 2099520
140958.2 2097152
140958.3 2099520
140958.3 2097152
140958.3 2099776
140958.4 2097152
140958.4 2099776
140958.4 2097152
140958.4 2127104
140958.5 2097152
140958.5 2127104
140958.6 2097152
140958.6 2103936
140958.6 2097152
140958.6 2103936
140958.7 2097152
140958.7 2099712
140958.7 2097152
140958.7 2099712
140958.8 2097152
140958.8 2105344
140958.8 2097152
140958.8 2105344
140958.8 2097152
140958.9 2099648
140958.9 2097152
140958.9 2099648
140958.9 2097152
140959.0 2276864
140959.2 2097152
140959.2 2276864
140959.4 2097152
140959.4 2133760
140959.5 2097152
140959.5 2133760
140959.6 2097152
140959.6 2108160
140959.7 2097152
140959.7 2108160
140959.7 2097152
140959.7 2099520
140959.7 2097152
140959.8 2099520
140959.8 2097152
140959.8 2100288
140959.8 2097152
140959.8 2100288
140959.9 2097152
140959.9 2104448
140959.9 2097152
140959.9 2104448
140960.0 2097152
140960.0 2150400
140960.1 2097152
140960.1 2150400
140960.2 2097152
140960.2 2104960
140960.3 2097152
140960.3 2104960
140960.3 2097152
140960.3 2099776
140960.4 2097152
140960.4 2099776
140960.4 2097152
140960.4 2115968
140960.5 2097152
140960.5 2115968
140960.5 2097152
140960.6 2099648
140960.6 2097152
140960.6 2099648
140960.6 2097152
140960.6 2104064
140960.7 2097152
140960.7 2104064
140960.7 2097152
140960.7 2098944
140960.8 2097152
140960.8 2098944
140960.8 2097152
140960.8 2097696
140960.8 2097152
140960.9 2097696
140960.9 2097152
140960.9 2098816
140960.9 2097152
140961.0 2098816
140961.0 2097152
140961.1 2097840
140961.1 2097152
140961.1 2097840
140961.2 2097152
140961.2 4012032
140961.9 2097152
140961.9 4012032
140962.6 2097152
140962.7 2631680
140962.9 2097152
140962.9 2631680
140963.2 2097152
140963.2 2241536
140963.3 2097152
140963.3 2241536
140963.4 2097152
140963.4 2142464
140963.5 2097152
140963.5 2142464
140963.6 2097152
140963.6 2109696
140963.6 2097152
140963.7 2109696
140963.7 2097152
140963.7 2101056
140963.8 2097152
140963.8 2101056
140963.9 2097152
140963.9 2098464
140963.9 2097152
140963.9 2098464
140964.0 2097152
140964.0 2099520
140964.1 2097152
140964.1 2099520
140964.1 2097152
140964.2 2107264
140964.2 2097152
140964.2 2107264
140964.3 2097152
140964.3 2099392
140964.3 2097152
140964.4 2099392
140964.4 2097152
140964.4 2099968
140964.5 2097152
140964.5 2099968
140964.5 2097152
140964.6 2098240
140964.6 2097152
140964.6 2098240
140964.7 2097152
140964.7 2124032
140964.8 2097152
140964.8 2124032
140964.8 2097152
140964.9 2105600
140964.9 2097152
140964.9 2105600
140965.0 2097152
140965.0 2099968
140965.0 2097152
140965.1 2099968
140965.1 2097152
140965.1 2098272
140965.2 2097152
140965.2 2098272
140965.2 2097152
140965.3 2102144
140965.3 2097152
140965.4 2102144
140965.5 2097152
140965.5 2220032
140965.6 2097152
140965.6 2220032
140965.7 2097152
140965.8 2129920
140965.8 2097152
140965.8 2129920
140965.9 2097152
140965.9 2107264
140966.0 2097152
140966.0 2107264
140966.0 2097152
140966.1 2100352
140966.1 2097152
140966.1 2100352
140966.2 2097152
140966.2 2098208
140966.2 2097152
140966.3 2098208
140966.3 2097152
140966.3 2103424
140966.4 2097152
140966.4 2103424
140966.4 2097152
140966.5 2125824
140966.5 2097152
140966.5 2125824
140966.6 2097152
140966.6 2103296
140966.6 2097152
140966.7 2103296
140966.7 2097152
140966.7 2105344
140966.8 2097152
140966.8 2105344
140966.9 2097152
140966.9 2099776
140966.9 2097152
140967.0 2099776
140967.0 2097152
140967.0 2520064
140967.2 2097152
140967.3 2520064
140967.4 2097152
140967.5 2206720
140967.5 2097152
140967.6 2206720
140967.7 2097152
140967.7 2127616
140967.7 2097152
140967.8 2127616
140967.8 2097152
140967.8 2104704
140967.9 2097152
140967.9 2104704
140968.0 2097152
140968.0 2099264
140968.0 2097152
140968.1 2099264
140968.1 2097152
140968.1 2104832
140968.2 2097152
140968.2 2104832
140968.2 2097152
140968.3 2099264
140968.3 2097152
140968.3 2099264
140968.4 2097152
140968.4 2121472
140968.5 2097152
140968.5 2121472
140968.5 2097152
140968.6 2100864
140968.6 2097152
140968.6 2100864
140968.7 2097152
140968.7 2105600
140968.8 2097152
140968.8 2105600
140968.8 2097152
140968.9 2100352
140968.9 2097152
140968.9 2100352
140969.0 2097152
140969.0 2199040
140969.1 2097152
140969.1 2199040
140969.2 2097152
140969.2 2120192
140969.3 2097152
140969.3 2120192
140969.3 2097152
140969.4 2104832
140969.4 2097152
140969.4 2104832
140969.5 2097152
140969.5 2099648
140969.5 2097152
140969.6 2099648
140969.6 2097152
140969.6 2100992
140969.6 2097152
140969.7 2100992
140969.7 2097152
140969.8 2125056
140969.8 2097152
140969.8 2125056
140969.9 2097152
140969.9 2104192
140969.9 2097152
140970.0 2104192
140970.0 2097152
140970.0 2099456
140970.1 2097152
140970.1 2099456
140970.2 2097152
140970.2 2104064
140970.2 2097152
140970.3 2104064
140970.3 2097152
140970.3 2099520
140970.4 2097152
140970.4 2099520
140970.4 2097152
140970.5 36634624
140983.2 2097152
140983.2 36634624
140994.7 2097152
140994.8 11091968
140997.6 2097152
140997.6 11091968
141000.4 2097152
141000.4 4323328
141001.1 2097152
141001.1 4323328
141001.8 2097152
141001.8 2756608
141002.1 2097152
141002.1 2756608
141002.3 2097152
141002.3 2225152
141002.4 2097152
141002.5 2225152
141002.5 2097152
141002.6 2129152
141002.6 2097152
141002.6 2129152
141002.7 2097152
141002.7 2106240
141002.7 2097152
141002.8 2106240
141002.8 2097152
141002.8 2099520
141002.8 2097152
141002.9 2099520
141002.9 2097152
141002.9 2099328
141003.0 2097152
141003.0 2099328
141003.0 2097152
141003.1 2104064
141003.1 2097152
141003.1 2104064
141003.1 2097152
141003.2 2099840
141003.2 2097152
141003.2 2099840
141003.3 2097152
141003.3 2129152
141003.3 2097152
141003.4 2129152
141003.4 2097152
141003.4 2103936
141003.5 2097152
141003.5 2103936
141003.5 2097152
141003.6 2099392
141003.6 2097152
141003.6 2099392
141003.7 2097152
141003.7 2106368
141003.7 2097152
141003.8 2106368
141003.8 2097152
141003.8 2099328
141003.8 2097152
141003.9 2099328
141003.9 2097152
141003.9 2099584
141004.0 2097152
141004.0 2099584
141004.0 2097152
141004.1 2298880
141004.2 2097152
141004.2 2298880
141004.3 2097152
141004.3 2143488
141004.4 2097152
141004.4 2143488
141004.4 2097152
141004.5 2110592
141004.5 2097152
141004.5 2110592
141004.6 2097152
141004.6 2100032
141004.6 2097152
141004.7 2100032
141004.7 2097152
141004.7 2098432
141004.8 2097152
141004.8 2098432
141004.8 2097152
141004.8 2100992
141004.9 2097152
141004.9 2100992
141004.9 2097152
141005.0 2098368
141005.0 2097152
141005.0 2098368
141005.1 2097152
141005.1 2106880
141005.1 2097152
141005.2 2106880
141005.2 2097152
141005.2 2099968
141005.2 2097152
141005.3 2099968
141005.3 2097152
141005.3 2151680
141005.4 2097152
141005.4 2151680
141005.5 2097152
141005.5 2115840
141005.5 2097152
141005.6 2115840
141005.6 2097152
141005.6 2103488
141005.7 2097152
141005.7 2103488
141005.7 2097152
141005.7 2098912
141005.8 2097152
141005.8 2098912
141005.8 2097152
141005.9 2097840
141005.9 2097152
141005.9 2097840
141005.9 2097152
141006.0 2098560
141006.0 2097152
141006.0 2098560
141006.1 2097152
141006.1 2100160
141006.1 2097152
141006.2 2100160
141006.2 2097152
141006.2 2105728
141006.3 2097152
141006.3 2105728
141006.3 2097152
141006.3 2099840
141006.4 2097152
141006.4 2099840
141006.4 2097152
141006.5 2550784
141006.6 2097152
141006.7 2550784
141006.8 2097152
141006.9 2237440
141006.9 2097152
141007.0 2237440
141007.0 2097152
141007.1 2127616
141007.1 2097152
141007.1 2127616
141007.2 2097152
141007.2 2105088
141007.2 2097152
141007.3 2105088
141007.3 2097152
141007.3 2100416
141007.4 2097152
141007.4 2100416
141007.4 2097152
141007.5 2098336
141007.5 2097152
141007.5 2098336
141007.5 2097152
141007.6 2104448
141007.6 2097152
141007.6 2104448
141007.7 2097152
141007.7 2099328
141007.7 2097152
141007.8 2099328
141007.8 2097152
141007.8 2136832
141007.9 2097152
141007.9 2136832
141007.9 2097152
141008.0 2107904
141008.0 2097152
141008.0 2107904
141008.1 2097152
141008.1 2100992
141008.1 2097152
141008.2 2100992
141008.2 2097152
141008.2 2098336
141008.3 2097152
141008.3 2098336
141008.3 2097152
141008.4 2106240
141008.4 2097152
141008.4 2106240
141008.4 2097152
141008.5 2100032
141008.5 2097152
141008.5 2100032
141008.6 2097152
141008.6 2183680
141008.7 2097152
141008.7 2183680
141008.8 2097152
141008.8 2122240
141008.8 2097152
141008.9 2122240
141008.9 2097152
141008.9 2106496
141009.0 2097152
141009.0 2106496
141009.0 2097152
141009.1 2099264
141009.1 2097152
141009.1 2099264
141009.2 2097152
141009.2 2099712
141009.2 2097152
141009.3 2099712
141009.3 2097152
141009.3 2100352
141009.3 2097152
141009.4 2100352
141009.4 2097152
141009.4 2115328
141009.5 2097152
141009.5 2115328
141009.5 2097152
141009.6 2103424
141009.6 2097152
141009.6 2103424
141009.7 2097152
141009.7 2099968
141009.7 2097152
141009.8 2099968
141009.8 2097152
141009.8 4368384
141010.5 2097152
141010.6 4368384
141011.3 2097152
141011.3 2736128
141011.5 2097152
141011.5 2736128
141011.8 2097152
141011.8 2279424
141011.9 2097152
141011.9 2279424
141012.0 2097152
141012.0 2144256
141012.1 2097152
141012.1 2144256
141012.1 2097152
141012.2 2107392
141012.2 2097152
141012.2 2107392
141012.3 2097152
141012.3 2100672
141012.3 2097152
141012.4 2100672
141012.4 2097152
141012.4 2098272
141012.5 2097152
141012.5 2098272
141012.5 2097152
141012.6 2110464
141012.6 2097152
141012.6 2110464
141012.7 2097152
141012.7 2100416
141012.7 2097152
141012.8 2100416
141012.8 2097152
141012.8 2100544
141012.9 2097152
141012.9 2100544
141012.9 2097152
141012.9 2098368
141013.0 2097152
141013.0 2098368
141013.0 2097152
141013.1 2141184
141013.1 2097152
141013.2 2141184
141013.2 2097152
141013.2 2105984
141013.3 2097152
141013.3 2105984
141013.3 2097152
141013.4 2099584
141013.4 2097152
141013.4 2099584
141013.4 2097152
141013.5 2110336
141013.5 2097152
141013.5 2110336
141013.6 2097152
141013.6 2099776
141013.6 2097152
141013.7 2099776
141013.7 2097152
141013.7 2101120
141013.8 2097152
141013.8 2101120
141014.0 2097152
141014.0 2098304
141014.1 2097152
141014.1 2098304
141014.2 2097152
141014.3 2234368
141014.4 2097152
141014.5 2234368
141014.6 2097152
141014.7 2135040
141014.7 2097152
141014.8 2135040
141014.8 2097152
141014.9 2107648
141014.9 2097152
141014.9 2107648
141015.0 2097152
141015.0 2099392
141015.0 2097152
141015.1 2099392
141015.1 2097152
141015.1 2100160
141015.2 2097152
141015.2 2100160
141015.2 2097152
141015.3 2105600
141015.3 2097152
141015.3 2105600
141015.4 2097152
141015.4 2099328
141015.4 2097152
141015.5 2099328
141015.5 2097152
141015.5 2127872
141015.6 2097152
141015.6 2127872
141015.7 2097152
141015.7 2105856
141015.7 2097152
141015.8 2105856
141015.8 2097152
141015.8 2099456
141015.9 2097152
141015.9 2099456
141015.9 2097152
141016.0 2103808
141016.0 2097152
141016.0 2103808
141016.1 2097152
141016.1 2099392
141016.2 2097152
141016.2 2099392
141016.2 2097152
141016.3 2593792
141016.4 2097152
141016.5 2593792
141016.7 2097152
141016.7 2254848
141016.8 2097152
141016.8 2254848
141016.9 2097152
141016.9 2148096
141017.0 2097152
141017.0 2148096
141017.1 2097152
141017.1 2113792
141017.1 2097152
141017.2 2113792
141017.2 2097152
141017.2 2100288
141017.3 2097152
141017.3 2100288
141017.3 2097152
141017.4 2098464
141017.4 2097152
141017.4 2098464
141017.5 2097152
141017.5 2097680
141017.5 2097152
141017.6 2097680
141017.6 2097152
141017.7 2102336
141017.7 2097152
141017.7 2102336
141017.8 2097152
141017.8 2098432
141017.9 2097152
141017.9 2098432
141017.9 2097152
141018.0 2098464
141018.0 2097152
141018.0 2098464
141018.1 2097152
141018.1 2105984
141018.1 2097152
141018.2 2105984
141018.2 2097152
141018.2 2099776
141018.3 2097152
141018.3 2099776
141018.3 2097152
141018.4 2125056
141018.4 2097152
141018.5 2125056
141018.5 2097152
141018.5 2102912
141018.6 2097152
141018.6 2102912
141018.6 2097152
141018.7 2105344
141018.7 2097152
141018.7 2105344
141018.8 2097152
141018.8 2099456
141018.8 2097152
141018.9 2099456
141018.9 2097152
141018.9 2098208
141019.0 2097152
141019.0 2098208
141019.0 2097152
141019.1 2187776
141019.2 2097152
141019.2 2187776
141019.3 2097152
141019.3 2125568
141019.4 2097152
141019.4 2125568
141019.5 2097152
141019.5 2106624
141019.5 2097152
141019.6 2106624
141019.6 2097152
141019.6 2100096
141019.7 2097152
141019.7 2100096
141019.7 2097152
141019.8 2101888
141019.8 2097152
141019.9 2101888
141019.9 2097152
141019.9 2114048
141020.0 2097152
141020.0 2114048
141020.1 2097152
141020.1 2102400
141020.1 2097152
141020.2 2102400
141020.2 2097152
141020.3 2100352
141020.3 2097152
141020.3 2100352
141020.4 2097152
141020.4 10371072
141023.0 2097152
141023.0 10371072
141025.6 2097152
141025.6 4122624
141026.2 2097152
141026.3 4122624
141026.9 2097152
141026.9 2657280
141027.2 2097152
141027.2 2657280
141027.4 2097152
141027.5 2242048
141027.5 2097152
141027.6 2242048
141027.7 2097152
141027.7 2136832
141027.7 2097152
141027.8 2136832
141027.8 2097152
141027.8 2105856
141027.9 2097152
141027.9 2105856
141028.0 2097152
141028.0 2099840
141028.0 2097152
141028.1 2099840
141028.1 2097152
141028.1 2108288
141028.2 2097152
141028.2 2108288
141028.2 2097152
141028.3 2100928
141028.3 2097152
141028.3 2100928
141028.4 2097152
141028.4 2098400
141028.4 2097152
141028.5 2098400
141028.5 2097152
141028.5 2129920
141028.6 2097152
141028.6 2129920
141028.7 2097152
141028.7 2105600
141028.8 2097152
141028.8 2105600
141028.9 2097152
141028.9 2100096
141028.9 2097152
141029.0 2100096
141029.0 2097152
141029.0 2098432
141029.1 2097152
141029.1 2098432
141029.1 2097152
141029.2 2105088
141029.2 2097152
141029.2 2105088
141029.3 2097152
141029.3 2099328
141029.3 2097152
141029.4 2099328
141029.4 2097152
141029.4 2232320
141029.5 2097152
141029.6 2232320
141029.6 2097152
141029.7 2129152
141029.7 2097152
141029.7 2129152
141029.8 2097152
141029.8 2108672
141029.9 2097152
141029.9 2108672
141029.9 2097152
141030.0 2099520
141030.0 2097152
141030.0 2099520
141030.1 2097152
141030.1 2100544
141030.1 2097152
141030.2 2100544
141030.2 2097152
141030.3 2101632
141030.3 2097152
141030.3 2101632
141030.4 2097152
141030.4 2132736
141030.4 2097152
141030.5 2132736
141030.5 2097152
141030.6 2105216
141030.6 2097152
141030.6 2105216
141030.7 2097152
141030.7 2100544
141030.7 2097152
141030.8 2100544
141030.8 2097152
141030.8 2098208
141030.9 2097152
141030.9 2098208
141030.9 2097152
141031.0 2106880
141031.0 2097152
141031.0 2106880
141031.1 2097152
141031.1 2100096
141031.2 2097152
141031.2 2100096
141031.2 2097152
141031.2 2098336
141031.3 2097152
141031.3 2098336
141031.3 2097152
141031.4 2549760
141031.5 2097152
141031.6 2549760
141031.7 2097152
141031.8 2212864
141031.9 2097152
141031.9 2212864
141032.0 2097152
141032.0 2133504
141032.0 2097152
141032.1 2133504
141032.1 2097152
141032.2 2110336
141032.2 2097152
141032.2 2110336
141032.3 2097152
141032.3 2100352
141032.3 2097152
141032.4 2100352
141032.4 2097152
141032.4 2100544
141032.5 2097152
141032.5 2100544
141032.5 2097152
141032.6 2098496
141032.6 2097152
141032.6 2098496
141032.7 2097152
141032.7 2097792
141032.7 2097152
141032.8 2097792
141032.8 2097152
141032.8 2097416
141032.9 2097152
141032.9 2097416
141032.9 2097152
141033.0 2102144
141033.0 2097152
141033.0 2102144
141033.1 2097152
141033.1 2118656
141033.1 2097152
141033.2 2118656
141033.2 2097152
141033.3 2101120
141033.3 2097152
141033.3 2101120
141033.4 2097152
141033.4 2103936
141033.4 2097152
141033.5 2103936
141033.5 2097152
141033.5 2099584
141033.6 2097152
141033.6 2099584
141033.7 2097152
141033.7 2207744
141033.8 2097152
141033.8 2207744
141033.9 2097152
141033.9 2125312
141033.9 2097152
141034.0 2125312
141034.0 2097152
141034.1 2102016
141034.1 2097152
141034.1 2102016
141034.2 2097152
141034.2 2106368
141034.2 2097152
141034.3 2106368
141034.3 2097152
141034.3 2099520
141034.4 2097152
141034.4 2099520
141034.4 2097152
141034.5 2099392
141034.5 2097152
141034.5 2099392
141034.6 2097152
141034.6 2124288
141034.6 2097152
141034.7 2124288
141034.7 2097152
141034.8 2102272
141034.8 2097152
141034.8 2102272
141034.9 2097152
141034.9 2105600
141034.9 2097152
141035.0 2105600
141035.0 2097152
141035.0 2099520
141035.1 2097152
141035.1 2099520
141035.1 2097152
141035.2 4208640
141035.8 2097152
141035.9 4208640
141036.5 2097152
141036.5 2691072
141036.7 2097152
141036.8 2691072
141037.0 2097152
141037.0 2228736
141037.1 2097152
141037.1 2228736
141037.2 2097152
141037.3 2120192
141037.3 2097152
141037.3 2120192
141037.4 2097152
141037.4 2102528
141037.4 2097152
141037.5 2102528
141037.5 2097152
141037.6 2103296
141037.6 2097152
141037.6 2103296
141037.7 2097152
141037.7 2099392
141037.7 2097152
141037.8 2099392
141037.8 2097152
141037.9 2139904
141037.9 2097152
141037.9 2139904
141038.0 2097152
141038.0 2105728
141038.1 2097152
141038.1 2105728
141038.1 2097152
141038.2 2100224
141038.2 2097152
141038.2 2100224
141038.3 2097152
141038.3 2098240
141038.3 2097152
141038.4 2098240
141038.4 2097152
141038.5 2109952
141038.5 2097152
141038.5 2109952
141038.6 2097152
141038.6 2099584
141038.6 2097152
141038.7 2099584
141038.7 2097152
141038.7 2101120
141038.8 2097152
141038.8 2101120
141038.8 2097152
141038.9 2098496
141038.9 2097152
141039.0 2098496
141039.0 2097152
141039.0 2262528
141039.1 2097152
141039.2 2262528
141039.2 2097152
141039.3 2142464
141039.3 2097152
141039.4 2142464
141039.4 2097152
141039.5 2106624
141039.5 2097152
141039.5 2106624
141039.6 2097152
141039.6 2099904
141039.6 2097152
141039.7 2099904
141039.7 2097152
141039.7 2110336
141039.8 2097152
141039.8 2110336
141039.9 2097152
141039.9 2100288
141039.9 2097152
141040.0 2100288
141040.0 2097152
141040.0 2100608
141040.1 2097152
141040.1 2100608
141040.2 2097152
141040.2 2134528
141040.2 2097152
141040.3 2134528
141040.3 2097152
141040.4 2107008
141040.4 2097152
141040.4 2107008
141040.5 2097152
141040.5 2099648
141040.5 2097152
141040.6 2099648
141040.6 2097152
141040.6 2099584
141040.7 2097152
141040.7 2099584
141040.7 2097152
141040.8 2098208
141040.8 2097152
141040.8 2098208
141040.9 2097152
141040.9 2105984
141040.9 2097152
141041.0 2105984
141041.0 2097152
141041.0 2100032
141041.1 2097152
141041.1 2100032
141041.2 2097152
141041.2 2558976
141041.4 2097152
141041.4 2558976
141041.6 2097152
141041.6 2188800
141041.6 2097152
141041.7 2188800
141041.7 2097152
141041.8 2120704
141041.8 2097152
141041.8 2120704
141041.9 2097152
141041.9 2102784
141041.9 2097152
141042.0 2102784
141042.0 2097152
141042.0 2103296
141042.1 2097152
141042.1 2103296
141042.1 2097152
141042.2 2119424
141042.2 2097152
141042.3 2119424
141042.3 2097152
141042.3 2102144
141042.4 2097152
141042.4 2102144
141042.4 2097152
141042.5 2103296
141042.5 2097152
141042.5 2103296
141042.5 2097152
141042.6 2099328
141042.6 2097152
141042.6 2099328
141042.7 2097152
141042.7 2236416
141042.8 2097152
141042.8 2236416
141042.9 2097152
141042.9 2135552
141043.0 2097152
141043.0 2135552
141043.0 2097152
141043.1 2105088
141043.1 2097152
141043.1 2105088
141043.2 2097152
141043.2 2100480
141043.2 2097152
141043.3 2100480
141043.3 2097152
141043.3 2108416
141043.4 2097152
141043.4 2108416
141043.4 2097152
141043.5 2100480
141043.5 2097152
141043.5 2100480
141043.6 2097152
141043.6 2099456
141043.6 2097152
141043.7 2099456
141043.7 2097152
141043.7 2128384
141043.8 2097152
141043.8 2128384
141043.8 2097152
141043.9 2108160
141043.9 2097152
141043.9 2108160
141044.0 2097152
141044.0 2100352
141044.0 2097152
141044.1 2100352
141044.1 2097152
141044.1 2099456
141044.2 2097152
141044.2 2099456
141044.2 2097152
141044.3 2101760
141044.3 2097152
141044.3 2101760
141044.4 2097152
141044.4 67108864
141087.7 2097152
141087.8 67108864
141245.5 2097152
141245.6 31309824
141280.0 2097152
141280.0 31309824
141313.5 2097152
141313.5 8126464
141321.0 2097152
141321.0 8126464
141328.4 2097152
141328.5 3680256
141330.6 2097152
141330.6 3680256
141332.7 2097152
141332.7 2544640
141333.4 2097152
141333.4 2544640
141334.1 2097152
141334.2 2206208
141334.3 2097152
141334.4 2206208
141334.7 2097152
141334.7 2126592
141334.9 2097152
141334.9 2126592
141335.1 2097152
141335.1 2103424
141335.2 2097152
141335.2 2103424
141335.3 2097152
141335.3 2105600
141335.4 2097152
141335.4 2105600
141335.4 2097152
141335.4 2100672
141335.5 2097152
141335.5 2100672
141335.5 2097152
141335.5 2122240
141335.6 2097152
141335.6 2122240
141335.6 2097152
141335.7 2103680
141335.7 2097152
141335.7 2103680
141335.7 2097152
141335.8 2103168
141335.8 2097152
141335.8 2103168
141335.8 2097152
141335.9 2211840
141336.0 2097152
141336.1 2211840
141336.2 2097152
141336.2 2132224
141336.3 2097152
141336.3 2132224
141336.4 2097152
141336.4 2105344
141336.5 2097152
141336.5 2105344
141336.5 2097152
141336.6 2099392
141336.6 2097152
141336.6 2099392
141336.6 2097152
141336.7 2106496
141336.7 2097152
141336.7 2106496
141336.7 2097152
141336.7 2099392
141336.8 2097152
141336.8 2099392
141336.8 2097152
141336.8 2099584
141336.9 2097152
141336.9 2099584
141336.9 2097152
141336.9 2119424
141337.0 2097152
141337.0 2119424
141337.0 2097152
141337.1 2104704
141337.1 2097152
141337.1 2104704
141337.1 2097152
141337.2 2100032
141337.2 2097152
141337.2 2100032
141337.2 2097152
141337.3 2100736
141337.3 2097152
141337.3 2100736
141337.3 2097152
141337.4 2441216
141337.8 2097152
141337.8 2441216
141338.2 2097152
141338.3 2176512
141338.4 2097152
141338.4 2176512
141338.5 2097152
141338.6 2116096
141338.6 2097152
141338.6 2116096
141338.6 2097152
141338.7 2102784
141338.7 2097152
141338.7 2102784
141338.7 2097152
141338.8 2100992
141338.8 2097152
141338.8 2100992
141338.8 2097152
141338.9 2117888
141338.9 2097152
141338.9 2117888
141339.0 2097152
141339.0 2104192
141339.0 2097152
141339.1 2104192
141339.1 2097152
141339.1 2100480
141339.1 2097152
141339.2 2100480
141339.2 2097152
141339.2 2189824
141339.4 2097152
141339.4 2189824
141339.5 2097152
141339.5 2117632
141339.6 2097152
141339.6 2117632
141339.6 2097152
141339.7 2101504
141339.7 2097152
141339.7 2101504
141339.7 2097152
141339.8 2103040
141339.8 2097152
141339.8 2103040
141339.8 2097152
141339.8 2123008
141339.9 2097152
141339.9 2123008
141340.0 2097152
141340.0 2104064
141340.0 2097152
141340.1 2104064
141340.1 2097152
141340.1 2099968
141340.1 2097152
141340.2 2099968
141340.2 2097152
141340.2 2098336
141340.2 2097152
141340.3 2098336
141340.3 2097152
141340.3 2103168
141340.3 2097152
141340.3 2103168
141340.4 2097152
141340.4 2099584
141340.4 2097152
141340.4 2099584
141340.5 2097152
141340.5 3528704
141342.2 2097152
141342.2 3528704
141343.9 2097152
141343.9 2502656
141344.4 2097152
141344.4 2502656
141344.8 2097152
141344.8 2213376
141344.9 2097152
141345.0 2213376
141345.1 2097152
141345.1 2133760
141345.2 2097152
141345.2 2133760
141345.3 2097152
141345.3 2108288
141345.3 2097152
141345.3 2108288
141345.4 2097152
141345.4 2099904
141345.4 2097152
141345.4 2099904
141345.5 2097152
141345.5 2099968
141345.5 2097152
141345.5 2099968
141345.6 2097152
141345.6 2104320
141345.6 2097152
141345.6 2104320
141345.7 2097152
141345.7 2099328
141345.7 2097152
141345.7 2099328
141345.8 2097152
141345.8 2118656
141345.8 2097152
141345.9 2118656
141345.9 2097152
141345.9 2102912
141346.0 2097152
141346.0 2102912
141346.0 2097152
141346.0 2102144
141346.1 2097152
141346.1 2102144
141346.1 2097152
141346.2 2183680
141346.3 2097152
141346.3 2183680
141346.4 2097152
141346.4 2120960
141346.4 2097152
141346.4 2120960
141346.5 2097152
141346.5 2104320
141346.5 2097152
141346.5 2104320
141346.6 2097152
141346.6 2099968
141346.6 2097152
141346.7 2099968
141346.7 2097152
141346.7 2101888
141346.7 2097152
141346.8 2101888
141346.8 2097152
141346.8 2116608
141346.8 2097152
141346.9 2116608
141346.9 2097152
141346.9 2102016
141346.9 2097152
141347.0 2102016
141347.0 2097152
141347.0 2102016
141347.0 2097152
141347.0 2102016
141347.1 2097152
141347.1 2407424
141347.4 2097152
141347.4 2407424
141347.7 2097152
141347.7 2149376
141347.8 2097152
141347.8 2149376
141347.9 2097152
141347.9 2112768
141347.9 2097152
141348.0 2112768
141348.0 2097152
141348.0 2100352
141348.1 2097152
141348.1 2100352
141348.1 2097152
141348.1 2101760
141348.1 2097152
141348.2 2101760
141348.2 2097152
141348.2 2107648
141348.2 2097152
141348.3 2107648
141348.3 2097152
141348.3 2099712
141348.3 2097152
141348.3 2099712
141348.4 2097152
141348.4 2099840
141348.4 2097152
141348.5 2099840
141348.5 2097152
141348.5 2200064
141348.6 2097152
141348.7 2200064
141348.8 2097152
141348.8 2123776
141348.8 2097152
141348.9 2123776
141348.9 2097152
141348.9 2104320
141348.9 2097152
141349.0 2104320
141349.0 2097152
141349.0 2099520
141349.0 2097152
141349.1 2099520
141349.1 2097152
141349.1 2103296
141349.1 2097152
141349.2 2103296
141349.2 2097152
141349.2 2121984
141349.3 2097152
141349.3 2121984
141349.3 2097152
141349.3 2103680
141349.4 2097152
141349.4 2103680
141349.4 2097152
141349.4 2099328
141349.4 2097152
141349.5 2099328
141349.5 2097152
141349.5 2103040
141349.5 2097152
141349.6 2103040
141349.6 2097152
141349.6 10674176
141357.9 2097152
141357.9 10674176
141367.2 2097152
141367.3 4528128
141370.3 2097152
141370.4 4528128
141373.4 2097152
141373.4 2648064
141374.2 2097152
141374.3 2648064
141375.0 2097152
141375.1 2215936
141375.3 2097152
141375.4 2215936
141375.6 2097152
141375.7 2134272
141375.8 2097152
141375.8 2134272
141375.8 2097152
141375.9 2110336
141375.9 2097152
141375.9 2110336
141376.0 2097152
141376.0 2100032
141376.0 2097152
141376.0 2100032
141376.0 2097152
141376.1 2100864
141376.1 2097152
141376.1 2100864
141376.1 2097152
141376.2 2098208
141376.2 2097152
141376.2 2098208
141376.2 2097152
141376.3 2102528
141376.3 2097152
141376.3 2102528
141376.3 2097152
141376.4 2119424
141376.4 2097152
141376.4 2119424
141376.5 2097152
141376.5 2101632
141376.5 2097152
141376.5 2101632
141376.6 2097152
141376.6 2103808
141376.6 2097152
141376.6 2103808
141376.7 2097152
141376.7 2253824
141376.9 2097152
141376.9 2253824
141377.1 2097152
141377.1 2147584
141377.2 2097152
141377.3 2147584
141377.3 2097152
141377.4 2115840
141377.4 2097152
141377.4 2115840
141377.5 2097152
141377.5 2102208
141377.5 2097152
141377.6 2102208
141377.6 2097152
141377.6 2099040
141377.6 2097152
141377.6 2099040
141377.7 2097152
141377.7 2097680
141377.7 2097152
141377.7 2097680
141377.7 2097152
141377.8 2101440
141377.8 2097152
141377.8 2101440
141377.8 2097152
141377.9 2098496
141377.9 2097152
141377.9 2098496
141377.9 2097152
141377.9 2103680
141378.0 2097152
141378.0 2103680
141378.0 2097152
141378.1 2099392
141378.1 2097152
141378.1 2099392
141378.1 2097152
141378.1 2125056
141378.2 2097152
141378.2 2125056
141378.3 2097152
141378.3 2104320
141378.3 2097152
141378.3 2104320
141378.3 2097152
141378.4 2099328
141378.4 2097152
141378.4 2099328
141378.4 2097152
141378.4 2103936
141378.5 2097152
141378.5 2103936
141378.5 2097152
141378.5 2761728
141379.3 2097152
141379.3 2761728
141380.0 2097152
141380.1 2242048
141380.2 2097152
141380.2 2242048
141380.4 2097152
141380.4 2136320
141380.5 2097152
141380.5 2136320
141380.6 2097152
141380.6 2112256
141380.7 2097152
141380.7 2112256
141380.7 2097152
141380.7 2100864
141380.8 2097152
141380.8 2100864
141380.8 2097152
141380.8 2100992
141380.8 2097152
141380.9 2100992
141380.9 2097152
141380.9 2098816
141380.9 2097152
141380.9 2098816
141381.0 2097152
141381.0 2101632
141381.0 2097152
141381.0 2101632
141381.1 2097152
141381.1 2130432
141381.1 2097152
141381.2 2130432
141381.2 2097152
141381.2 2105600
141381.3 2097152
141381.3 2105600
141381.3 2097152
141381.4 2100160
141381.4 2097152
141381.4 2100160
141381.4 2097152
141381.4 2098272
141381.5 2097152
141381.5 2098272
141381.5 2097152
141381.5 2105344
141381.6 2097152
141381.6 2105344
141381.6 2097152
141381.7 2100032
141381.7 2097152
141381.7 2100032
141381.7 2097152
141381.8 2284544
141382.0 2097152
141382.0 2284544
141382.1 2097152
141382.2 2130688
141382.2 2097152
141382.2 2130688
141382.3 2097152
141382.3 2104192
141382.4 2097152
141382.4 2104192
141382.4 2097152
141382.4 2099392
141382.4 2097152
141382.5 2099392
141382.5 2097152
141382.5 2106880
141382.5 2097152
141382.5 2106880
141382.6 2097152
141382.6 2099264
141382.6 2097152
141382.6 2099264
141382.7 2097152
141382.7 2099904
141382.7 2097152
141382.7 2099904
141382.8 2097152
141382.8 2157312
141382.9 2097152
141382.9 2157312
141383.0 2097152
141383.0 2109824
141383.0 2097152
141383.0 2109824
141383.1 2097152
141383.1 2100288
141383.1 2097152
141383.1 2100288
141383.2 2097152
141383.2 2100352
141383.2 2097152
141383.3 2100352
141383.3 2097152
141383.3 2114560
141383.4 2097152
141383.4 2114560
141383.4 2097152
141383.4 2101824
141383.5 2097152
141383.5 2101824
141383.5 2097152
141383.5 2098720
141383.6 2097152
141383.6 2098720
141383.6 2097152
141383.6 2097696
141383.6 2097152
141383.7 2097696
141383.7 2097152
141383.7 2101184
141383.7 2097152
141383.7 2101184
141383.8 2097152
141383.8 2098528
141383.8 2097152
141383.8 2098528
141383.8 2097152
141383.9 3954688
141386.0 2097152
141386.0 3954688
141387.8 2097152
141387.8 2484224
141388.2 2097152
141388.2 2484224
141388.6 2097152
141388.6 2175488
141388.7 2097152
141388.8 2175488
141388.9 2097152
141388.9 2119424
141388.9 2097152
141388.9 2119424
141389.0 2097152
141389.0 2105088
141389.0 2097152
141389.1 2105088
141389.1 2097152
141389.1 2099392
141389.1 2097152
141389.1 2099392
141389.2 2097152
141389.2 2100352
141389.2 2097152
141389.2 2100352
141389.3 2097152
141389.3 2114048
141389.3 2097152
141389.3 2114048
141389.4 2097152
141389.4 2102144
141389.4 2097152
141389.5 2102144
141389.5 2097152
141389.5 2100608
141389.5 2097152
141389.5 2100608
141389.6 2097152
141389.6 2212352
141389.7 2097152
141389.7 2212352
141389.9 2097152
141389.9 2131456
141389.9 2097152
141390.0 2131456
141390.0 2097152
141390.0 2105216
141390.1 2097152
141390.1 2105216
141390.1 2097152
141390.1 2099328
141390.1 2097152
141390.2 2099328
141390.2 2097152
141390.2 2106240
141390.2 2097152
141390.2 2106240
141390.3 2097152
141390.3 2100800
141390.3 2097152
141390.3 2100800
141390.4 2097152
141390.4 2098432
141390.4 2097152
141390.4 2098432
141390.4 2097152
141390.5 2120448
141390.5 2097152
141390.5 2120448
141390.6 2097152
141390.6 2101120
141390.6 2097152
141390.6 2101120
141390.7 2097152
141390.7 2104832
141390.7 2097152
141390.7 2104832
141390.8 2097152
141390.8 2638848
141391.3 2097152
141391.4 2638848
141391.9 2097152
141391.9 2227712
141392.1 2097152
141392.1 2227712
141392.3 2097152
141392.3 2129408
141392.3 2097152
141392.3 2129408
141392.4 2097152
141392.4 2107904
141392.5 2097152
141392.5 2107904
141392.5 2097152
141392.5 2100992
141392.6 2097152
141392.6 2100992
141392.6 2097152
141392.6 2098528
141392.6 2097152
141392.7 2098528
141392.7 2097152
141392.7 2102528
141392.7 2097152
141392.7 2102528
141392.8 2097152
141392.8 2130176
141392.8 2097152
141392.8 2130176
141392.9 2097152
141392.9 2105856
141393.0 2097152
141393.0 2105856
141393.0 2097152
141393.1 2099712
141393.1 2097152
141393.1 2099712
141393.1 2097152
141393.1 2104960
141393.2 2097152
141393.2 2104960
141393.2 2097152
141393.3 2099264
141393.3 2097152
141393.3 2099264
141393.3 2097152
141393.4 2237440
141393.5 2097152
141393.6 2237440
141393.7 2097152
141393.7 2131456
141393.8 2097152
141393.8 2131456
141393.9 2097152
141393.9 2106112
141393.9 2097152
141394.0 2106112
141394.0 2097152
141394.0 2100032
141394.0 2097152
141394.1 2100032
141394.1 2097152
141394.1 2105344
141394.1 2097152
141394.2 2105344
141394.2 2097152
141394.2 2099392
141394.2 2097152
141394.3 2099392
141394.3 2097152
141394.3 2132992
141394.4 2097152
141394.4 2132992
141394.5 2097152
141394.5 2108800
141394.5 2097152
141394.5 2108800
141394.6 2097152
141394.6 2099392
141394.6 2097152
141394.7 2099392
141394.7 2097152
141394.7 2100736
141394.7 2097152
141394.8 2100736
141394.8 2097152
141394.8 2098336
141394.8 2097152
141394.9 2098336
141394.9 2097152
141394.9 2103424
141394.9 2097152
141394.9 2103424
141395.0 2097152
141395.0 2099520
141395.0 2097152
141395.0 2099520
141395.1 2097152
141395.1 36298752
141428.8 2097152
141428.9 36298752
141464.6 2097152
141464.6 10293248
141472.7 2097152
141472.8 10293248
141481.1 2097152
141481.2 4208640
141483.5 2097152
141483.5 4208640
141486.2 2097152
141486.3 2601984
141486.9 2097152
141487.0 2601984
141487.6 2097152
141487.6 2202624
141487.8 2097152
141487.8 2202624
141487.9 2097152
141488.0 2122752
141488.0 2097152
141488.0 2122752
141488.1 2097152
141488.2 2106496
141488.2 2097152
141488.2 2106496
141488.2 2097152
141488.3 2099840
141488.3 2097152
141488.3 2099840
141488.3 2097152
141488.4 2098336
141488.4 2097152
141488.4 2098336
141488.4 2097152
141488.4 2100608
141488.5 2097152
141488.5 2100608
141488.5 2097152
141488.5 2124288
141488.6 2097152
141488.6 2124288
141488.6 2097152
141488.7 2104448
141488.7 2097152
141488.7 2104448
141488.8 2097152
141488.8 2099776
141488.8 2097152
141488.8 2099776
141488.8 2097152
141488.9 2103424
141488.9 2097152
141488.9 2103424
141488.9 2097152
141489.0 2244096
141489.1 2097152
141489.1 2244096
141489.3 2097152
141489.3 2142464
141489.4 2097152
141489.4 2142464
141489.5 2097152
141489.5 2104576
141489.6 2097152
141489.6 2104576
141489.6 2097152
141489.6 2099520
141489.7 2097152
141489.7 2099520
141489.7 2097152
141489.7 2112384
141489.8 2097152
141489.8 2112384
141489.8 2097152
141489.9 2102912
141489.9 2097152
141489.9 2102912
141489.9 2097152
141489.9 2098944
141490.0 2097152
141490.0 2098944
141490.0 2097152
141490.0 2097824
141490.0 2097152
141490.1 2097824
141490.1 2097152
141490.1 2098240
141490.1 2097152
141490.2 2098240
141490.2 2097152
141490.2 2125312
141490.3 2097152
141490.3 2125312
141490.3 2097152
141490.3 2103808
141490.4 2097152
141490.4 2103808
141490.4 2097152
141490.4 2099904
141490.4 2097152
141490.5 2099904
141490.5 2097152
141490.5 2104576
141490.6 2097152
141490.6 2104576
141490.6 2097152
141490.6 2099712
141490.6 2097152
141490.7 2099712
141490.7 2097152
141490.7 2648064
141491.4 2097152
141491.4 2648064
141492.3 2097152
141492.3 2275328
141492.5 2097152
141492.5 2275328
141492.7 2097152
141492.8 2133760
141492.8 2097152
141492.9 2133760
141492.9 2097152
141492.9 2107904
141493.0 2097152
141493.0 2107904
141493.0 2097152
141493.1 2101248
141493.1 2097152
141493.1 2101248
141493.1 2097152
141493.1 2098336
141493.2 2097152
141493.2 2098336
141493.2 2097152
141493.2 2104704
141493.3 2097152
141493.3 2104704
141493.3 2097152
141493.3 2149632
141493.4 2097152
141493.4 2149632
141493.5 2097152
141493.6 2116352
141493.6 2097152
141493.6 2116352
141493.7 2097152
141493.7 2103360
141493.7 2097152
141493.7 2103360
141493.8 2097152
141493.8 2099264
141493.8 2097152
141493.8 2099264
141493.8 2097152
141493.9 2097808
141493.9 2097152
141493.9 2097808
141493.9 2097152
141494.0 2100544
141494.0 2097152
141494.0 2100544
141494.0 2097152
141494.0 2098240
141494.1 2097152
141494.1 2098240
141494.1 2097152
141494.1 2104192
141494.2 2097152
141494.2 2104192
141494.2 2097152
141494.2 2194432
141494.4 2097152
141494.4 2194432
141494.5 2097152
141494.5 2131200
141494.6 2097152
141494.6 2131200
141494.7 2097152
141494.7 2105088
141494.7 2097152
141494.8 2105088
141494.8 2097152
141494.8 2099648
141494.8 2097152
141494.9 2099648
141494.9 2097152
141494.9 2106240
141494.9 2097152
141495.0 2106240
141495.0 2097152
141495.0 2099584
141495.0 2097152
141495.0 2099584
141495.1 2097152
141495.1 2099264
141495.1 2097152
141495.2 2099264
141495.2 2097152
141495.2 2111744
141495.2 2097152
141495.3 2111744
141495.3 2097152
141495.3 2100224
141495.3 2097152
141495.4 2100224
141495.4 2097152
141495.4 2101376
141495.4 2097152
141495.5 2101376
141495.5 2097152
141495.5 4083712
141497.9 2097152
141498.0 4083712
141500.2 2097152
141500.2 2505728
141500.7 2097152
141500.7 2505728
141501.1 2097152
141501.2 2199552
141501.3 2097152
141501.3 2199552
141501.5 2097152
141501.5 2113024
141501.5 2097152
141501.6 2113024
141501.6 2097152
141501.6 2102528
141501.7 2097152
141501.7 2102528
141501.7 2097152
141501.7 2099712
141501.7 2097152
141501.8 2099712
141501.8 2097152
141501.8 2132480
141501.9 2097152
141501.9 2132480
141502.0 2097152
141502.0 2105216
141502.0 2097152
141502.0 2105216
141502.0 2097152
141502.1 2099392
141502.1 2097152
141502.1 2099392
141502.1 2097152
141502.2 2106752
141502.2 2097152
141502.2 2106752
141502.2 2097152
141502.3 2100672
141502.3 2097152
141502.3 2100672
141502.3 2097152
141502.3 2098336
141502.4 2097152
141502.4 2098336
141502.4 2097152
141502.4 2199040
141502.6 2097152
141502.6 2199040
141502.7 2097152
141502.7 2123776
141502.7 2097152
141502.8 2123776
141502.8 2097152
141502.9 2101888
141502.9 2097152
141502.9 2101888
141502.9 2097152
141503.0 2105728
141503.0 2097152
141503.0 2105728
141503.0 2097152
141503.1 2099520
141503.1 2097152
141503.1 2099520
141503.1 2097152
141503.2 2121472
141503.2 2097152
141503.2 2121472
141503.3 2097152
141503.3 2103040
141503.3 2097152
141503.3 2103040
141503.3 2097152
141503.4 2099328
141503.4 2097152
141503.4 2099328
141503.4 2097152
141503.5 2103424
141503.5 2097152
141503.5 2103424
141503.5 2097152
141503.6 2681856
141504.3 2097152
141504.3 2681856
141505.1 2097152
141505.1 2211840
141505.3 2097152
141505.3 2211840
141505.6 2097152
141505.6 2126080
141505.6 2097152
141505.6 2126080
141505.7 2097152
141505.7 2106496
141505.8 2097152
141505.8 2106496
141505.8 2097152
141505.9 2099648
141505.9 2097152
141505.9 2099648
141505.9 2097152
141506.0 2098208
141506.0 2097152
141506.0 2098208
141506.0 2097152
141506.0 2099328
141506.0 2097152
141506.1 2099328
141506.1 2097152
141506.1 2102272
141506.2 2097152
141506.2 2102272
141506.2 2097152
141506.2 2125568
141506.3 2097152
141506.3 2125568
141506.4 2097152
141506.4 2100352
141506.4 2097152
141506.4 2100352
141506.4 2097152
141506.5 2108160
141506.5 2097152
141506.5 2108160
141506.5 2097152
141506.6 2099264
141506.6 2097152
141506.6 2099264
141506.6 2097152
141506.6 2100544
141506.7 2097152
141506.7 2100544
141506.7 2097152
141506.7 2098208
141506.8 2097152
141506.8 2098208
141506.8 2097152
141506.8 2274816
141507.1 2097152
141507.1 2274816
141507.3 2097152
141507.3 2132224
141507.4 2097152
141507.4 2132224
141507.5 2097152
141507.5 2104448
141507.5 2097152
141507.5 2104448
141507.6 2097152
141507.6 2099776
141507.6 2097152
141507.6 2099776
141507.7 2097152
141507.7 2107392
141507.7 2097152
141507.7 2107392
141507.7 2097152
141507.8 2100608
141507.8 2097152
141507.8 2100608
141507.9 2097152
141507.9 2150912
141508.0 2097152
141508.0 2150912
141508.1 2097152
141508.1 2109952
141508.1 2097152
141508.2 2109952
141508.2 2097152
141508.2 2100352
141508.3 2097152
141508.3 2100352
141508.3 2097152
141508.4 2100352
141508.4 2097152
141508.4 2100352
141508.5 2097152
141508.5 2098464
141508.5 2097152
141508.5 2098464
141508.5 2097152
141508.6 2111232
141508.6 2097152
141508.6 2111232
141508.7 2097152
141508.7 2100160
141508.7 2097152
141508.7 2100160
141508.8 2097152
141508.8 2101184
141508.8 2097152
141508.8 2101184
141508.9 2097152
141508.9 2098272
141508.9 2097152
141508.9 2098272
141509.0 2097152
141509.0 11001856
141520.3 2097152
141520.3 11001856
141529.8 2097152
141529.9 4384768
141532.3 2097152
141532.3 4384768
141535.2 2097152
141535.2 2570240
141535.8 2097152
141535.8 2570240
141536.3 2097152
141536.3 2210304
141536.5 2097152
141536.6 2210304
141536.8 2097152
141536.8 2122240
141536.9 2097152
141537.0 2122240
141537.1 2097152
141537.1 2103552
141537.2 2097152
141537.2 2103552
141537.3 2097152
141537.3 2103296
141537.3 2097152
141537.3 2103296
141537.4 2097152
141537.4 2128640
141537.4 2097152
141537.4 2128640
141537.5 2097152
141537.5 2104448
141537.5 2097152
141537.6 2104448
141537.6 2097152
141537.6 2099712
141537.6 2097152
141537.6 2099712
141537.7 2097152
141537.7 2105600
141537.7 2097152
141537.7 2105600
141537.7 2097152
141537.8 2099392
141537.8 2097152
141537.8 2099392
141537.8 2097152
141537.9 2220544
141538.0 2097152
141538.0 2220544
141538.1 2097152
141538.1 2123264
141538.2 2097152
141538.2 2123264
141538.2 2097152
141538.3 2106880
141538.3 2097152
141538.3 2106880
141538.3 2097152
141538.3 2099776
141538.4 2097152
141538.4 2099776
141538.4 2097152
141538.4 2098272
141538.4 2097152
141538.5 2098272
141538.5 2097152
141538.5 2099392
141538.5 2097152
141538.5 2099392
141538.6 2097152
141538.6 2100480
141538.6 2097152
141538.6 2100480
141538.7 2097152
141538.7 2132736
141538.7 2097152
141538.8 2132736
141538.8 2097152
141538.8 2106112
141538.9 2097152
141538.9 2106112
141538.9 2097152
141538.9 2100096
141539.0 2097152
141539.0 2100096
141539.0 2097152
141539.0 2105984
141539.1 2097152
141539.1 2105984
141539.1 2097152
141539.1 2099456
141539.1 2097152
141539.2 2099456
141539.2 2097152
141539.2 2099264
141539.2 2097152
141539.3 2099264
141539.3 2097152
141539.3 2767872
141539.9 2097152
141539.9 2767872
141540.9 2097152
141540.9 2253824
141541.2 2097152
141541.3 2253824
141541.6 2097152
141541.6 2138624
141541.6 2097152
141541.7 2138624
141541.7 2097152
141541.7 2107776
141541.8 2097152
141541.8 2107776
141541.9 2097152
141541.9 2100352
141542.0 2097152
141542.0 2100352
141542.0 2097152
141542.1 2098272
141542.1 2097152
141542.2 2098272
141542.2 2097152
141542.3 2099264
141542.3 2097152
141542.3 2099264
141542.4 2097152
141542.4 2107264
141542.5 2097152
141542.5 2107264
141542.5 2097152
141542.5 2099840
141542.6 2097152
141542.6 2099840
141542.6 2097152
141542.7 2099520
141542.7 2097152
141542.7 2099520
141542.8 2097152
141542.8 2134016
141542.9 2097152
141542.9 2134016
141542.9 2097152
141543.0 2105472
141543.0 2097152
141543.0 2105472
141543.1 2097152
141543.1 2099392
141543.2 2097152
141543.2 2099392
141543.2 2097152
141543.3 2107264
141543.3 2097152
141543.3 2107264
141543.4 2097152
141543.4 2100416
141543.4 2097152
141543.5 2100416
141543.5 2097152
141543.5 2098368
141543.6 2097152
141543.6 2098368
141543.6 2097152
141543.6 2275840
141543.8 2097152
141543.8 2275840
141543.9 2097152
141544.0 2125824
141544.0 2097152
141544.1 2125824
141544.1 2097152
141544.1 2104192
141544.2 2097152
141544.2 2104192
141544.2 2097152
141544.3 2104448
141544.3 2097152
141544.3 2104448
141544.4 2097152
141544.4 2157824
141544.5 2097152
141544.5 2157824
141544.5 2097152
141544.6 2107776
141544.6 2097152
141544.6 2107776
141544.7 2097152
141544.7 2101376
141544.7 2097152
141544.8 2101376
141544.8 2097152
141544.8 2098272
141544.9 2097152
141544.9 2098272
141544.9 2097152
141544.9 2116864
141545.0 2097152
141545.0 2116864
141545.1 2097152
141545.1 2101760
141545.1 2097152
141545.2 2101760
141545.2 2097152
141545.2 2098528
141545.3 2097152
141545.3 2098528
141545.3 2097152
141545.4 2102400
141545.4 2097152
141545.4 2102400
141545.5 2097152
141545.5 2098976
141545.5 2097152
141545.6 2098976
141545.6 2097152
141545.6 2097776
141545.6 2097152
141545.7 2097776
141545.7 2097152
141545.7 4261888
141546.6 2097152
141546.6 4261888
141547.5 2097152
141547.5 2564096
141547.8 2097152
141547.9 2564096
141548.1 2097152
141548.2 2196480
141548.3 2097152
141548.3 2196480
141548.4 2097152
141548.5 2118656
141548.5 2097152
141548.6 2118656
141548.6 2097152
141548.7 2102400
141548.7 2097152
141548.7 2102400
141548.8 2097152
141548.9 2102656
141548.9 2097152
141548.9 2102656
141549.0 2097152
141549.0 2125312
141549.1 2097152
141549.1 2125312
141549.2 2097152
141549.2 2104064
141549.3 2097152
141549.3 2104064
141549.4 2097152
141549.5 2104320
141549.7 2097152
141549.8 2104320
141549.8 2097152
141549.9 2231296
141550.0 2097152
141550.0 2231296
141550.1 2097152
141550.1 2131968
141550.2 2097152
141550.3 2131968
141550.5 2097152
141550.5 2104192
141550.6 2097152
141550.6 2104192
141550.7 2097152
141550.8 2099264
141550.9 2097152
141551.2 2099264
141551.2 2097152
141551.3 2107520
141551.3 2097152
141551.4 2107520
141551.5 2097152
141551.6 2100160
141551.6 2097152
141551.6 2100160
141551.7 2097152
141551.7 2099328
141551.8 2097152
141551.8 2099328
141551.8 2097152
141551.8 2129408
141551.9 2097152
141551.9 2129408
141552.0 2097152
141552.0 2107264
141552.0 2097152
141552.1 2107264
141552.1 2097152
141552.2 2099712
141552.2 2097152
141552.2 2099712
141552.3 2097152
141552.3 2099648
141552.3 2097152
141552.4 2099648
141552.4 2097152
141552.4 2103168
141552.5 2097152
141552.5 2103168
141552.6 2097152
141552.7 2099584
141552.8 2097152
141552.8 2099584
141552.8 2097152
141552.9 2712576
141553.2 2097152
141553.2 2712576
141553.5 2097152
141553.8 2254848
141553.9 2097152
141554.0 2254848
141554.2 2097152
141554.2 2132480
141554.4 2097152
141554.5 2132480
141554.5 2097152
141554.6 2105728
141554.6 2097152
141554.6 2105728
141554.6 2097152
141554.6 2099712
141554.7 2097152
141554.7 2099712
141555.1 2097152
141555.3 2106240
141555.4 2097152
141555.5 2106240
141555.6 2097152
141555.6 2100352
141555.8 2097152
141555.8 2100352
141555.9 2097152
141555.9 2140672
141555.9 2097152
141556.0 2140672
141556.1 2097152
141556.2 2110592
141556.3 2097152
141556.4 2110592
141556.4 2097152
141556.5 2101120
141556.5 2097152
141556.5 2101120
141556.6 2097152
141556.6 2098336
141556.6 2097152
141556.7 2098336
141556.7 2097152
141556.8 2099904
141556.8 2097152
141556.8 2099904
141556.9 2097152
141556.9 2098272
141556.9 2097152
141557.0 2098272
141557.0 2097152
141557.0 2105472
141557.1 2097152
141557.1 2105472
141557.2 2097152
141557.2 2100224
141557.3 2097152
141557.3 2100224
141557.4 2097152
141557.4 2098240
141557.4 2097152
141557.5 2098240
141557.5 2097152
141557.5 2247168
141557.7 2097152
141557.8 2247168
141558.0 2097152
141558.0 2132736
141558.1 2097152
141558.1 2132736
141558.2 2097152
141558.2 2105088
141558.3 2097152
141558.3 2105088
141558.3 2097152
141558.4 2099520
141558.4 2097152
141558.4 2099520
141558.5 2097152
141558.5 2107008
141558.6 2097152
141558.6 2107008
141558.6 2097152
141558.7 2099648
141558.7 2097152
141558.7 2099648
141558.8 2097152
141558.8 2099584
141558.9 2097152
141558.9 2099584
141558.9 2097152
141559.0 2136576
141559.0 2097152
141559.1 2136576
141559.2 2097152
141559.2 2101632
141559.2 2097152
141559.3 2101632
141559.3 2097152
141559.4 2112384
141559.4 2097152
141559.4 2112384
141559.5 2097152
141559.5 2100736
141559.6 2097152
141559.6 2100736
141559.6 2097152
141559.7 2098528
141559.7 2097152
141559.7 2098528
141559.8 2097152
141559.8 2101184
141559.9 2097152
141559.9 2101184
141559.9 2097152
